DATE,SYMBOL,ISIN,EXCHANGE,CLOSE,DELIV_PER,DELIVERY_TURNOVER,ATW,DELIV_PER_1W,DELIV_PER_1M,DELIV_PER_3M,DELIVERY_TURNOVER_1W,DELIVERY_TURNOVER_1M,DELIVERY_TURNOVER_3M,ATW_1W,ATW_1M,ATW_3M
2025-12-24,71GS2034,IN0020240019,BSE,103.0,0.0,0.0,515.0,0.0,0.0,0.0,0.0,0.0,0.0,515.0,515.0,515.0
2025-12-19,91TB251225,IN002025X265,BSE,99.85,0.0,0.0,116.824,0.0,0.0,0.0,0.0,0.0,0.0,0.099,0.099,0.099
2025-12-24,91TB190226,IN002025X349,BSE,99.0,0.0,0.0,19.8,0.0,0.0,0.0,0.0,0.0,0.0,19.8,19.8,19.8
2025-12-24,91TB120326,IN002025X372,BSE,99.6,0.0,0.0,0.099,0.0,0.0,0.0,0.0,0.0,0.0,0.1,0.1,0.1
2025-12-23,182TB15126,IN002025Y164,BSE,98.13,0.0,0.0,9.813,0.0,0.0,0.0,0.0,0.0,0.0,9.813,9.813,9.813
2025-12-24,182TB11626,IN002025Y370,BSE,96.5,0.0,0.0,48.25,0.0,0.0,0.0,0.0,0.0,0.0,48.25,48.25,48.25
2025-12-23,364T020426,IN002025Z013,BSE,95.91,0.0,0.0,9.592,0.0,0.0,0.0,0.0,0.0,0.0,9.592,9.592,9.592
2025-12-23,364TB16726,IN002025Z161,BSE,94.35,0.0,0.0,9.435,0.0,0.0,0.0,0.0,0.0,0.0,9.435,9.435,9.435
2025-12-24,74GJ26,IN1520230146,BSE,103.2,0.0,0.0,100.483,0.0,0.0,0.0,0.0,0.0,0.0,100.483,100.483,100.483
2025-12-23,727MAHSD36,IN2220250319,BSE,102.0,0.0,0.0,0.51,0.0,0.0,0.0,0.0,0.0,0.0,0.51,0.51,0.51
2025-12-24,ANNVRPP,IN9075K01011,BSE,2.12,0.0,0.0,19.351,0.0,0.0,0.0,0.0,0.0,0.0,11.09,11.09,11.09
2025-12-24,SURAJINDPP,IN9170U01027,BSE,9.0,0.0,0.0,27.676,0.0,0.0,0.0,0.0,0.0,0.0,48.34866666666667,48.34866666666667,48.34866666666667
2025-12-26,JISLDVREQS,IN9175A01010,NSE,28.27,62.44,518726.23,840.34018,62.398,62.457142857142856,62.457142857142856,154095.918,234712.05571428573,234712.05571428573,252.206236,401.34178857142854,401.34178857142854
2025-12-24,SNLFPP,IN9201F01013,BSE,11.07,0.0,0.0,11553.407,0.0,0.0,0.0,0.0,0.0,0.0,640.8306666666666,640.8306666666666,640.8306666666666
2025-12-23,PATANGPP,IN9237C01014,BSE,8.9,0.0,0.0,16.755,0.0,0.0,0.0,0.0,0.0,0.0,4.831,4.831,4.831
2025-12-17,JMJFINPP,IN9242Q01014,BSE,3.0,0.0,0.0,1530.288,0.0,0.0,0.0,0.0,0.0,0.0,1530.288,1530.288,1530.288
2025-12-24,APLABPP,IN9273A01047,BSE,62.33,0.0,0.0,920.852,0.0,0.0,0.0,0.0,0.0,0.0,24.37833333333333,24.37833333333333,24.37833333333333
2025-12-24,YARNPP,IN9564C01011,BSE,2.81,0.0,0.0,28.75,0.0,0.0,0.0,0.0,0.0,0.0,27.11933333333333,27.11933333333333,27.11933333333333
2025-12-24,ECOPP,IN9638N01010,BSE,3.57,0.0,0.0,0.003,0.0,0.0,0.0,0.0,0.0,0.0,6.563,6.563,6.563
2025-12-24,ACESEPP,IN9849B01026,BSE,118.25,0.0,0.0,3603.773,0.0,0.0,0.0,0.0,0.0,0.0,3603.773,3603.773,3603.773
2025-12-26,KRBL,INE001B01026,NSE,404.3,55.2,57461137.5,103978.4927,43.938,44.40857142857143,44.40857142857143,52515026.54000001,44903455.05714286,44903455.05714286,128200.44478000002,107871.65259285716,107871.65259285716
2025-12-24,PREMCO,INE001E01012,BSE,434.2,0.0,0.0,559.733,0.0,0.0,0.0,0.0,0.0,0.0,813.1053333333334,813.1053333333334,813.1053333333334
2025-12-24,MDRNSTL,INE001F01019,BSE,15.23,0.0,0.0,10.11,0.0,0.0,0.0,0.0,0.0,0.0,84.50666666666666,84.50666666666666,84.50666666666666
2025-12-24,RISAINTL,INE001O01029,BSE,0.7,0.0,0.0,84.428,0.0,0.0,0.0,0.0,0.0,0.0,79.22500000000001,79.22500000000001,79.22500000000001
2025-12-26,RELIANCE,INE002A01018,NSE,1559.2,55.48,1999543027.2,3601435.3386999997,52.763999999999996,50.68571428571429,50.68571428571429,8176630170.759999,7650078425.428571,7650078425.428571,14714041.39974,14668121.329814285,14668121.329814285
2025-12-24,SOFTSOL,INE002B01016,BSE,225.8,0.0,0.0,1.13,0.0,0.0,0.0,0.0,0.0,0.0,78.67366666666668,78.67366666666668,78.67366666666668
2025-12-26,SJVN,INE002L01015,NSE,74.14,40.31,182051214.84,456610.99998,37.093999999999994,36.949999999999996,36.949999999999996,90963611.84,82525123.92571428,82525123.92571428,260554.42268400005,233718.78956714293,233718.78956714293
2025-12-26,MGL,INE002S01010,NSE,1136.6,42.78,52598438.199999996,122881.9084,49.00000000000001,47.521428571428565,47.521428571428565,85557024.26,131228167.35714285,131228167.35714285,173226.93808000002,343260.53152857145,343260.53152857145
2025-12-26,SIEMENS,INE003A01024,NSE,3100.9,55.46,394099582.8,712170.9874,54.298,55.02142857142858,55.02142857142858,631930342.64,589563451.0428572,589563451.0428572,1124834.0038200002,1045579.6818857145,1045579.6818857145
2025-12-24,INTSTOIL,INE003B01014,BSE,32.6,0.0,0.0,4.883,0.0,0.0,0.0,0.0,0.0,0.0,7.849999999999999,7.849999999999999,7.849999999999999
2025-12-24,MULLER,INE003F01015,BSE,250.0,0.0,0.0,20.647,0.0,0.0,0.0,0.0,0.0,0.0,0.97,0.97,0.97
2025-12-26,PROTEAN,INE004A01022,NSE,771.95,56.76,35735881.35,63141.865,55.652,53.31,53.31,67242596.60999998,71464193.90714285,71464193.90714285,120047.00231000001,134990.75322857144,134990.75322857144
2025-12-24,GUJCOTEX,INE004C01028,BSE,8.4,0.0,0.0,410.197,0.0,0.0,0.0,0.0,0.0,0.0,315.3523333333333,315.3523333333333,315.3523333333333
2025-12-26,AVANTEL,INE005B01027,NSE,159.95,37.01,52020378.55,141906.36504,32.16199999999999,35.40571428571428,35.40571428571428,88310442.00799999,74169965.1042857,74169965.1042857,264958.708642,215324.90797714287,215324.90797714287
2025-12-24,RTSPOWR,INE005C01017,BSE,131.15,0.0,0.0,295.629,0.0,0.0,0.0,0.0,0.0,0.0,201.26533333333336,201.26533333333336,201.26533333333336
2025-12-24,EKANSH,INE005E01013,BSE,220.05,0.0,0.0,329.886,0.0,0.0,0.0,0.0,0.0,0.0,3448.0023333333334,3448.0023333333334,3448.0023333333334
2025-12-24,DDIL,INE005G01026,BSE,6.7,0.0,0.0,49916.675,0.0,0.0,0.0,0.0,0.0,0.0,23812.83766666667,23812.83766666667,23812.83766666667
2025-12-26,AMDIND,INE005I01014,NSE,48.5,59.9,223536.5,372.20659,61.410000000000004,62.08428571428572,62.08428571428572,325246.744,262349.48285714287,262349.48285714287,522.843634,419.20968142857134,419.20968142857134
2025-12-23,KZLFIN,INE006C01015,BSE,26.5,0.0,0.0,3.744,0.0,0.0,0.0,0.0,0.0,0.0,0.549,0.549,0.549
2025-12-24,NBFOOT,INE006F01018,BSE,10.11,0.0,0.0,768.506,0.0,0.0,0.0,0.0,0.0,0.0,274.40400000000005,274.40400000000005,274.40400000000005
2025-12-26,ASTRAL,INE006I01046,NSE,1390.0,39.59,135709870.0,343404.6656,56.284000000000006,48.01571428571429,48.01571428571429,430436926.43999994,368101056.3571428,368101056.3571428,719571.34714,760171.3988428572,760171.3988428572
2025-12-23,ARVEE,INE006Z01016,NSE,245.35,39.23,4357170.649999999,11402.23582,27.756,27.756,27.756,8454288.621999998,8454288.621999998,8454288.621999998,47459.007446,47459.007446,47459.007446
2025-12-26,CRISIL,INE007A01025,NSE,4258.9,74.36,108150506.6,146553.1853,65.578,66.29142857142857,66.29142857142857,214101639.78000003,179033856.05714288,179033856.05714288,322144.55293999997,268476.7060285714,268476.7060285714
2025-12-26,GEOJITFSL,INE007B01023,NSE,76.65,43.13,16872198.0,39391.77575,33.86800000000001,28.612857142857145,28.612857142857145,32696278.392,61759068.90571429,61759068.90571429,102679.16571599999,317084.23804,317084.23804
2025-12-24,INDRANIB,INE007C01021,BSE,13.33,0.0,0.0,191.443,0.0,0.0,0.0,0.0,0.0,0.0,1563.8753333333334,1563.8753333333334,1563.8753333333334
2025-12-26,FEDFINA,INE007N01010,NSE,147.72,67.86,79025177.52,116571.27372,55.374,55.965714285714284,55.965714285714284,56361985.15800001,49848495.24,49848495.24,101905.139474,89566.18793285715,89566.18793285715
2025-12-26,IDBI,INE008A01015,NSE,101.37,42.51,282974963.22,666181.32665,36.394,36.47428571428571,36.47428571428571,272572303.716,251131414.8671429,251131414.8671429,754931.902378,693277.0991614285,693277.0991614285
2025-12-24,AIMCOPEST,INE008B01013,BSE,55.28,0.0,0.0,115.035,0.0,0.0,0.0,0.0,0.0,0.0,828.0056666666666,828.0056666666666,828.0056666666666
2025-12-24,RAYALEMA,INE008C01011,BSE,38.27,0.0,0.0,75.252,0.0,0.0,0.0,0.0,0.0,0.0,60.90533333333334,60.90533333333334,60.90533333333334
2025-12-24,TIRTPLS,INE008N01018,BSE,18.23,0.0,0.0,97.058,0.0,0.0,0.0,0.0,0.0,0.0,149.023,149.023,149.023
2025-12-26,INFY,INE009A01021,NSE,1656.1,56.63,1881909235.0,3326544.3999,55.122,53.82428571428572,53.82428571428572,11335999800.359999,9286461701.814285,9286461701.814285,17839010.27522,15093970.3271,15093970.3271
2025-12-24,SRIKPRIND,INE009C01019,BSE,23.53,0.0,0.0,166.857,0.0,0.0,0.0,0.0,0.0,0.0,140.783,140.783,140.783
2025-12-26,SVLL,INE00CE01017,NSE,700.0,80.59,133700.0,168.59395,65.208,59.57571428571429,59.57571428571429,2283411.21,1669808.9785714282,1669808.9785714282,2447.94251,1837.7605071428573,1837.7605071428573
2025-12-23,MAHIP,INE00CX01017,BSE,17.21,0.0,0.0,68.84,0.0,0.0,0.0,0.0,0.0,0.0,68.84,68.84,68.84
2025-12-26,BIKAJI,INE00E101023,NSE,749.4,55.37,40110136.199999996,72307.2954,48.202,49.19571428571428,49.19571428571428,32890115.369999997,47257946.95714285,47257946.95714285,68094.34738,95131.34839285714,95131.34839285714
2025-12-26,HARIOMPIPE,INE00EV01017,NSE,347.9,53.16,10402557.899999999,19677.157,42.59599999999999,44.505714285714284,44.505714285714284,9764058.78,9959920.671428572,9959920.671428572,22572.26278,21975.756871428574,21975.756871428574
2025-12-26,PRUDENT,INE00F201020,NSE,2588.5,49.16,15906332.5,32253.8931,50.436,56.21857142857142,56.21857142857142,81692282.2,92838108.05714285,92838108.05714285,154206.85118,151336.6155,151336.6155
2025-12-26,ACUTAAS,INE00FF01025,NSE,1652.9,54.31,223111747.8,407653.2757,57.467999999999996,56.42571428571428,56.42571428571428,166434148.72,223511264.4714286,223511264.4714286,289707.36360000004,398461.5121571429,398461.5121571429
2025-12-24,BAPACK,INE00FM01013,BSE,216.0,0.0,0.0,26.336,0.0,0.0,0.0,0.0,0.0,0.0,15.914000000000001,15.914000000000001,15.914000000000001
2025-12-24,YASHHV,INE00GK01023,BSE,427.2,0.0,0.0,15232.287,0.0,0.0,0.0,0.0,0.0,0.0,12526.104,12526.104,12526.104
2025-12-26,SWIGGY,INE00H001014,NSE,391.9,34.06,375665150.59999996,1105049.58285,56.232000000000006,56.49714285714286,56.49714285714286,5869457163.78,5490365995.5,5490365995.5,8843839.33498,8590422.153407143,8590422.153407143
2025-12-24,BNAGROCHEM,INE00HZ01011,BSE,380.7,0.0,0.0,361.667,0.0,0.0,0.0,0.0,0.0,0.0,2966.91,2966.91,2966.91
2025-12-26,OSWALSEEDS,INE00IK01029,NSE,19.68,34.47,8380570.56,24271.24358,82.64399999999999,83.59285714285714,83.59285714285714,8247995.639999999,5927869.055714285,5927869.055714285,9730.987283999999,6993.22634,6993.22634
2025-12-26,STOVEKRAFT,INE00IN01015,NSE,577.2,56.63,12533898.000000002,22338.56165,43.833999999999996,46.33714285714286,46.33714285714286,13985508.219999999,13752570.12142857,13752570.12142857,33869.02373,31370.478949999997,31370.478949999997
2025-12-24,DEEP,INE00IY01012,BSE,41.35,0.0,0.0,290.387,0.0,0.0,0.0,0.0,0.0,0.0,294.85833333333335,294.85833333333335,294.85833333333335
2025-12-26,RAJMET,INE00KV01022,NSE,3.95,72.82,1363757.25,1865.4581699999999,77.96600000000001,74.63571428571429,74.63571428571429,796553.0599999999,747310.1157142856,747310.1157142856,1041.2163240000002,1020.7210528571429,1020.7210528571429
2025-12-26,SONAMLTD,INE00LM01029,NSE,41.39,54.22,653341.15,1206.6953899999999,47.778,51.97285714285714,51.97285714285714,1327909.56,2052677.8814285717,2052677.8814285717,2841.270496,3798.196172857143,3798.196172857143
2025-12-24,CRAFTSMAN,INE00LO01017,NSE,7056.0,76.73,405416592.0,531753.298,52.508,53.731666666666676,53.731666666666676,107987717.4,104369268.33333333,104369268.33333333,198351.20690000002,189348.77525000004,189348.77525000004
2025-12-26,SWSOLAR,INE00M201021,NSE,215.66,40.4,66475038.4,166214.08484999998,33.050000000000004,33.96571428571429,33.96571428571429,96924987.26200001,89841946.76857145,89841946.76857145,299794.084412,271240.86369714286,271240.86369714286
2025-12-26,INTERARCH,INE00M901018,NSE,2341.9,56.15,67936177.10000001,121330.774,52.964,52.542857142857144,52.542857142857144,83825839.8,92991533.22857143,92991533.22857143,158637.99206,181028.95394285716,181028.95394285716
2025-12-26,DHARMAJ,INE00OQ01016,NSE,238.58,57.6,2432323.1,4230.25698,65.748,59.525714285714294,59.525714285714294,5116161.529999999,5343768.651428571,5343768.651428571,7209.3112280000005,9292.87382857143,9292.87382857143
2025-12-26,AHLADA,INE00PV01013,NSE,50.06,80.29,162494.76,203.77885999999998,69.954,71.43714285714285,71.43714285714285,270397.96400000004,221153.21285714288,221153.21285714288,386.375982,313.15333285714286,313.15333285714286
2025-12-26,STUDDS,INE00Q601028,NSE,530.9,50.1,11384619.6,22803.42275,42.958000000000006,44.02428571428572,44.02428571428572,16839866.459999997,19924187.61428571,19924187.61428571,37895.242210000004,43375.316242857145,43375.316242857145
2025-12-24,SMGOLD,INE00Q901014,BSE,11.94,0.0,0.0,125.764,0.0,0.0,0.0,0.0,0.0,0.0,105.456,105.456,105.456
2025-12-26,SGIL,INE00QT01015,NSE,512.4,65.62,12111086.4,18713.89555,70.144,67.45857142857143,67.45857142857143,2075258.0200000003,4233754.878571428,4233754.878571428,2975.4287400000003,6593.702971428573,6593.702971428573
2025-12-26,DALBHARAT,INE00R701025,NSE,2160.6,61.18,959915689.1999999,1563889.9483,44.93599999999999,48.10857142857143,48.10857142857143,190109595.36,206105853.70000002,206105853.70000002,441050.38398000004,434683.14881428576,434683.14881428576
2025-12-26,HILINFRA,INE00RL01028,NSE,57.74,51.52,4276917.28,8338.37135,47.168,52.08142857142857,52.08142857142857,6164304.102,7298557.122857143,7298557.122857143,12887.97942,13748.722078571429,13748.722078571429
2025-12-24,BRGIL,INE00ST01011,BSE,120.0,0.0,0.0,601.4,0.0,0.0,0.0,0.0,0.0,0.0,241.25,241.25,241.25
2025-12-24,BCPL,INE00SW01015,BSE,74.99,0.0,0.0,1733.601,0.0,0.0,0.0,0.0,0.0,0.0,906.4456666666665,906.4456666666665,906.4456666666665
2025-12-17,SUPERSHAKT,INE00SY01011,BSE,265.0,0.0,0.0,318.0,0.0,0.0,0.0,0.0,0.0,0.0,318.0,318.0,318.0
2025-12-24,SUDARSHAN,INE00TV01023,BSE,25.15,0.0,0.0,502.44,0.0,0.0,0.0,0.0,0.0,0.0,1899.1866666666667,1899.1866666666667,1899.1866666666667
2025-12-26,UNIECOM,INE00U401027,NSE,114.99,56.56,10042191.69,17866.3308,46.769999999999996,47.38,47.38,7972663.906,7614089.855714286,7614089.855714286,17760.647874,16573.579488571428,16573.579488571428
2025-12-26,MANORAMA,INE00VM01036,NSE,1315.2,62.01,51124454.4,82729.5432,53.342,55.37571428571429,55.37571428571429,30490745.880000003,30843646.814285714,30843646.814285714,57298.66322,55842.429814285715,55842.429814285715
2025-12-26,AFFLE,INE00WC01027,NSE,1781.9,55.28,119061212.30000001,213867.021,58.763999999999996,55.09142857142857,55.09142857142857,376726443.8,310171367.0285714,310171367.0285714,601796.8151,519312.3813571428,519312.3813571428
2025-12-24,RACONTEUR,INE00WY01013,BSE,16.5,0.0,0.0,264.0,0.0,0.0,0.0,0.0,0.0,0.0,234.872,234.872,234.872
2025-12-24,MVAF27,INE00XE07184,BSE,1846.0,0.0,0.0,558.951,0.0,0.0,0.0,0.0,0.0,0.0,50.508,50.508,50.508
2025-12-26,FLAIR,INE00Y201027,NSE,301.55,46.18,10793379.15,23387.84375,48.24,55.357142857142854,55.357142857142854,28711756.080000002,34526681.45714286,34526681.45714286,53529.8429,55539.53442857142,55539.53442857142
2025-12-26,AKG,INE00Y801016,NSE,12.57,74.18,338635.8,458.61002,82.16600000000001,85.80714285714286,85.80714285714286,556319.4739999999,502886.04999999993,502886.04999999993,673.849726,592.2974928571429,592.2974928571429
2025-12-26,ABINFRA,INE00YB01025,NSE,17.83,66.89,1673898.2299999997,2522.77169,68.364,69.19428571428571,69.19428571428571,1631913.5180000002,1639812.7314285715,1639812.7314285715,2213.42012,2232.9053785714286,2232.9053785714286
2025-12-26,JARO,INE00YJ01010,NSE,502.65,50.02,76393752.3,154954.12615,15.386000000000001,15.570000000000002,15.570000000000002,8805437.72,13838147.6,13838147.6,57298.343539999994,93084.8792642857,93084.8792642857
2025-12-26,KRITIKA,INE00Z501029,NSE,7.16,75.73,946373.0,1255.25528,80.18199999999999,77.52428571428571,77.52428571428571,748414.3700000001,676674.992857143,676674.992857143,962.84572,886.1948571428572,886.1948571428572
2025-12-26,AFSL,INE00ZE01026,NSE,201.86,51.5,166534.5,324.02275,56.944,62.88857142857143,62.88857142857143,829286.9380000001,1365310.4085714284,1365310.4085714284,1596.898506,2091.090275714286,2091.090275714286
2025-12-26,ENTERO,INE010601016,NSE,952.5,63.42,30429517.5,48315.685,60.093999999999994,60.70428571428571,60.70428571428571,41769567.32,37305617.4,37305617.4,68827.77917999998,61103.64662857143,61103.64662857143
2025-12-26,PRSMJOHNSN,INE010A01011,NSE,138.25,40.16,41658872.5,105241.68675,24.538000000000004,33.48285714285715,33.48285714285715,56537420.696,41837702.38857143,41837702.38857143,548166.918404,394168.7179014286,394168.7179014286
2025-12-26,ZYDUSLIFE,INE010B01027,NSE,911.55,51.86,144085973.85,277953.35164999997,51.21999999999999,52.358571428571416,52.358571428571416,251981762.65,268836618.0,268836618.0,496389.72627999994,522844.91322857136,522844.91322857136
2025-12-24,SWISSMLTRY,INE010C01025,BSE,20.43,0.0,0.0,3476.979,0.0,0.0,0.0,0.0,0.0,0.0,3216.9166666666665,3216.9166666666665,3216.9166666666665
2025-12-26,TEJASNET,INE010J01012,NSE,448.75,44.12,72817765.0,165079.87985,40.516,39.82857142857143,39.82857142857143,153477224.79000002,167067698.1,167067698.1,387305.3717,429263.91085000004,429263.91085000004
2025-12-24,ULTRACAB,INE010R01023,BSE,8.63,0.0,0.0,980.86,0.0,0.0,0.0,0.0,0.0,0.0,1166.2846666666667,1166.2846666666667,1166.2846666666667
2025-12-26,LTTS,INE010V01017,NSE,4518.3,47.35,93980640.0,200748.39609999998,52.972,50.894285714285715,50.894285714285715,176465032.5,146446172.08571428,146446172.08571428,331417.60586,281642.35839999997,281642.35839999997
2025-12-24,CLIOINFO,INE011B01017,BSE,6.23,0.0,0.0,165.345,0.0,0.0,0.0,0.0,0.0,0.0,147.64966666666666,147.64966666666666,147.64966666666666
2025-12-24,SHERVANI,INE011D01013,BSE,419.7,0.0,0.0,281.302,0.0,0.0,0.0,0.0,0.0,0.0,266.33,266.33,266.33
2025-12-26,BALUFORGE,INE011E01029,NSE,610.85,41.24,160022541.95000002,384672.70925,32.196,29.69,29.69,82542964.17,103830483.9857143,103830483.9857143,321047.63756999996,434628.13794999995,434628.13794999995
2025-12-26,TEGA,INE011K01018,NSE,1940.8,58.65,60378288.0,103453.7828,57.61,61.26714285714286,61.26714285714286,133936914.76000002,124439666.3714286,124439666.3714286,227993.9736,203444.3243285714,203444.3243285714
2025-12-24,ATISHAY,INE011R01013,BSE,190.15,0.0,0.0,3984.498,0.0,0.0,0.0,0.0,0.0,0.0,1235.3353333333332,1235.3353333333332,1235.3353333333332
2025-12-26,ACC,INE012A01025,NSE,1735.3,67.68,421483546.4,622550.6771,51.84000000000001,54.019999999999996,54.019999999999996,312330186.86,257829576.24285716,257829576.24285716,609960.90734,494166.72537142865,494166.72537142865
2025-12-24,DIANATEA,INE012E01035,BSE,29.25,0.0,0.0,313.682,0.0,0.0,0.0,0.0,0.0,0.0,569.583,569.583,569.583
2025-12-26,RNBDENIMS,INE012Q01021,NSE,130.48,44.46,12485500.719999999,27887.38879,56.376,48.93714285714285,48.93714285714285,1002687.2320000001,1207406.6942857143,1207406.6942857143,1747.51308,3215.89138,3215.89138
2025-12-26,KSHITIJPOL,INE013801027,NSE,2.68,55.58,489108.04000000004,890.2847399999999,54.35,60.69428571428572,60.69428571428572,729065.262,579495.4485714285,579495.4485714285,1390.9139480000001,1071.0296457142858,1071.0296457142858
2025-12-24,PANCARBON,INE013E01017,BSE,490.65,0.0,0.0,1432.355,0.0,0.0,0.0,0.0,0.0,0.0,786.0436666666666,786.0436666666666,786.0436666666666
2025-12-24,KVFORGE,INE013J01016,BSE,149.85,0.0,0.0,140.358,0.0,0.0,0.0,0.0,0.0,0.0,5935.422333333333,5935.422333333333,5935.422333333333
2025-12-26,ONESOURCE,INE013P01021,NSE,1741.0,48.4,51131429.0,104920.551,52.484,54.21714285714286,54.21714285714286,467489162.08000004,355348353.82857144,355348353.82857144,687736.1891999999,527591.9156714284,527591.9156714284
2025-12-24,SHELTER,INE013V01011,BSE,36.84,0.0,0.0,1239.12,0.0,0.0,0.0,0.0,0.0,0.0,344.01,344.01,344.01
2025-12-26,TECILCHEM,INE014B01011,NSE,18.64,93.72,36981.76,40.03696,89.00999999999999,81.83857142857143,81.83857142857143,13925.158000000001,12765.255714285715,12765.255714285715,17.335622,16.61394142857143,16.61394142857143
2025-12-24,KLRFM,INE014E01015,BSE,101.15,0.0,0.0,49.778,0.0,0.0,0.0,0.0,0.0,0.0,262.94366666666673,262.94366666666673,262.94366666666673
2025-12-24,WIMPLAST,INE015B01018,BSE,448.0,0.0,0.0,2252.978,0.0,0.0,0.0,0.0,0.0,0.0,1582.4636666666665,1582.4636666666665,1582.4636666666665
2025-12-26,TINNARUBR,INE015C01016,NSE,794.35,52.47,5424616.15,10479.5581,52.39399999999999,49.96714285714285,49.96714285714285,5579990.95,5476488.292857142,5476488.292857142,11212.13427,11488.402485714285,11488.402485714285
2025-12-26,MANAKSIA,INE015D01022,NSE,62.06,79.11,562015.36,712.9356,54.565999999999995,54.59857142857142,54.59857142857142,1450453.016,1118144.3242857142,1118144.3242857142,3037.48392,2319.4219500000004,2319.4219500000004
2025-12-24,PARAGONF,INE015E01012,BSE,51.7,0.0,0.0,2.9,0.0,0.0,0.0,0.0,0.0,0.0,1.8755,1.8755,1.8755
2025-12-19,RSCINT,INE015F01019,BSE,61.5,0.0,0.0,0.181,0.0,0.0,0.0,0.0,0.0,0.0,0.185,0.185,0.185
2025-12-26,DABUR,INE016A01026,NSE,488.2,58.94,149260803.4,254053.51925,58.998000000000005,57.55571428571428,57.55571428571428,281874169.33,280718100.23571426,280718100.23571426,470201.49063,480966.6676,480966.6676
2025-12-24,RAJINFRA,INE016C01014,BSE,4.7,0.0,0.0,0.164,0.0,0.0,0.0,0.0,0.0,0.0,0.721,0.721,0.721
2025-12-26,DNAMEDIA,INE016M01021,NSE,3.99,78.97,220730.79,277.21887,77.19800000000001,79.60142857142857,79.60142857142857,104205.936,95549.29142857142,95549.29142857142,138.68168999999997,124.61972857142857,124.61972857142857
2025-12-24,CEINSYSTECH,INE016Q01014,BSE,1065.8,0.0,0.0,302546.877,0.0,0.0,0.0,0.0,0.0,0.0,67993.27500000001,67993.27500000001,67993.27500000001
2025-12-24,ARYAN,INE016X01010,BSE,22.5,0.0,0.0,5.76,0.0,0.0,0.0,0.0,0.0,0.0,3.539333333333333,3.539333333333333,3.539333333333333
2025-12-26,GESHIP,INE017A01032,NSE,1096.7,62.83,217772815.70000002,347988.8163,53.982000000000006,56.49142857142858,56.49142857142858,144882581.94,139873906.94285715,139873906.94285715,265853.70446000004,247503.37465714288,247503.37465714288
2025-12-24,KISAN,INE017C01012,BSE,27.83,0.0,0.0,390.811,0.0,0.0,0.0,0.0,0.0,0.0,704.2736666666666,704.2736666666666,704.2736666666666
2025-12-24,INTECCAP,INE017E01018,BSE,14.49,0.0,0.0,5.573,0.0,0.0,0.0,0.0,0.0,0.0,30.549000000000003,30.549000000000003,30.549000000000003
2025-12-24,SERA,INE017I01027,BSE,39.06,0.0,0.0,2813.541,0.0,0.0,0.0,0.0,0.0,0.0,4414.889666666666,4414.889666666666,4414.889666666666
2025-12-24,ZMULTIPU,INE017P01014,BSE,10.8,0.0,0.0,18.476,0.0,0.0,0.0,0.0,0.0,0.0,1.0270000000000001,1.0270000000000001,1.0270000000000001
2025-12-26,SMLT,INE017W01010,NSE,88.14,39.55,846144.0,2127.31372,49.882000000000005,48.11428571428572,48.11428571428572,1484775.4980000001,1191979.0985714286,1191979.0985714286,2928.5473599999996,2501.94729,2501.94729
2025-12-26,SUVIDHAA,INE018401013,NSE,3.68,86.53,452838.72000000003,520.19745,73.74600000000001,76.20857142857143,76.20857142857143,209907.67200000002,183977.13714285716,183977.13714285716,287.97829,247.60660428571433,247.60660428571433
2025-12-26,LT,INE018A01030,NSE,4047.3,61.22,1472687003.7,2401529.1624000003,53.508,56.56,56.56,2605165352.4,3128873707.914286,3128873707.914286,4867717.50404,5383773.428642856,5383773.428642856
2025-12-26,SBICARD,INE018E01016,NSE,864.6,69.75,1173157583.4,1690944.4208,56.372,55.16714285714285,55.16714285714285,467269555.46999997,440560973.29285717,440560973.29285717,809726.77209,782475.5901714285,782475.5901714285
2025-12-24,RFLL,INE018S01016,BSE,20.2,0.0,0.0,865.682,0.0,0.0,0.0,0.0,0.0,0.0,561.5786666666667,561.5786666666667,561.5786666666667
2025-12-26,JSWSTEEL,INE019A01038,NSE,1094.4,54.54,786306700.8000001,1436321.2502000001,49.153999999999996,52.25714285714285,52.25714285714285,541464194.56,737857059.7142857,737857059.7142857,1101977.7377999998,1373364.4832571428,1373364.4832571428
2025-12-24,TRANSCHEM,INE019B01010,BSE,171.67,0.0,0.0,765.304,0.0,0.0,0.0,0.0,0.0,0.0,4498.609333333334,4498.609333333334,4498.609333333334
2025-12-26,HSCL,INE019C01026,NSE,482.55,36.13,197335444.65,552326.623,40.82600000000001,42.62428571428571,42.62428571428571,189604150.45,169701550.16428572,169701550.16428572,456867.46599000006,400237.2087214286,400237.2087214286
2025-12-24,MAHAVEER,INE019D01016,BSE,10.3,0.0,0.0,10.3,0.0,0.0,0.0,0.0,0.0,0.0,22.712,22.712,22.712
2025-12-26,SASTASUNDR,INE019J01013,NSE,301.25,80.7,955866.25,1187.1528,65.43999999999998,65.41999999999999,65.41999999999999,1242179.5100000002,1004083.9642857144,1004083.9642857144,1788.2994800000001,1457.5306428571428,1457.5306428571428
2025-12-26,STANLEY,INE01A001028,NSE,202.36,53.45,22728872.84,43012.88803,60.36800000000001,61.714285714285715,61.714285714285715,12391497.428,14140973.552857144,14140973.552857144,20043.96492,22386.109474285713,22386.109474285713
2025-12-19,RANJEET,INE01A501027,BSE,7.65,0.0,0.0,122.4,0.0,0.0,0.0,0.0,0.0,0.0,122.4,122.4,122.4
2025-12-24,ASRL,INE01B501018,BSE,8.7,0.0,0.0,191.008,0.0,0.0,0.0,0.0,0.0,0.0,253.6626666666667,253.6626666666667,253.6626666666667
2025-12-26,AWHCL,INE01BK01022,NSE,510.25,33.32,32350360.25,97712.0086,10.325999999999999,21.547142857142855,21.547142857142855,183662693.74,133701357.96428572,133701357.96428572,3192337.0031399997,2285290.983578571,2285290.983578571
2025-12-24,NSL,INE01BL01012,BSE,148.05,0.0,0.0,1680.469,0.0,0.0,0.0,0.0,0.0,0.0,2203.2853333333337,2203.2853333333337,2203.2853333333337
2025-12-24,MACIND,INE01BT01015,BSE,241.75,0.0,0.0,0.241,0.0,0.0,0.0,0.0,0.0,0.0,2.3325,2.3325,2.3325
2025-12-26,AARTECH,INE01C001026,NSE,49.14,56.52,1697393.8800000001,3061.8826099999997,52.50599999999999,54.707142857142856,54.707142857142856,1475855.082,1238197.7385714285,1238197.7385714285,3158.1100020000003,2553.529648571429,2553.529648571429
2025-12-24,12ICLFL26,INE01CY077B7,BSE,1052.04,0.0,0.0,3.156,0.0,0.0,0.0,0.0,0.0,0.0,3.156,3.156,3.156
2025-12-17,125ICLFL28,INE01CY077E1,BSE,1152.0,0.0,0.0,1.152,0.0,0.0,0.0,0.0,0.0,0.0,1.152,1.152,1.152
2025-12-23,ICLFLZC29,INE01CY077K8,BSE,1255.0,0.0,0.0,60.272,0.0,0.0,0.0,0.0,0.0,0.0,6.3,6.3,6.3
2025-12-23,ICLFL27125,INE01CY079E7,BSE,1077.5,0.0,0.0,21.55,0.0,0.0,0.0,0.0,0.0,0.0,21.55,21.55,21.55
2025-12-23,ICLF160525,INE01CY079K4,BSE,1025.1,0.0,0.0,15.376,0.0,0.0,0.0,0.0,0.0,0.0,15.376,15.376,15.376
2025-12-19,11ICLFL26B,INE01CY079N8,BSE,995.0,0.0,0.0,10.945,0.0,0.0,0.0,0.0,0.0,0.0,10.945,10.945,10.945
2025-12-23,IFL200828C,INE01CY079Z2,BSE,920.0,0.0,0.0,27.46,0.0,0.0,0.0,0.0,0.0,0.0,19.345,19.345,19.345
2025-12-19,12IFL30,INE01CYA7047,BSE,1000.0,0.0,0.0,10.0,0.0,0.0,0.0,0.0,0.0,0.0,32.024,32.024,32.024
2025-12-24,IFL200825,INE01CYA7054,BSE,998.0,0.0,0.0,35.928,0.0,0.0,0.0,0.0,0.0,0.0,16.343666666666667,16.343666666666667,16.343666666666667
2025-12-24,ICL021225,INE01CYA7138,BSE,905.01,0.0,0.0,9.945,0.0,0.0,0.0,0.0,0.0,0.0,6.722666666666666,6.722666666666666,6.722666666666666
2025-12-24,ICLF021225,INE01CYA7146,BSE,988.67,0.0,0.0,119.572,0.0,0.0,0.0,0.0,0.0,0.0,229.96133333333333,229.96133333333333,229.96133333333333
2025-12-24,12ICLFL30,INE01CYA7161,BSE,967.5,0.0,0.0,216.722,0.0,0.0,0.0,0.0,0.0,0.0,147.2015,147.2015,147.2015
2025-12-26,VMM,INE01EA01019,NSE,136.26,58.0,395866231.02,680569.43276,59.574,58.58857142857143,58.58857142857143,690339629.362,665928711.4157143,665928711.4157143,1184303.139178,1154450.4724857141,1154450.4724857141
2025-12-26,BBTCL,INE01EE01011,NSE,191.27,65.57,170804.11000000002,259.03986,70.832,69.50571428571428,69.50571428571428,506424.8340000001,605737.7314285714,605737.7314285714,683.8605500000001,843.8182885714286,843.8182885714286
2025-12-26,RITCO,INE01EG01016,NSE,270.75,52.11,5631058.5,10865.4499,44.848,48.41142857142857,48.41142857142857,4982740.24,4303825.407142857,4303825.407142857,13024.11966,10611.013092857143,10611.013092857143
2025-12-26,SPECTRUM,INE01EO01010,NSE,1209.4,65.0,172944.2,266.31140000000005,38.922,46.33142857142856,46.33142857142856,1087169.52,1065756.4142857143,1065756.4142857143,3113.2451,2687.259114285714,2687.259114285714
2025-12-26,STYLEBAAZA,INE01FR01028,NSE,272.95,49.94,11506480.2,23280.019399999997,59.459999999999994,56.315714285714286,56.315714285714286,38102907.11,30264556.171428572,30264556.171428572,61600.802599999995,50270.728971428565,50270.728971428565
2025-12-26,IRISDOREME,INE01GN01025,NSE,37.99,20.45,3510883.8400000003,17047.24205,33.053999999999995,34.76571428571428,34.76571428571428,10257256.074000001,9161383.23,9161383.23,28870.527668000002,25648.431014285718,25648.431014285718
2025-12-23,DGL,INE01GR01018,BSE,2.16,0.0,0.0,4.32,0.0,0.0,0.0,0.0,0.0,0.0,11.16,11.16,11.16
2025-12-24,CHANDNIMACH,INE01GZ01011,BSE,79.94,0.0,0.0,3580.161,0.0,0.0,0.0,0.0,0.0,0.0,2010.2169999999999,2010.2169999999999,2010.2169999999999
2025-12-24,11KAFL26,INE01I507471,BSE,1005.0,0.0,0.0,10.05,0.0,0.0,0.0,0.0,0.0,0.0,10.1,10.1,10.1
2025-12-24,95KAFL26,INE01I507AN1,BSE,965.19,0.0,0.0,57.913,0.0,0.0,0.0,0.0,0.0,0.0,211.4535,211.4535,211.4535
2025-12-19,KAFL280725,INE01I507AW2,BSE,980.0,0.0,0.0,59.78,0.0,0.0,0.0,0.0,0.0,0.0,59.78,59.78,59.78
2025-12-24,KAF161225A,INE01I507AX0,BSE,929.01,0.0,0.0,10.183,0.0,0.0,0.0,0.0,0.0,0.0,30.011,30.011,30.011
2025-12-24,KAFL161225,INE01I507AZ5,BSE,995.0,0.0,0.0,19.9,0.0,0.0,0.0,0.0,0.0,0.0,29.9,29.9,29.9
2025-12-26,SILGO,INE01II01013,NSE,80.14,23.49,7061776.5200000005,28912.69435,6.956,7.42,7.42,1520908.9600000002,1585370.4814285715,1585370.4814285715,22157.39914,21684.59251142857,21684.59251142857
2025-12-26,SKYGOLD,INE01IU01018,NSE,332.95,51.13,40925548.1,80014.60429999999,49.962,48.21714285714285,48.21714285714285,63749708.970000006,55584632.10714286,55584632.10714286,126620.29877999998,113392.86980714285,113392.86980714285
2025-12-24,SHUBHAM,INE01J501010,BSE,61.48,0.0,0.0,720.19,0.0,0.0,0.0,0.0,0.0,0.0,1074.1116666666667,1074.1116666666667,1074.1116666666667
2025-12-26,MARINE,INE01JE01028,NSE,216.24,46.48,25450150.560000002,54646.80476,43.174,47.38428571428572,47.38428571428572,24828421.417999998,23128993.87142857,23128993.87142857,62757.716172,54150.55208714285,54150.55208714285
2025-12-24,HARISH,INE01K301012,BSE,62.81,0.0,0.0,60.457,0.0,0.0,0.0,0.0,0.0,0.0,199.75066666666666,199.75066666666666,199.75066666666666
2025-12-26,VINNY,INE01KI01027,NSE,1.27,75.76,2753467.95,3539.058,78.162,78.77428571428571,78.77428571428571,855308.1880000001,722669.0628571429,722669.0628571429,1020.610954,869.0362871428572,869.0362871428572
2025-12-26,SRD,INE01NE01012,NSE,68.19,71.03,1894659.15,2688.39485,78.01,74.55,74.55,4018278.0340000005,3041957.745714286,3041957.745714286,5113.45852,3912.2550499999998,3912.2550499999998
2025-12-26,EMUDHRA,INE01QM01018,NSE,601.35,49.26,14140143.9,28634.995300000002,48.688,52.424285714285716,52.424285714285716,9615252.08,10825585.707142856,10825585.707142856,19742.62644,20516.253721428573,20516.253721428573
2025-12-26,VIKRAN,INE01R501028,NSE,100.75,13.73,457730724.75,3343195.2586999997,28.082,31.882857142857144,31.882857142857144,199452369.57,178218485.75714284,178218485.75714284,1530011.8295459999,1179403.8684642857,1179403.8684642857
2025-12-24,BOMOXY-B1,INE01TL01014,BSE,23300.0,0.0,0.0,46.502,0.0,0.0,0.0,0.0,0.0,0.0,69.599,69.599,69.599
2025-12-26,CANHLIFE,INE01TY01017,NSE,151.64,45.32,362597625.35999995,802744.4157799999,49.586,54.81142857142857,54.81142857142857,271328782.23599994,243267172.88142854,243267172.88142854,617587.810714,508386.52338,508386.52338
2025-12-26,SPENCERS,INE020801028,NSE,42.03,63.58,879309.63,1390.372,59.251999999999995,58.74857142857143,58.74857142857143,1220439.3360000001,1112078.2900000003,1112078.2900000003,2020.251238,1844.7485271428573,1844.7485271428573
2025-12-26,RECLTD,INE020B01018,NSE,357.1,46.96,883943199.8000001,1888001.6952,47.778000000000006,50.80857142857143,50.80857142857143,840311375.45,906052869.1642857,906052869.1642857,1787733.3965,1793511.1783,1793511.1783
2025-12-26,BAIDFIN,INE020D01022,NSE,11.61,55.4,393753.14999999997,717.52826,62.278,58.24285714285714,58.24285714285714,1350759.764,1978731.44,1978731.44,2211.3798880000004,3707.241442857143,3707.241442857143
2025-12-26,INSPIRISYS,INE020G01017,NSE,88.35,80.62,354195.14999999997,442.61634999999995,74.006,76.87571428571428,76.87571428571428,405994.076,476208.0,476208.0,510.240684,579.2985714285714,579.2985714285714
2025-12-26,GOKUL,INE020J01029,NSE,38.46,82.21,590399.46,718.67205,66.702,67.48714285714286,67.48714285714286,751487.098,675919.35,675919.35,1138.9584060000002,1020.6975028571429,1020.6975028571429
2025-12-24,GALXBRG,INE020S01012,BSE,491.7,0.0,0.0,1684.741,0.0,0.0,0.0,0.0,0.0,0.0,2598.035,2598.035,2598.035
2025-12-26,ASIANPAINT,INE021A01026,NSE,2746.5,57.26,836806366.5,1466757.5755999999,54.15599999999999,56.625714285714274,56.625714285714274,2204253461.54,1960701448.1857145,1960701448.1857145,3199218.6127600004,2904192.935485714,2904192.935485714
2025-12-24,ARIGATO,INE021N01011,BSE,54.16,0.0,0.0,8.483,0.0,0.0,0.0,0.0,0.0,0.0,401.403,401.403,401.403
2025-12-26,DODLA,INE021O01019,NSE,1225.4,59.31,24496971.400000002,41232.626,55.374,59.627142857142864,59.627142857142864,27765292.919999998,40546522.885714285,40546522.885714285,46953.93418,59780.88471428572,59780.88471428572
2025-12-26,ASIANTILES,INE022I01019,NSE,76.32,43.83,109067461.91999999,248632.35131,42.06,44.41285714285714,44.41285714285714,180243801.538,154055442.01142856,154055442.01142856,447124.6430360001,370747.52864857146,370747.52864857146
2025-12-26,IEX,INE022Q01020,NSE,135.36,36.32,700568403.84,1934118.2221,43.14,43.82857142857143,43.82857142857143,203776844.594,193480634.5557143,193480634.5557143,457884.3975719999,429545.5999128571,429545.5999128571
2025-12-26,NSIL,INE023A01030,NSE,6547.5,56.6,10364692.5,18283.175,63.944,65.25285714285715,65.25285714285715,12195071.8,12541222.07142857,12541222.07142857,19266.841,19291.713357142853,19291.713357142853
2025-12-24,ACEMEN,INE023R01018,BSE,96.0,0.0,0.0,1.74,0.0,0.0,0.0,0.0,0.0,0.0,130.33233333333334,130.33233333333334,130.33233333333334
2025-12-26,AEROFLEX,INE024001021,NSE,201.07,34.78,66936806.21,195802.72768,23.816,29.75,29.75,176803797.01599997,134210788.18571426,134210788.18571426,1566355.268202,1137337.559867143,1137337.559867143
2025-12-24,JOINDRE,INE024B01010,BSE,48.07,0.0,0.0,250.383,0.0,0.0,0.0,0.0,0.0,0.0,119.26666666666667,119.26666666666667,119.26666666666667
2025-12-26,PRUDMOULI,INE024D01016,NSE,21.83,89.7,355938.14999999997,398.62431,72.768,70.89428571428572,70.89428571428572,306379.506,228946.07,228946.07,414.72417800000005,313.0143628571428,313.0143628571428
2025-12-26,SHILCTECH,INE024F01011,NSE,3944.3,54.55,16021746.600000001,29618.484800000002,62.488000000000014,60.768571428571434,60.768571428571434,43354405.68,35515476.31428571,35515476.31428571,62417.969039999996,52634.93815714285,52634.93815714285
2025-12-26,GRAVITA,INE024L01027,NSE,1875.4,37.76,254906243.4,678594.6387,49.632,49.790000000000006,49.790000000000006,197010513.9,186893120.52857143,186893120.52857143,385372.79694,365453.7330428571,365453.7330428571
2025-12-26,CONSOFINVT,INE025A01027,NSE,169.68,58.18,325276.56,556.88215,54.986000000000004,59.92285714285714,59.92285714285714,488678.5660000001,611483.39,611483.39,944.3941039999997,1062.1428257142854,1062.1428257142854
2025-12-26,GOLDIAM,INE025B01025,NSE,360.65,52.11,41292621.75,79550.8777,46.994,47.471428571428575,47.471428571428575,36115079.739999995,32614633.314285714,32614633.314285714,76663.11069,68825.47284285714,68825.47284285714
2025-12-24,HEERAISP,INE025D01013,BSE,8.25,0.0,0.0,1.123,0.0,0.0,0.0,0.0,0.0,0.0,25.011,25.011,25.011
2025-12-26,ARTEMISMED,INE025R01021,NSE,275.25,61.51,7907932.5,12841.6215,57.036,60.547142857142866,60.547142857142866,19249029.05,21129608.88571429,21129608.88571429,32840.95222,34046.47622857143,34046.47622857143
2025-12-26,GSFC,INE026A01025,NSE,177.94,41.26,42657734.14,103529.14495,51.56400000000001,49.382857142857155,49.382857142857155,63093764.892,64738686.86428571,64738686.86428571,121415.00599,134986.8102642857,134986.8102642857
2025-12-24,NDASEC,INE026C01013,BSE,34.36,0.0,0.0,691.28,0.0,0.0,0.0,0.0,0.0,0.0,791.7673333333333,791.7673333333333,791.7673333333333
2025-12-24,LOTUSCHO,INE026D01011,BSE,829.8,0.0,0.0,1976.159,0.0,0.0,0.0,0.0,0.0,0.0,2854.73,2854.73,2854.73
2025-12-24,BHAGWOX,INE026I01010,BSE,44.54,0.0,0.0,28.809,0.0,0.0,0.0,0.0,0.0,0.0,101.93766666666666,101.93766666666666,101.93766666666666
2025-12-24,TILAK,INE026L01022,BSE,1.8,0.0,0.0,5843.753,0.0,0.0,0.0,0.0,0.0,0.0,3051.530666666667,3051.530666666667,3051.530666666667
2025-12-24,TILAK-RE2,INE026L20048,BSE,0.57,0.0,0.0,915.962,0.0,0.0,0.0,0.0,0.0,0.0,915.962,915.962,915.962
2025-12-26,RCF,INE027A01015,NSE,141.89,31.74,57099231.91,180686.68166,37.158,35.432857142857145,35.432857142857145,48566861.63599999,56239313.529999994,56239313.529999994,134471.32852,185132.2758342857,185132.2758342857
2025-12-24,NETTLINX,INE027D01019,BSE,18.59,0.0,0.0,190.158,0.0,0.0,0.0,0.0,0.0,0.0,59.519,59.519,59.519
2025-12-24,CMXLTD,INE027F01014,BSE,50.94,0.0,0.0,443.254,0.0,0.0,0.0,0.0,0.0,0.0,798.6160000000001,798.6160000000001,798.6160000000001
2025-12-26,MAXHEALTH,INE027H01010,NSE,1074.3,63.18,859545281.4,1359247.0374,58.25600000000001,59.80428571428571,59.80428571428571,1629820602.28,1697192903.3714283,1697192903.3714283,2737042.38442,2810298.211757143,2810298.211757143
2025-12-26,RUDRA,INE027T01023,NSE,25.6,59.87,369792.0,622.85413,29.516000000000002,29.516000000000002,29.516000000000002,1826600.152,1826600.152,1826600.152,6046.223554,6046.223554,6046.223554
2025-12-26,BANKBARODA,INE028A01039,NSE,288.2,51.11,512776103.4,1005802.7572,54.59000000000001,55.65857142857144,55.65857142857144,811917241.74,1057334396.3500001,1057334396.3500001,1497750.63089,1869653.262685714,1869653.262685714
2025-12-26,BPCL,INE029A01011,NSE,366.0,48.46,531717114.0,1093480.28405,51.05800000000001,51.41285714285714,51.41285714285714,774487223.54,861985958.7214285,861985958.7214285,1471853.37409,1639830.6219285715,1639830.6219285715
2025-12-24,COSYN,INE029B01019,BSE,22.85,0.0,0.0,94.293,0.0,0.0,0.0,0.0,0.0,0.0,136.10233333333335,136.10233333333335,136.10233333333335
2025-12-24,SUJALA,INE029H01016,BSE,71.87,0.0,0.0,2122.973,0.0,0.0,0.0,0.0,0.0,0.0,4125.716666666666,4125.716666666666,4125.716666666666
2025-12-26,KICL,INE029L01018,NSE,4916.0,56.46,3608344.0,6390.755,61.626,61.14,61.14,7394633.4,6168247.0,6168247.0,10591.8902,9053.125142857143,9053.125142857143
2025-12-26,ROSSARI,INE02A801020,NSE,575.6,67.44,9998172.0,14852.1645,56.614,57.86,57.86,10742316.49,10135550.935714286,10135550.935714286,17935.93136,16852.367378571427,16852.367378571427
2025-12-23,RONI,INE02AP01013,BSE,52.45,0.0,0.0,472.068,0.0,0.0,0.0,0.0,0.0,0.0,1458.72,1458.72,1458.72
2025-12-26,ANMOL,INE02AR01019,NSE,13.87,54.93,213528.65,389.79025,68.88,73.20285714285714,73.20285714285714,343846.566,348409.25,348409.25,570.074166,530.2119785714285,530.2119785714285
2025-12-24,ARL,INE02GA01012,BSE,441.9,0.0,0.0,8133.553,0.0,0.0,0.0,0.0,0.0,0.0,7023.676666666666,7023.676666666666,7023.676666666666
2025-12-26,NOVAAGRI,INE02H701025,NSE,38.89,82.14,1895148.59,2312.5403199999996,72.672,69.92714285714285,69.92714285714285,2285167.024,2600095.7,2600095.7,3120.257958,3764.779742857143,3764.779742857143
2025-12-26,RAYMONDLSL,INE02ID01020,NSE,1006.6,44.14,55474732.6,126159.7645,44.84,45.598571428571425,45.598571428571425,51210048.42,51703314.35714286,51703314.35714286,110140.75461999999,110582.16162857143,110582.16162857143
2025-12-26,AZAD,INE02IJ01035,NSE,1645.5,46.46,40558284.0,87861.67779999999,48.038,48.89142857142857,48.89142857142857,122010296.97999999,99655694.55714285,99655694.55714285,258502.63656,209132.62208571428,209132.62208571428
2025-12-26,BOROSCI,INE02L001032,NSE,118.18,66.92,2920464.16,4358.761,65.808,66.58857142857144,66.58857142857144,3317168.1859999998,2942267.2814285713,2942267.2814285713,5171.4218120000005,4541.030452857143,4541.030452857143
2025-12-26,FINOPB,INE02NC01014,NSE,252.65,43.55,12287885.4,28259.753149999997,44.013999999999996,42.402857142857144,42.402857142857144,21082411.3,23581827.10714286,23581827.10714286,47618.755150000005,56706.99042857143,56706.99042857143
2025-12-24,HBEL,INE02PC01027,BSE,24.0,0.0,0.0,30.0,0.0,0.0,0.0,0.0,0.0,0.0,30.0,30.0,30.0
2025-12-26,BOROLTD,INE02PY01013,NSE,283.55,64.8,9665935.950000001,15022.392699999999,56.278,61.378571428571426,61.378571428571426,12123265.559999999,15830211.52142857,15830211.52142857,21414.81139,24777.094285714287,24777.094285714287
2025-12-26,FIRSTCRY,INE02RE01045,NSE,285.2,30.73,180090110.4,588085.42125,41.958,44.93857142857143,44.93857142857143,144657813.04000002,153314717.7857143,153314717.7857143,345946.03755,340439.89592857147,340439.89592857147
2025-12-26,WEL,INE02WG01024,NSE,152.67,57.67,20513199.209999997,34858.97165,53.818000000000005,52.01285714285715,52.01285714285715,30583797.142,25451160.728571426,25451160.728571426,78067.189114,63377.209749999995,63377.209749999995
2025-12-24,HINDAPL,INE02XD01011,BSE,126.15,0.0,0.0,2.523,0.0,0.0,0.0,0.0,0.0,0.0,14.119,14.119,14.119
2025-12-26,EMIL,INE02YR01019,NSE,103.3,50.83,32260796.599999998,63862.69592,50.808,51.534285714285716,51.534285714285716,48179480.034,41081297.644285716,41081297.644285716,96645.83332,82133.93258285713,82133.93258285713
2025-12-26,CORONA,INE02ZQ01018,NSE,1364.7,34.07,62552389.2,182349.0095,23.222,21.451428571428572,21.451428571428572,98699993.5,214654580.42857143,214654580.42857143,452068.36704000004,1209453.277757143,1209453.277757143
2025-12-26,HINDUNILVR,INE030A01027,NSE,2285.4,69.65,849471753.0,1218616.7154,58.936,59.534285714285716,59.534285714285716,1285824441.02,1322569914.1142857,1322569914.1142857,2161909.84674,2217957.030428571,2217957.030428571
2025-12-24,ANSALBU,INE030C01015,BSE,118.4,0.0,0.0,113.037,0.0,0.0,0.0,0.0,0.0,0.0,101.29333333333334,101.29333333333334,101.29333333333334
2025-12-24,ALSL,INE030P01017,BSE,53.36,0.0,0.0,1037.089,0.0,0.0,0.0,0.0,0.0,0.0,1790.929666666667,1790.929666666667,1790.929666666667
2025-12-24,EMERALD,INE030Q01015,BSE,77.32,0.0,0.0,5080.161,0.0,0.0,0.0,0.0,0.0,0.0,2055.5686666666666,2055.5686666666666,2055.5686666666666
2025-12-24,TEJNAKSH,INE030T01027,BSE,15.3,0.0,0.0,242.05,0.0,0.0,0.0,0.0,0.0,0.0,45.016333333333336,45.016333333333336,45.016333333333336
2025-12-19,KDML,INE030U01025,BSE,132.9,0.0,0.0,318.96,0.0,0.0,0.0,0.0,0.0,0.0,318.96,318.96,318.96
2025-12-26,HUDCO,INE031A01017,NSE,221.63,32.96,437911846.46999997,1322709.75145,31.668,33.45,33.45,195422502.468,181969825.5457143,181969825.5457143,605595.1101800001,546396.0287114286,546396.0287114286
2025-12-24,876HUDCO34,INE031A07980,BSE,1305.0,0.0,0.0,1044.0,0.0,0.0,0.0,0.0,0.0,0.0,1455.27,1455.27,1455.27
2025-12-19,898HUDCO29,INE031A07AG1,BSE,1150.0,0.0,0.0,74.475,0.0,0.0,0.0,0.0,0.0,0.0,74.475,74.475,74.475
2025-12-23,896HUDCO34,INE031A07AH9,BSE,1395.0,0.0,0.0,25.287,0.0,0.0,0.0,0.0,0.0,0.0,429.296,429.296,429.296
2025-12-24,727HUDCO26,INE031A07AN7,BSE,1060.0,0.0,0.0,53.0,0.0,0.0,0.0,0.0,0.0,0.0,97.888,97.888,97.888
2025-12-26,AJANTPHARM,INE031B01049,NSE,2681.6,36.24,49000876.8,136179.1165,53.522000000000006,55.0,55.0,287983146.52000004,218652681.0857143,218652681.0857143,795516.46222,590296.9477142857,590296.9477142857
2025-12-24,OPTIFIN,INE031G01022,BSE,19.76,0.0,0.0,7107.423,0.0,0.0,0.0,0.0,0.0,0.0,11008.182333333332,11008.182333333332,11008.182333333332
2025-12-26,BOMDYEING,INE032A01023,NSE,129.72,41.86,22846675.56,54950.23664,42.778000000000006,40.364285714285714,40.364285714285714,29138393.716000002,32227200.610000003,32227200.610000003,67913.90212999999,94246.93048142856,94246.93048142856
2025-12-26,PRIMESECU,INE032B01021,NSE,280.6,65.95,14405162.200000001,22261.3969,53.012,55.94,55.94,6145568.59,6357276.392857143,6357276.392857143,11756.724259999999,11447.214085714284,11447.214085714284
2025-12-24,ARYAMAN,INE032E01017,BSE,674.0,0.0,0.0,69.996,0.0,0.0,0.0,0.0,0.0,0.0,173.80766666666668,173.80766666666668,173.80766666666668
2025-12-26,BSHSL,INE032Z01020,NSE,110.58,23.96,5823253.38,25315.88489,50.352000000000004,53.53285714285715,53.53285714285715,2744406.786,2093013.5542857142,2093013.5542857142,22441.192290000003,16244.426778571431,16244.426778571431
2025-12-24,ELNET,INE033C01019,BSE,350.75,0.0,0.0,364.377,0.0,0.0,0.0,0.0,0.0,0.0,129.41933333333336,129.41933333333336,129.41933333333336
2025-12-24,MIDEASTP,INE033E01015,BSE,18.55,0.0,0.0,11.289,0.0,0.0,0.0,0.0,0.0,0.0,25.593999999999998,25.593999999999998,25.593999999999998
2025-12-26,ARVIND,INE034A01011,NSE,310.5,51.92,39784365.0,76778.68985,45.656000000000006,46.697142857142865,46.697142857142865,36683784.65,36648879.83571429,36648879.83571429,78569.25422999999,76478.03150714285,76478.03150714285
2025-12-24,GUJCRED,INE034B01019,BSE,27.3,0.0,0.0,0.371,0.0,0.0,0.0,0.0,0.0,0.0,3.373999999999999,3.373999999999999,3.373999999999999
2025-12-26,PTL,INE034D01049,NSE,39.48,76.77,1532889.96,2018.54245,62.732000000000006,66.30571428571429,66.30571428571429,1135578.788,971582.1157142855,971582.1157142855,1805.0035560000001,1502.2152814285714,1502.2152814285714
2025-12-24,TCMLMTD,INE034F01010,BSE,63.3,0.0,0.0,87.852,0.0,0.0,0.0,0.0,0.0,0.0,114.74399999999999,114.74399999999999,114.74399999999999
2025-12-26,ARVSMART,INE034S01021,NSE,600.25,50.33,5597331.25,11128.1322,46.824,41.91428571428571,41.91428571428571,10335362.330000002,12259541.621428574,12259541.621428574,22645.08385,34891.11002142857,34891.11002142857
2025-12-26,AERONEU,INE035801013,NSE,75.96,18.51,211928.4,1169.20501,25.218,28.898571428571433,28.898571428571433,776462.44,1119997.9228571428,1119997.9228571428,2433.170514,3139.6693085714282,3139.6693085714282
2025-12-26,SOTL,INE035D01020,NSE,390.8,54.66,3574256.8000000003,6540.9248,56.048,58.21714285714285,58.21714285714285,7920215.6,6485817.992857143,6485817.992857143,14076.687020000001,11364.764278571429,11364.764278571429
2025-12-24,POEL,INE035S01028,BSE,209.9,0.0,0.0,19231.106,0.0,0.0,0.0,0.0,0.0,0.0,10499.127666666665,10499.127666666665,10499.127666666665
2025-12-26,GAEL,INE036B01030,NSE,125.74,43.34,59092267.44,137039.11645,49.285999999999994,47.192857142857136,47.192857142857136,58879770.28599999,47449453.0842857,47449453.0842857,122224.20188,100088.01781285714,100088.01781285714
2025-12-26,KARURVYSYA,INE036D01028,NSE,262.81,22.53,894711940.86,3996869.90342,52.95799999999999,53.568571428571424,53.568571428571424,167985083.98400003,171561380.40428573,171561380.40428573,309680.742678,313866.82809142856,313866.82809142856
2025-12-26,UNIENTER,INE037A01022,NSE,143.02,60.37,438928.38,727.79417,70.16199999999999,73.21857142857142,73.21857142857142,480676.63,462787.0071428571,462787.0071428571,654.390426,609.2759214285715,609.2759214285715
2025-12-24,SHARDUL,INE037B01020,BSE,34.94,0.0,0.0,150.189,0.0,0.0,0.0,0.0,0.0,0.0,89.01533333333333,89.01533333333333,89.01533333333333
2025-12-24,PHYTO,INE037C01010,BSE,29.46,0.0,0.0,23.689,0.0,0.0,0.0,0.0,0.0,0.0,21.333333333333332,21.333333333333332,21.333333333333332
2025-12-26,CEWATER,INE037Z01029,NSE,449.75,47.15,2707944.75,5722.11725,58.27199999999999,50.497142857142855,50.497142857142855,6272311.05,6773081.25,6773081.25,11065.179279999998,16200.415985714282,16200.415985714282
2025-12-26,HINDALCO,INE038A01020,NSE,872.9,34.6,705161790.1999999,2027962.16025,58.124,57.40571428571428,57.40571428571428,2345570762.51,2077206468.557143,2077206468.557143,3987039.0266199997,3568068.7303285715,3568068.7303285715
2025-12-24,SVCIND,INE038B01010,BSE,3.21,0.0,0.0,72.001,0.0,0.0,0.0,0.0,0.0,0.0,64.14533333333333,64.14533333333333,64.14533333333333
2025-12-26,TVTODAY,INE038F01029,NSE,141.78,52.11,13707290.4,26351.214399999997,76.71000000000001,72.73285714285714,72.73285714285714,15521728.035999998,11483193.525714284,11483193.525714284,16991.384106,12765.896561428572,12765.896561428572
2025-12-26,IFCI,INE039A01010,NSE,53.42,24.21,156316001.4,650987.40317,29.758000000000003,35.10285714285715,35.10285714285715,111265519.154,93353452.69571428,93353452.69571428,639028.5583520001,485922.54482857144,485922.54482857144
2025-12-26,CINEVISTA,INE039B01026,NSE,15.26,71.67,25285.82,35.306400000000004,65.98400000000001,67.96857142857142,67.96857142857142,475964.846,387150.58,387150.58,836.3337019999999,663.8814114285714,663.8814114285714
2025-12-26,JAMNAAUTO,INE039C01032,NSE,125.87,26.37,65744166.660000004,251355.55027,38.46,40.62571428571429,40.62571428571429,111191140.818,146828768.50142857,146828768.50142857,289210.660838,358004.56608428573,358004.56608428573
2025-12-24,HYPERSOFT,INE039D01014,BSE,67.41,0.0,0.0,947.91,0.0,0.0,0.0,0.0,0.0,0.0,522.0443333333334,522.0443333333334,522.0443333333334
2025-12-26,JASH,INE039O01029,NSE,425.8,50.31,27355095.2,54870.67375,59.302,58.885714285714286,58.885714285714286,16939731.98,15587500.792857144,15587500.792857144,29010.89338,27002.638364285714,27002.638364285714
2025-12-26,JUBLCPL,INE03CC01015,NSE,2390.7,65.99,4444311.3,6797.4454000000005,62.858000000000004,61.92714285714286,61.92714285714286,6932961.659999999,5585716.7,5585716.7,11931.08574,9593.412114285715,9593.412114285715
2025-12-26,RETAIL,INE03DD01011,NSE,25.96,98.04,19444.04,19.91875,72.96199999999999,72.05285714285714,72.05285714285714,290906.42600000004,382192.79,382192.79,526.6567160000001,719.7565400000001,719.7565400000001
2025-12-26,MAXESTATES,INE03EI01018,NSE,456.2,45.91,7205222.8,15634.685599999999,50.754,52.96714285714285,52.96714285714285,15827829.74,17579294.900000002,17579294.900000002,31441.904360000004,32992.94582142857,32992.94582142857
2025-12-26,VLEGOV,INE03HW01020,NSE,20.32,62.82,1777471.68,2873.4366400000004,54.976,57.26714285714286,57.26714285714286,2094459.9640000002,2005712.7200000002,2005712.7200000002,3747.808746,3485.7143271428577,3485.7143271428577
2025-12-26,DGCONTENT,INE03JI01017,NSE,33.14,72.97,509262.38,687.44502,83.992,76.70285714285716,76.70285714285716,330319.1479999999,252486.03571428568,252486.03571428568,381.96457599999997,301.1159685714286,301.1159685714286
2025-12-26,GODIGIT,INE03JT01014,NSE,345.85,56.89,24614490.35,43479.62645,49.136,49.934285714285714,49.934285714285714,49865334.95,44088449.571428575,44088449.571428575,98948.72961000001,86097.06134285715,86097.06134285715
2025-12-26,BRIGHOTEL,INE03NU01014,NSE,69.03,61.92,26339777.1,42700.50464,70.352,71.48857142857142,71.48857142857142,17312248.264000002,13314290.461428573,13314290.461428573,25170.11238,19255.79738142857,19255.79738142857
2025-12-26,ALIVUS,INE03Q201024,NSE,907.2,64.89,14394542.4,22162.76455,56.148,55.81428571428571,55.81428571428571,24246692.130000003,25203878.514285713,25203878.514285713,40503.33792,43319.38188571428,43319.38188571428
2025-12-26,COHANCE,INE03QK01018,NSE,537.35,68.55,109119664.5,158668.32330000002,54.592,56.551428571428566,56.551428571428566,102560540.58,198333758.40714285,198333758.40714285,201020.13993,342039.5646285714,342039.5646285714
2025-12-26,DRCSYSTEMS,INE03RS01027,NSE,17.0,82.17,711212.0,867.01187,75.928,77.8342857142857,77.8342857142857,439684.954,506896.9257142857,506896.9257142857,551.189314,618.3085985714287,618.3085985714287
2025-12-26,UNIVPHOTO,INE03V001013,NSE,232.1,52.57,365557.5,700.34605,54.726,57.02571428571428,57.02571428571428,381271.0399999999,585806.7571428571,585806.7571428571,767.48382,1107.9335714285714,1107.9335714285714
2025-12-24,10ARKA28,INE03W107223,BSE,1010.0,0.0,0.0,202.0,0.0,0.0,0.0,0.0,0.0,0.0,202.0,202.0,202.0
2025-12-26,CHEMCON,INE03YM01018,NSE,200.64,54.66,2365545.5999999996,4320.14282,54.676,53.18285714285714,53.18285714285714,2620678.418,2635481.0100000002,2635481.0100000002,4755.058504,4936.735837142856,4936.735837142856
2025-12-26,HDFCBANK,INE040A01034,NSE,992.1,75.11,6975621772.8,9288952.0527,58.934000000000005,59.92714285714286,59.92714285714286,10325756293.9,10810943800.914286,10810943800.914286,17010886.415880002,17685287.293828573,17685287.293828573
2025-12-17,855HDFCB29,INE040A08724,BSE,1095505.59,0.0,0.0,25196.628,0.0,0.0,0.0,0.0,0.0,0.0,25196.628,25196.628,25196.628
2025-12-23,8HDFCB32,INE040A08807,BSE,1055000.0,0.0,0.0,3160.0,0.0,0.0,0.0,0.0,0.0,0.0,3160.0,3160.0,3160.0
2025-12-23,797HDFCB33,INE040A08914,BSE,108700.0,0.0,0.0,217.4,0.0,0.0,0.0,0.0,0.0,0.0,217.4,217.4,217.4
2025-12-26,MAYURUNIQ,INE040D01038,NSE,497.45,67.13,5610738.55,8316.3785,64.86800000000001,64.70857142857143,64.70857142857143,7280955.859999999,7223353.064285713,7223353.064285713,11260.144119999999,11155.102142857142,11155.102142857142
2025-12-24,NETLINK,INE040F01033,BSE,146.0,0.0,0.0,170.712,0.0,0.0,0.0,0.0,0.0,0.0,60.19233333333333,60.19233333333333,60.19233333333333
2025-12-26,SUZLON,INE040H01021,NSE,53.2,35.62,793768206.0,2244994.5970799997,39.682,41.38857142857143,41.38857142857143,755518660.0639999,758771768.8428571,758771768.8428571,1921690.1249679998,1853167.5525214283,1853167.5525214283
2025-12-26,TREEHOUSE,INE040M01013,NSE,8.16,70.04,135961.92,194.29722,66.21,66.29857142857142,66.29857142857142,216824.32400000002,199075.49571428573,199075.49571428573,310.386152,288.11588857142857,288.11588857142857
2025-12-26,DHAMPURSUG,INE041A01016,NSE,122.1,56.53,10032590.7,17860.321829999997,47.366,45.32285714285714,45.32285714285714,15327517.688,14071974.409999998,14071974.409999998,32539.318229999997,31532.9604,31532.9604
2025-12-24,ASITCFIN,INE041B01014,BSE,140.0,0.0,0.0,73.455,0.0,0.0,0.0,0.0,0.0,0.0,208.96266666666668,208.96266666666668,208.96266666666668
2025-12-26,ESCORTS,INE042A01014,NSE,3698.1,44.99,43282562.4,96667.68490000001,49.227999999999994,48.285714285714285,48.285714285714285,221554600.45999998,177260887.12857145,177260887.12857145,466611.25883999997,375018.48260000005,375018.48260000005
2025-12-24,GROARC,INE042B01012,BSE,8.01,0.0,0.0,12.163,0.0,0.0,0.0,0.0,0.0,0.0,45.078,45.078,45.078
2025-12-24,ALFAICA,INE042C01010,BSE,85.45,0.0,0.0,42.349,0.0,0.0,0.0,0.0,0.0,0.0,18.915333333333333,18.915333333333333,18.915333333333333
2025-12-26,GTL,INE043A01012,NSE,8.11,59.03,732405.99,1240.89021,61.605999999999995,66.46428571428571,66.46428571428571,1299395.934,1085254.8785714286,1085254.8785714286,2318.6710740000003,1856.9836114285715,1856.9836114285715
2025-12-24,VINTRON,INE043B01028,BSE,14.27,0.0,0.0,803.465,0.0,0.0,0.0,0.0,0.0,0.0,1021.1469999999999,1021.1469999999999,1021.1469999999999
2025-12-26,IVP,INE043C01018,NSE,146.1,60.45,451156.8,748.3145400000001,75.13000000000001,77.75142857142858,77.75142857142858,328167.54,322828.86,322828.86,417.13385199999993,402.8662342857142,402.8662342857142
2025-12-24,CHDCHEM,INE043U01010,BSE,5.39,0.0,0.0,3.981,0.0,0.0,0.0,0.0,0.0,0.0,44.07333333333333,44.07333333333333,44.07333333333333
2025-12-26,VIJAYA,INE043W01024,NSE,1035.0,62.36,60368445.0,96700.0387,52.802,53.30571428571428,53.30571428571428,79245220.66,107310847.55,107310847.55,134759.02051,176086.21959285715,176086.21959285715
2025-12-26,SUNPHARMA,INE044A01036,NSE,1719.5,57.63,2484486635.5,4302718.010199999,69.012,69.41,69.41,2672632572.4800005,2532469109.2000003,2532469109.2000003,3863030.7574,3638360.1496857144,3638360.1496857144
2025-12-24,EMERALL,INE044N01021,BSE,202.3,0.0,0.0,81.911,0.0,0.0,0.0,0.0,0.0,0.0,270.0406666666667,270.0406666666667,270.0406666666667
2025-12-26,PARAS,INE045601023,NSE,698.45,22.53,230681970.65,1024069.7119,31.014,34.85857142857143,34.85857142857143,108429153.36000001,104914247.99285717,104914247.99285717,367316.01237,325067.4385428572,325067.4385428572
2025-12-26,ADOR,INE045A01017,NSE,1032.9,63.09,5092197.0,8082.748,61.598,60.910000000000004,60.910000000000004,6561475.9,6048827.871428572,6048827.871428572,10646.346959999999,9881.430600000002,9881.430600000002
2025-12-26,NELCO,INE045B01015,NSE,743.3,38.44,11678729.6,30530.4552,42.912,45.81428571428571,45.81428571428571,18572776.52,16643338.185714286,16643338.185714286,43953.929619999995,37754.52712142857,37754.52712142857
2025-12-26,FCL,INE045J01034,NSE,25.2,28.0,58070300.4,208695.61888,48.198,48.702857142857134,48.702857142857134,13984962.074000001,13221987.734285714,13221987.734285714,30180.838416000002,28141.569117142855,28141.569117142855
2025-12-26,RIIL,INE046A01015,NSE,817.45,24.29,16263167.75,67533.69065,29.203999999999997,31.61142857142857,31.61142857142857,11424569.040000001,11162900.371428574,11162900.371428574,40367.91541999999,36897.25017142857,36897.25017142857
2025-12-24,APTPACK,INE046E01025,BSE,101.75,0.0,0.0,0.101,0.0,0.0,0.0,0.0,0.0,0.0,42.052,42.052,42.052
2025-12-26,MUTHOOTMF,INE046W01019,NSE,173.66,61.02,11533976.22,19007.19727,48.754000000000005,48.715714285714284,48.715714285714284,9927735.3,9329091.101428572,9329091.101428572,20142.942644,18991.161145714286,18991.161145714286
2025-12-24,11MML26,INE046W07230,BSE,19699.0,0.0,0.0,19.699,0.0,0.0,0.0,0.0,0.0,0.0,91.168,91.168,91.168
2025-12-24,11MML26A,INE046W07248,BSE,19750.0,0.0,0.0,39.5,0.0,0.0,0.0,0.0,0.0,0.0,19.0,19.0,19.0
2025-12-19,99MML27,INE046W07313,BSE,99600.0,0.0,0.0,199.071,0.0,0.0,0.0,0.0,0.0,0.0,199.071,199.071,199.071
2025-12-26,GRASIM,INE047A01021,NSE,2817.7,61.14,872075332.3,1430621.6277,61.827999999999996,64.56142857142858,64.56142857142858,874443057.76,899584793.8857144,899584793.8857144,1376586.1840000001,1369980.9278428573,1369980.9278428573
2025-12-26,GILLANDERS,INE047B01011,NSE,100.95,95.99,458716.8,478.13902,63.483999999999995,69.32285714285715,69.32285714285715,312733.996,367472.4114285714,367472.4114285714,512.516798,536.72366,536.72366
2025-12-24,JMDVL,INE047E01031,BSE,5.35,0.0,0.0,13.738,0.0,0.0,0.0,0.0,0.0,0.0,47.92733333333334,47.92733333333334,47.92733333333334
2025-12-26,NIBL,INE047O01014,NSE,28.9,62.24,161782.19999999998,261.69992,54.407999999999994,59.09571428571429,59.09571428571429,135337.778,140314.55857142858,140314.55857142858,269.026384,257.95122285714285,257.95122285714285
2025-12-24,HOCL,INE048A01011,BSE,31.83,0.0,0.0,996.742,0.0,0.0,0.0,0.0,0.0,0.0,1131.4506666666666,1131.4506666666666,1131.4506666666666
2025-12-26,JAGSNPHARM,INE048B01035,NSE,197.1,54.65,3501678.6,6437.12277,54.522000000000006,53.440000000000005,53.440000000000005,6321507.289999999,5889408.151428571,5889408.151428571,11484.888283999999,10879.890081428572,10879.890081428572
2025-12-26,NAVINFLUOR,INE048G01026,NSE,5774.5,47.1,308722093.5,662520.624,48.946000000000005,47.127142857142864,47.127142857142864,370426919.9,321272661.0,321272661.0,740848.3496000001,662913.2631428571,662913.2631428571
2025-12-26,HIMATSEIDE,INE049A01027,NSE,115.34,45.55,11905856.16,26069.62318,52.720000000000006,51.57428571428572,51.57428571428572,10519554.746000001,9096414.53,9096414.53,19766.567578,17371.589007142855,17371.589007142855
2025-12-26,WOCKPHARMA,INE049B01025,NSE,1434.3,44.39,443307706.8,1005849.8765,32.072,31.16142857142857,31.16142857142857,354997184.71999997,310589023.59999996,310589023.59999996,1757468.43438,1461436.4142428574,1461436.4142428574
2025-12-26,NAHARCAP,INE049I01012,NSE,256.8,74.59,810460.8,1086.09535,72.098,73.63857142857144,73.63857142857144,561975.93,582729.5928571429,582729.5928571429,758.04115,773.1110500000001,773.1110500000001
2025-12-26,SBC,INE04AK01028,NSE,28.29,57.06,177114495.75,310534.71247,50.634,50.612857142857145,50.612857142857145,174316771.23200002,168773376.79142857,168773376.79142857,343125.62294000003,333134.53759857145,333134.53759857145
2025-12-24,KGES,INE04CO01018,BSE,47.9,0.0,0.0,143.7,0.0,0.0,0.0,0.0,0.0,0.0,145.0,145.0,145.0
2025-12-26,KPITTECH,INE04I401011,NSE,1209.2,26.92,92290980.8,346003.7295,39.870000000000005,44.690000000000005,44.690000000000005,324812447.23999995,368974908.37142855,368974908.37142855,725666.62138,761668.3433142856,761668.3433142856
2025-12-26,PAR,INE04LG01015,NSE,104.03,56.8,696272.79,1235.69802,44.916000000000004,48.31571428571429,48.31571428571429,2343725.124,2222875.1357142855,2222875.1357142855,5131.523912,4602.452598571428,4602.452598571428
2025-12-24,11CFPL27,INE04SE07137,BSE,101200.0,0.0,0.0,202.4,0.0,0.0,0.0,0.0,0.0,0.0,101.0,101.0,101.0
2025-12-26,ETHOSLTD,INE04TZ01018,NSE,2999.0,40.8,9137953.0,22388.8293,47.144,47.83714285714286,47.83714285714286,26461121.74,23584106.24285714,23584106.24285714,56037.04454000001,49161.1935,49161.1935
2025-12-26,STYL,INE04VU01023,NSE,273.75,31.76,20391363.75,64718.425299999995,53.272000000000006,53.46,53.46,9342277.120000001,10584200.164285716,10584200.164285716,17486.33431,19866.87197857143,19866.87197857143
2025-12-24,ASIAN,INE04Z101016,BSE,38.11,0.0,0.0,50.056,0.0,0.0,0.0,0.0,0.0,0.0,30.732333333333333,30.732333333333333,30.732333333333333
2025-12-26,PPL,INE050001010,NSE,241.79,58.9,6543079.1899999995,11132.051029999999,43.83,46.75,46.75,7193009.588000001,8111520.028571429,8111520.028571429,16137.801854,17009.391465714285,17009.391465714285
2025-12-26,ELIN,INE050401020,NSE,167.02,67.5,1968998.78,2921.78853,49.938,52.21285714285714,52.21285714285714,5610837.925999999,5591296.868571429,5591296.868571429,10031.274848000001,9874.261782857144,9874.261782857144
2025-12-26,BBTC,INE050A01025,NSE,1836.9,44.25,43887214.800000004,99593.1688,46.44200000000001,40.01,40.01,36441991.08,36278900.48571429,36278900.48571429,76393.09276,102989.29537142857,102989.29537142857
2025-12-26,IVC,INE050B01023,NSE,8.26,54.89,1031161.88,1896.49934,66.978,68.86,68.86,1432651.47,1310346.4785714285,1310346.4785714285,2132.389934,1914.6234857142856,1914.6234857142856
2025-12-26,BALAMINES,INE050E01027,NSE,1123.3,49.85,12003583.799999999,24139.5236,49.044,52.051428571428566,52.051428571428566,24967496.6,23784390.14285714,23784390.14285714,51043.560860000005,46384.94955714286,46384.94955714286
2025-12-26,RML,INE050H01012,NSE,787.1,50.74,4535270.2,8920.9944,56.306,64.19857142857143,64.19857142857143,4715392.409999999,4270870.428571428,4270870.428571428,9808.86831,8082.1648214285715,8082.1648214285715
2025-12-24,LESHAIND,INE050L01048,BSE,0.99,0.0,0.0,393.418,0.0,0.0,0.0,0.0,0.0,0.0,173.60466666666665,173.60466666666665,173.60466666666665
2025-12-26,VSSL,INE050M01012,NSE,280.5,56.02,7735348.5,13846.377849999999,44.612,45.30285714285714,45.30285714285714,8204038.640000001,9244167.357142858,9244167.357142858,22821.56277,24644.527835714285,24644.527835714285
2025-12-24,KINGSINFR,INE050N01010,BSE,110.7,0.0,0.0,5534.276,0.0,0.0,0.0,0.0,0.0,0.0,2133.5806666666667,2133.5806666666667,2133.5806666666667
2025-12-19,CCILZC26,INE051307AD4,BSE,1308.0,0.0,0.0,13.08,0.0,0.0,0.0,0.0,0.0,0.0,13.08,13.08,13.08
2025-12-24,CCILZC29,INE051307AE2,BSE,1350.0,0.0,0.0,230.995,0.0,0.0,0.0,0.0,0.0,0.0,230.995,230.995,230.995
2025-12-24,CCIL14824C,INE051307AY0,BSE,1109.0,0.0,0.0,55.45,0.0,0.0,0.0,0.0,0.0,0.0,55.45,55.45,55.45
2025-12-19,95CCIL26,INE051307BH3,BSE,985.0,0.0,0.0,9.85,0.0,0.0,0.0,0.0,0.0,0.0,9.85,9.85,9.85
2025-12-24,12CCIL30C,INE051307BK7,BSE,1000.0,0.0,0.0,66.0,0.0,0.0,0.0,0.0,0.0,0.0,1196.94,1196.94,1196.94
2025-12-24,12CCIL30D,INE051307BT8,BSE,1000.15,0.0,0.0,70.01,0.0,0.0,0.0,0.0,0.0,0.0,6.045,6.045,6.045
2025-12-19,CCIL20625G,INE051307BV4,BSE,964.0,0.0,0.0,1.924,0.0,0.0,0.0,0.0,0.0,0.0,31.366,31.366,31.366
2025-12-24,CCL101125A,INE051307BX0,BSE,1000.0,0.0,0.0,10.0,0.0,0.0,0.0,0.0,0.0,0.0,10.0,10.0,10.0
2025-12-23,12CCIL30,INE051307CA6,BSE,1000.0,0.0,0.0,277.99,0.0,0.0,0.0,0.0,0.0,0.0,48.838,48.838,48.838
2025-12-19,CCIL101125,INE051307CB4,BSE,970.0,0.0,0.0,40.351,0.0,0.0,0.0,0.0,0.0,0.0,40.351,40.351,40.351
2025-12-24,CCL101125B,INE051307CC2,BSE,944.0,0.0,0.0,19.813,0.0,0.0,0.0,0.0,0.0,0.0,7.857666666666667,7.857666666666667,7.857666666666667
2025-12-26,VAKRANGEE,INE051B01021,NSE,7.86,50.73,4661050.74,9210.144960000001,49.812,50.87285714285714,50.87285714285714,7212916.257999999,6723234.752857143,6723234.752857143,14606.099306,13372.096472857143,13372.096472857143
2025-12-24,DENISCHEM,INE051G01012,BSE,78.14,0.0,0.0,862.768,0.0,0.0,0.0,0.0,0.0,0.0,342.0406666666667,342.0406666666667,342.0406666666667
2025-12-24,SHREEGANES,INE051N01026,BSE,0.61,0.0,0.0,380.841,0.0,0.0,0.0,0.0,0.0,0.0,413.84566666666666,413.84566666666666,413.84566666666666
2025-12-24,SHAHLON,INE052001026,BSE,19.33,0.0,0.0,49.293,0.0,0.0,0.0,0.0,0.0,0.0,9.170666666666667,9.170666666666667,9.170666666666667
2025-12-26,WINDMACHIN,INE052A01021,NSE,273.65,59.52,4404396.75,7408.78395,57.60600000000001,56.97285714285715,56.97285714285715,4045480.31,3894659.65,3894659.65,6928.8530200000005,6824.643435714286,6824.643435714286
2025-12-24,BEEYU,INE052B01011,BSE,2.95,0.0,0.0,9.065,0.0,0.0,0.0,0.0,0.0,0.0,12.416666666666664,12.416666666666664,12.416666666666664
2025-12-24,GAYATRIBI,INE052E01015,BSE,17.78,0.0,0.0,1058.702,0.0,0.0,0.0,0.0,0.0,0.0,402.824,402.824,402.824
2025-12-26,CAMLINFINE,INE052I01032,NSE,149.44,62.72,14457871.68,23218.60926,47.626,46.784285714285716,46.784285714285716,14669763.330000002,14706691.738571431,14706691.738571431,30403.234022,31185.236425714287,31185.236425714287
2025-12-26,BESTAGRO,INE052T01013,NSE,382.3,45.48,25769313.8,56962.156350000005,38.70399999999999,31.348571428571425,31.348571428571425,10536698.059999999,22021304.67857143,22021304.67857143,28071.99388,133026.01830000003,133026.01830000003
2025-12-24,CIANAGRO,INE052V01019,BSE,1457.95,0.0,0.0,352916.499,0.0,0.0,0.0,0.0,0.0,0.0,82497.043,82497.043,82497.043
2025-12-26,INDHOTEL,INE053A01029,NSE,739.6,59.86,706705550.4,1180155.13225,62.20400000000001,64.33142857142857,64.33142857142857,888398748.4200001,971937636.4,971937636.4,1398141.87901,1483962.5840214288,1483962.5840214288
2025-12-24,AMITINT,INE053D01015,BSE,3.86,0.0,0.0,221.263,0.0,0.0,0.0,0.0,0.0,0.0,196.51233333333334,196.51233333333334,196.51233333333334
2025-12-26,IRFC,INE053F01010,NSE,133.64,20.48,4487421652.48,21478539.14576,29.996000000000002,34.152857142857144,34.152857142857144,646517466.196,525705539.7885714,525705539.7885714,2744676.383054,2105621.770327143,2105621.770327143
2025-12-26,VIPIND,INE054A01027,NSE,386.4,12.38,243348924.0,2024083.54575,39.522000000000006,42.19428571428572,42.19428571428572,255503499.66,191722669.40714288,191722669.40714288,3212631.99535,2315354.099385714,2315354.099385714
2025-12-24,WATERBASE,INE054C01015,BSE,47.04,0.0,0.0,475.045,0.0,0.0,0.0,0.0,0.0,0.0,1783.8463333333336,1783.8463333333336,1783.8463333333336
2025-12-26,ABREL,INE055A01016,NSE,1681.6,46.32,31086057.599999998,67553.86409999999,38.964,39.92857142857143,39.92857142857143,55463348.9,82366080.05714285,82366080.05714285,145576.76346,235182.5055,235182.5055
2025-12-26,KEEPLEARN,INE055C01020,NSE,2.4,86.69,54729.6,63.643370000000004,68.45599999999999,72.42714285714285,72.42714285714285,324013.292,270480.9328571429,270480.9328571429,656.264546,516.2004371428571,516.2004371428571
2025-12-24,REALECO,INE055E01034,BSE,4.89,0.0,0.0,9754.179,0.0,0.0,0.0,0.0,0.0,0.0,2229.5736666666667,2229.5736666666667,2229.5736666666667
2025-12-24,INLANPR,INE055O01033,BSE,37.72,0.0,0.0,7.317,0.0,0.0,0.0,0.0,0.0,0.0,52.693999999999996,52.693999999999996,52.693999999999996
2025-12-23,SKILVEN,INE055Q01012,BSE,24.53,0.0,0.0,0.49,0.0,0.0,0.0,0.0,0.0,0.0,0.379,0.379,0.379
2025-12-26,CYIENTDLM,INE055S01018,NSE,421.45,49.58,11574281.35,23511.49785,53.04,54.88142857142857,54.88142857142857,20305831.580000002,18885790.15714286,18885790.15714286,41002.37287,36518.86672142857,36518.86672142857
2025-12-24,CPML,INE056001014,BSE,3065.45,0.0,0.0,5353.015,0.0,0.0,0.0,0.0,0.0,0.0,16835.238,16835.238,16835.238
2025-12-26,IVALUE,INE056801025,NSE,272.7,58.78,11634745.5,19782.59775,51.275999999999996,51.04857142857143,51.04857142857143,18316022.02,18841033.22142857,18841033.22142857,35272.26416,36307.99874285714,36307.99874285714
2025-12-24,INDXTRA,INE056E01024,BSE,7.03,0.0,0.0,120.615,0.0,0.0,0.0,0.0,0.0,0.0,197.16766666666663,197.16766666666663,197.16766666666663
2025-12-26,REFEX,INE056I01025,NSE,262.7,38.43,60096565.5,157197.29294999997,21.150000000000002,17.54714285714286,17.54714285714286,118374730.6,182506537.87142855,182506537.87142855,877152.5818500001,2037364.9781214285,2037364.9781214285
2025-12-24,YORKEXP,INE057Q01018,BSE,61.99,0.0,0.0,4.525,0.0,0.0,0.0,0.0,0.0,0.0,13.948333333333332,13.948333333333332,13.948333333333332
2025-12-26,SANOFI,INE058A01010,NSE,4095.3,56.22,22610151.3,40280.9794,55.42,58.44428571428572,58.44428571428572,29055358.520000003,31317002.88571429,31317002.88571429,52140.08358,53275.66335714286,53275.66335714286
2025-12-26,ZENITHEXPO,INE058B01018,NSE,213.35,47.01,77232.7,164.18335000000002,70.34200000000001,72.13428571428571,72.13428571428571,96121.62999999999,157877.02857142856,157877.02857142856,144.93974,227.07770714285715,227.07770714285715
2025-12-24,JAIPAN,INE058D01030,BSE,29.08,0.0,0.0,73.061,0.0,0.0,0.0,0.0,0.0,0.0,16.598333333333333,16.598333333333333,16.598333333333333
2025-12-24,ALUFLUOR,INE058F01019,BSE,427.65,0.0,0.0,3196.646,0.0,0.0,0.0,0.0,0.0,0.0,2404.7346666666667,2404.7346666666667,2404.7346666666667
2025-12-24,LACTOSE,INE058I01013,BSE,107.05,0.0,0.0,1070.786,0.0,0.0,0.0,0.0,0.0,0.0,279.059,279.059,279.059
2025-12-26,CIPLA,INE059A01026,NSE,1506.0,67.38,965528226.0,1433149.3332,56.477999999999994,57.959999999999994,57.959999999999994,738949489.1199999,762536185.7714285,762536185.7714285,1310122.46944,1318857.6066428572,1318857.6066428572
2025-12-26,SIMPLEXINF,INE059B01024,NSE,265.1,44.49,17225667.8,38637.321149999996,56.5,55.682857142857145,55.682857142857145,12436702.180000002,10351543.028571429,10351543.028571429,24066.334329999998,19799.112814285712,19799.112814285712
2025-12-26,LAOPALA,INE059D01020,NSE,204.06,36.82,6309535.2,17131.95257,58.653999999999996,60.472857142857144,60.472857142857144,4102469.068,4340115.894285714,4340115.894285714,7051.439324000001,7303.7573814285715,7303.7573814285715
2025-12-24,KACHCHH,INE059E01010,BSE,33.07,0.0,0.0,60.683,0.0,0.0,0.0,0.0,0.0,0.0,11.291666666666666,11.291666666666666,11.291666666666666
2025-12-24,KALPACOMME,INE059Q01014,BSE,9.0,0.0,0.0,72.121,0.0,0.0,0.0,0.0,0.0,0.0,184.3793333333333,184.3793333333333,184.3793333333333
2025-12-26,HINDWAREAP,INE05AN01011,NSE,253.85,60.29,17370701.65,28675.3215,55.436,58.17,58.17,10779545.919999998,9696135.028571427,9696135.028571427,17956.27549,15942.7918,15942.7918
2025-12-24,CHCL,INE05BN01019,BSE,5.08,0.0,0.0,50.8,0.0,0.0,0.0,0.0,0.0,0.0,102.60666666666667,102.60666666666667,102.60666666666667
2025-12-24,TIERRA,INE05CY01014,BSE,48.76,0.0,0.0,123.058,0.0,0.0,0.0,0.0,0.0,0.0,61.52533333333334,61.52533333333334,61.52533333333334
2025-12-26,RATNAVEER,INE05CZ01011,NSE,150.7,43.86,76538721.6,176024.38843000002,47.488,46.91428571428571,46.91428571428571,153239581.77600002,132428669.88714288,132428669.88714288,327696.701666,286253.04516857147,286253.04516857147
2025-12-19,0MML29A,INE05F407CE8,BSE,1050.0,0.0,0.0,10.5,0.0,0.0,0.0,0.0,0.0,0.0,10.5,10.5,10.5
2025-12-19,11MML30,INE05F407CY6,BSE,1025.0,0.0,0.0,1.025,0.0,0.0,0.0,0.0,0.0,0.0,1.025,1.025,1.025
2025-12-24,MML290125D,INE05F407DB2,BSE,1015.0,0.0,0.0,3.045,0.0,0.0,0.0,0.0,0.0,0.0,3.045,3.045,3.045
2025-12-17,10MML26A,INE05F407DC0,BSE,995.0,0.0,0.0,42.95,0.0,0.0,0.0,0.0,0.0,0.0,42.95,42.95,42.95
2025-12-24,MML21425A,INE05F407DE6,BSE,1020.0,0.0,0.0,176.245,0.0,0.0,0.0,0.0,0.0,0.0,3.0,3.0,3.0
2025-12-19,MML210425,INE05F407DF3,BSE,1037.0,0.0,0.0,11.407,0.0,0.0,0.0,0.0,0.0,0.0,27.918,27.918,27.918
2025-12-17,MML310725,INE05F407DH9,BSE,1007.2,0.0,0.0,10.072,0.0,0.0,0.0,0.0,0.0,0.0,10.072,10.072,10.072
2025-12-24,MML31725A,INE05F407DI7,BSE,979.0,0.0,0.0,19.34,0.0,0.0,0.0,0.0,0.0,0.0,14.76,14.76,14.76
2025-12-24,MML31725B,INE05F407DL1,BSE,1050.0,0.0,0.0,31.5,0.0,0.0,0.0,0.0,0.0,0.0,10.5,10.5,10.5
2025-12-24,MML191225,INE05F407DM9,BSE,991.0,0.0,0.0,42.136,0.0,0.0,0.0,0.0,0.0,0.0,42.136,42.136,42.136
2025-12-24,MML191225D,INE05F407DU2,BSE,1000.0,0.0,0.0,58.0,0.0,0.0,0.0,0.0,0.0,0.0,58.0,58.0,58.0
2025-12-24,AGOL,INE05FR01029,BSE,5.77,0.0,0.0,2130.946,0.0,0.0,0.0,0.0,0.0,0.0,1863.0420000000001,1863.0420000000001,1863.0420000000001
2025-12-26,IGCL,INE05J901018,NSE,82.05,61.48,2686399.05,4388.379730000001,66.922,64.60285714285713,64.60285714285713,6207450.152000001,5691541.60857143,5691541.60857143,9152.00144,8694.86348,8694.86348
2025-12-24,ENERGYINF,INE05KD23015,BSE,87.9,0.0,0.0,6572.5,0.0,0.0,0.0,0.0,0.0,0.0,102239.83333333333,102239.83333333333,102239.83333333333
2025-12-24,PARSHVA,INE05MV01019,BSE,191.0,0.0,0.0,45.478,0.0,0.0,0.0,0.0,0.0,0.0,523.828,523.828,523.828
2025-12-17,8SMC29,INE05NX24023,BSE,508.0,0.0,0.0,25.908,0.0,0.0,0.0,0.0,0.0,0.0,25.908,25.908,25.908
2025-12-24,GKP,INE05QJ01015,BSE,6.89,0.0,0.0,158.8,0.0,0.0,0.0,0.0,0.0,0.0,57.876666666666665,57.876666666666665,57.876666666666665
2025-12-26,SBGLP,INE05ST01028,NSE,37.01,44.51,815330.2999999999,1850.03064,50.37,54.49285714285714,54.49285714285714,2152077.596,2808186.194285714,2808186.194285714,4140.091648,5009.563967142857,5009.563967142857
2025-12-26,HPIL,INE05X901010,NSE,132.22,73.28,104057.14,143.2127,70.554,74.26,74.26,308769.84,305043.71428571426,305043.71428571426,393.190576,401.21114428571434,401.21114428571434
2025-12-24,MURAE,INE060601031,BSE,0.27,0.0,0.0,18525.805,0.0,0.0,0.0,0.0,0.0,0.0,4013.5823333333333,4013.5823333333333,4013.5823333333333
2025-12-26,LIKHITHA,INE060901027,NSE,196.29,41.77,5692606.29,13804.300369999999,42.24400000000001,45.27428571428572,45.27428571428572,7573579.234,6080070.605714286,6080070.605714286,28417.596306000003,21576.339972857146,21576.339972857146
2025-12-26,NAVNETEDUL,INE060A01024,NSE,144.02,77.67,12335457.020000001,15904.473189999999,64.024,64.50428571428571,64.50428571428571,19998780.163999997,17702365.18285714,17702365.18285714,30857.51966,27226.433170000004,27226.433170000004
2025-12-26,KHANDSE,INE060B01014,NSE,20.68,79.4,449252.32,573.26386,70.502,77.42428571428572,77.42428571428572,78156.776,66318.83428571429,66318.83428571429,111.81424000000001,90.74668142857142,90.74668142857142
2025-12-24,NARMP,INE060D01028,BSE,27.12,0.0,0.0,3244.048,0.0,0.0,0.0,0.0,0.0,0.0,2092.757,2092.757,2092.757
2025-12-26,FLEXITUFF,INE060J01017,NSE,14.57,85.7,25410.08,29.60269,84.054,87.89857142857143,87.89857142857143,126523.388,105932.86,105932.86,149.27845,122.75000857142857,122.75000857142857
2025-12-24,EQUILATERA,INE060N01019,BSE,26.48,0.0,0.0,2.324,0.0,0.0,0.0,0.0,0.0,0.0,24.692000000000004,24.692000000000004,24.692000000000004
2025-12-24,VISHALBL,INE060T01024,BSE,67.01,0.0,0.0,115.049,0.0,0.0,0.0,0.0,0.0,0.0,128.045,128.045,128.045
2025-12-26,DEVIT,INE060X01034,NSE,39.84,24.56,1710490.56,6974.40841,38.226000000000006,47.76285714285715,47.76285714285715,2491989.7699999996,2675392.678571428,2675392.678571428,8850.783958,7473.211518571428,7473.211518571428
2025-12-26,INDIANCARD,INE061A01014,NSE,236.8,65.52,832115.2000000001,1283.64015,68.188,73.43857142857142,73.43857142857142,336224.88999999996,262365.06428571424,262365.06428571424,533.73532,406.6814285714286,406.6814285714286
2025-12-26,FORTIS,INE061F01013,NSE,902.4,58.56,597637862.4,1023262.26475,58.093999999999994,59.372857142857136,59.372857142857136,1197684893.94,1143714338.9285715,1143714338.9285715,1973401.7480000001,1876651.4398857143,1876651.4398857143
2025-12-26,SBIN,INE062A01020,NSE,966.3,58.69,1863619708.1999998,3179513.4661999997,60.964,59.08571428571428,59.08571428571428,3063277046.41,3154110734.3642855,3154110734.3642855,4975923.68327,5325909.379842857,5325909.379842857
2025-12-23,772SBIPER,INE062A08298,BSE,10142659.59,0.0,0.0,10142.659,0.0,0.0,0.0,0.0,0.0,0.0,10142.659,10142.659,10142.659
2025-12-24,GLOBALCA,INE062C01042,BSE,0.72,0.0,0.0,451.386,0.0,0.0,0.0,0.0,0.0,0.0,181.67999999999998,181.67999999999998,181.67999999999998
2025-12-26,ALICON,INE062D01024,NSE,841.9,50.43,1693060.9,3341.2119,46.658,48.997142857142855,48.997142857142855,2255525.2,2156997.5642857146,2156997.5642857146,4837.89387,4467.5623428571425,4467.5623428571425
2025-12-24,MEHAI,INE062Y01020,BSE,1.55,0.0,0.0,8643.285,0.0,0.0,0.0,0.0,0.0,0.0,6824.420333333334,6824.420333333334,6824.420333333334
2025-12-24,GIANLIFE,INE063601012,BSE,7.39,0.0,0.0,118.174,0.0,0.0,0.0,0.0,0.0,0.0,79.44833333333334,79.44833333333334,79.44833333333334
2025-12-26,POCL,INE063E01053,NSE,1451.5,49.07,313643023.0,637853.1288,48.798,48.19571428571429,48.19571428571429,151735265.8,123778710.44285715,123778710.44285715,304575.78992,250500.10117142857,250500.10117142857
2025-12-26,EQUITASBNK,INE063P01018,NSE,61.95,47.18,58113250.650000006,123387.31629999999,63.778,60.480000000000004,60.480000000000004,142423721.08400002,111229665.46714287,111229665.46714287,214486.913148,171440.29325000002,171440.29325000002
2025-12-24,GGL,INE063Z01017,BSE,3.85,0.0,0.0,15.685,0.0,0.0,0.0,0.0,0.0,0.0,78.83766666666666,78.83766666666666,78.83766666666666
2025-12-24,TIMEX,INE064A01026,BSE,349.7,0.0,0.0,43936.266,0.0,0.0,0.0,0.0,0.0,0.0,25818.830333333335,25818.830333333335,25818.830333333335
2025-12-26,TRIDENT,INE064C01022,NSE,26.88,62.34,32741990.4,52665.047869999995,43.906,46.19714285714286,46.19714285714286,39619734.106,38023183.46,38023183.46,88087.44754,81704.63010142857,81704.63010142857
2025-12-24,GEE,INE064H01021,BSE,78.87,0.0,0.0,701.601,0.0,0.0,0.0,0.0,0.0,0.0,1033.393,1033.393,1033.393
2025-12-24,GLOBUSCON,INE064L01015,BSE,14.01,0.0,0.0,61.091,0.0,0.0,0.0,0.0,0.0,0.0,115.02966666666664,115.02966666666664,115.02966666666664
2025-12-24,MODULEX,INE064R01012,BSE,21.5,0.0,0.0,52.795,0.0,0.0,0.0,0.0,0.0,0.0,716.0236666666666,716.0236666666666,716.0236666666666
2025-12-24,IFINSER,INE064T01018,BSE,17.02,0.0,0.0,337.57,0.0,0.0,0.0,0.0,0.0,0.0,111.416,111.416,111.416
2025-12-26,AEROENTER,INE065D01027,NSE,89.41,46.08,7201260.22,15829.46296,50.14999999999999,55.89,55.89,14691677.298000002,12550940.555714289,12550940.555714289,29269.13241,23611.496695714282,23611.496695714282
2025-12-24,SHHARICH,INE065E01017,BSE,115.5,0.0,0.0,223.136,0.0,0.0,0.0,0.0,0.0,0.0,132.038,132.038,132.038
2025-12-26,TPHQ,INE065J01024,NSE,0.77,75.59,3293095.96,4447.93921,66.66199999999999,62.59857142857142,62.59857142857142,5337073.726,3933071.2785714283,3933071.2785714283,9159.119939999999,6760.4633242857135,6760.4633242857135
2025-12-26,INDGN,INE065X01017,NSE,520.45,46.68,47023698.400000006,100423.3722,55.193999999999996,55.631428571428565,55.631428571428565,62150550.94,57721476.11428571,57721476.11428571,109625.05575000001,101489.03026428573,101489.03026428573
2025-12-26,EICHERMOT,INE066A01021,NSE,7324.0,38.91,449393316.0,1155848.539,57.552,60.888571428571424,60.888571428571424,1210238666.9,1630199320.357143,1630199320.357143,2078236.1706,2602270.594142857,2602270.594142857
2025-12-26,HAL,INE066F01020,NSE,4409.2,40.74,1240259458.8,3067927.9609000003,42.134,46.29142857142857,46.29142857142857,1080480607.24,1350136943.7999997,1350136943.7999997,2555266.88538,2829063.1429142854,2829063.1429142854
2025-12-26,WONDERLA,INE066O01014,NSE,506.05,65.47,41847804.75,64481.6525,60.120000000000005,60.480000000000004,60.480000000000004,24022659.690000005,20785449.935714286,20785449.935714286,39047.5402,33802.31382857143,33802.31382857143
2025-12-26,INOXWIND,INE066P01011,NSE,126.43,28.98,149390320.15,518893.73257,35.828,37.832857142857144,37.832857142857144,236489877.742,249411071.54142857,249411071.54142857,689016.368398,681066.1063557144,681066.1063557144
2025-12-24,CGPOWER,INE067A01029,NSE,660.9,51.4,648881533.5,1263046.48455,49.592,50.76166666666666,50.76166666666666,645100356.6999999,609837455.0583333,609837455.0583333,1403868.92264,1296850.6723416667,1296850.6723416667
2025-12-24,ANKIN,INE067C01025,BSE,37.05,0.0,0.0,1.815,0.0,0.0,0.0,0.0,0.0,0.0,83.66166666666666,83.66166666666666,83.66166666666666
2025-12-24,STERPOW,INE067E01013,BSE,29.05,0.0,0.0,20.452,0.0,0.0,0.0,0.0,0.0,0.0,106.96533333333333,106.96533333333333,106.96533333333333
2025-12-24,SEKURITIND,INE068B01017,BSE,105.45,0.0,0.0,3311.081,0.0,0.0,0.0,0.0,0.0,0.0,1900.0416666666667,1900.0416666666667,1900.0416666666667
2025-12-24,ARAVALIS,INE068C01015,BSE,3.95,0.0,0.0,3.95,0.0,0.0,0.0,0.0,0.0,0.0,2.812666666666667,2.812666666666667,2.812666666666667
2025-12-26,CANTABIL,INE068L01024,NSE,254.47,57.31,9598353.93,16860.398370000003,57.666,57.47571428571428,57.47571428571428,54865675.7,41205033.23428571,41205033.23428571,91131.72832199998,68637.71877571427,68637.71877571427
2025-12-26,GLAND,INE068V01023,NSE,1653.5,78.82,376690449.0,478436.893,57.834,55.81142857142857,55.81142857142857,62994833.7,52896627.885714285,52896627.885714285,112620.95918,95303.42501428572,95303.42501428572
2025-12-24,ANUPAM,INE069B01023,BSE,2.82,0.0,0.0,1657.181,0.0,0.0,0.0,0.0,0.0,0.0,4850.383666666667,4850.383666666667,4850.383666666667
2025-12-24,SURAJ,INE069E01019,BSE,227.45,0.0,0.0,603.54,0.0,0.0,0.0,0.0,0.0,0.0,1420.2386666666669,1420.2386666666669,1420.2386666666669
2025-12-26,ECOSMOBLTY,INE06HJ01020,NSE,198.79,46.78,25670746.65,55589.647240000006,45.336,45.487142857142864,45.487142857142864,29108908.036000002,26029723.52,26029723.52,62947.38031,56314.299497142856,56314.299497142856
2025-12-26,OSIAHYPER,INE06IR01021,NSE,14.57,61.6,14061186.46,23090.89809,50.263999999999996,51.6,51.6,8941157.162,9592939.137142858,9592939.137142858,18743.731036,19398.277965714286,19398.277965714286
2025-12-24,VRFILMS,INE06LG01010,BSE,15.5,0.0,0.0,13.954,0.0,0.0,0.0,0.0,0.0,0.0,21.908,21.908,21.908
2025-12-24,NATURAL,INE06MM01016,BSE,4.66,0.0,0.0,91.501,0.0,0.0,0.0,0.0,0.0,0.0,108.89799999999998,108.89799999999998,108.89799999999998
2025-12-26,INDIQUBE,INE06ST01018,NSE,205.0,58.71,3129735.0,5281.96804,62.736000000000004,59.23285714285714,59.23285714285714,4446160.742,7258531.688571428,7258531.688571428,6659.193204,12716.829611428571,12716.829611428571
2025-12-24,EVANS,INE06TD01010,BSE,129.0,0.0,0.0,129.0,0.0,0.0,0.0,0.0,0.0,0.0,342.31666666666666,342.31666666666666,342.31666666666666
2025-12-26,LAXMIINDIA,INE06WU01026,NSE,125.37,49.2,9485619.57,19406.80268,54.036,55.16142857142857,55.16142857142857,9811984.502,9488571.922857145,9488571.922857145,19204.69738,17666.12509,17666.12509
2025-12-26,GEMAROMA,INE06XZ01023,NSE,168.65,34.94,19640304.400000002,55854.76767,32.09,34.16857142857143,34.16857142857143,27734393.636,26049516.97,26049516.97,99692.28499,87989.32299000002,87989.32299000002
2025-12-19,TRANSPACT,INE06YD01010,BSE,132.0,0.0,0.0,66.0,0.0,0.0,0.0,0.0,0.0,0.0,1391.875,1391.875,1391.875
2025-12-26,SHANTIGOLD,INE06ZD01017,NSE,188.37,63.07,44146016.46,70215.45895,48.17999999999999,52.58428571428572,52.58428571428572,16416386.138,16572829.857142856,16572829.857142856,34042.441007999994,31917.33433571428,31917.33433571428
2025-12-26,SHREECEM,INE070A01015,NSE,26420.0,69.38,845492840.0,1217289.305,60.138,64.0342857142857,64.0342857142857,468443129.0,607532330.7142857,607532330.7142857,771523.277,904185.7785714287,904185.7785714287
2025-12-26,JAICORPLTD,INE070D01027,NSE,132.52,18.89,87311729.64,471310.99337,21.872,28.368571428571425,28.368571428571425,32106896.827999998,27881706.60142857,27881706.60142857,173878.83208999998,135402.5574242857,135402.5574242857
2025-12-26,INSECTICID,INE070I01018,NSE,712.2,54.01,5127840.0,9465.054,51.178,51.68,51.68,5042069.2700000005,5011875.4428571435,5011875.4428571435,10893.032319999998,10720.43464285714,10720.43464285714
2025-12-24,APIS,INE070K01014,BSE,67.85,0.0,0.0,0.678,0.0,0.0,0.0,0.0,0.0,0.0,3.291,3.291,3.291
2025-12-26,MENONBE,INE071D01033,NSE,106.16,53.06,567637.52,1072.9794,62.934000000000005,64.64857142857143,64.64857142857143,1525495.382,1725032.72,1725032.72,2421.734738,2651.43797,2651.43797
2025-12-26,UGARSUGAR,INE071E01023,NSE,42.53,60.77,3952142.7800000003,6447.78364,52.88199999999999,57.43714285714285,57.43714285714285,4822768.274,4888979.327142858,4888979.327142858,8926.77133,8492.395877142857,8492.395877142857
2025-12-26,APCL,INE071F01012,NSE,118.84,63.9,414989.28,655.7745600000001,67.836,66.76571428571428,66.76571428571428,414368.85199999996,385326.7,385326.7,613.588098,580.0082828571428,580.0082828571428
2025-12-26,EPIGRAL,INE071N01016,NSE,1277.7,65.28,56080808.4,86912.8773,64.712,64.18857142857142,64.18857142857142,96862948.0,71760410.57142857,71760410.57142857,144857.22376,107558.72848571428,107558.72848571428
2025-12-24,TTFL,INE071Y01013,BSE,256.75,0.0,0.0,21618.623,0.0,0.0,0.0,0.0,0.0,0.0,15545.636666666665,15545.636666666665,15545.636666666665
2025-12-24,INDIAHOMES,INE072A01029,BSE,12.86,0.0,0.0,24236.964,0.0,0.0,0.0,0.0,0.0,0.0,21849.529,21849.529,21849.529
2025-12-24,AEIM,INE072B01027,BSE,135.35,0.0,0.0,4055.72,0.0,0.0,0.0,0.0,0.0,0.0,5062.204333333332,5062.204333333332,5062.204333333332
2025-12-24,AMBARPIL,INE072V01017,BSE,260.75,0.0,0.0,67.6,0.0,0.0,0.0,0.0,0.0,0.0,307.23833333333334,307.23833333333334,307.23833333333334
2025-12-24,KRIFILIND,INE073A01019,BSE,6.3,0.0,0.0,0.006,0.0,0.0,0.0,0.0,0.0,0.0,52.333,52.333,52.333
2025-12-26,SUNDRMBRAK,INE073D01013,NSE,699.2,70.12,369177.60000000003,531.95555,71.304,69.85428571428572,69.85428571428572,591948.9299999999,570266.6142857142,570266.6142857142,816.63,802.1051357142858,802.1051357142858
2025-12-26,ASALCBR,INE073G01016,NSE,962.35,63.8,12108287.700000001,18993.570600000003,45.438,47.28857142857142,47.28857142857142,14020332.919999998,11913242.364285713,11913242.364285713,35754.40462,29200.589,29200.589
2025-12-26,SONACOMS,INE073K01018,NSE,482.1,54.61,196950866.70000002,361379.59625,49.897999999999996,49.771428571428565,49.771428571428565,465854090.71000004,372837402.99285716,372837402.99285716,803824.36325,657708.8340785714,657708.8340785714
2025-12-26,PRAJIND,INE074A01025,NSE,333.1,37.62,49375079.900000006,131582.54265000002,30.912,25.225714285714286,25.225714285714286,109511123.91999999,195256714.0285714,195256714.0285714,423513.15981,1578610.5294499998,1578610.5294499998
2025-12-26,PARACABLES,INE074B01023,NSE,39.07,16.18,74787207.95,483160.62289999996,49.55800000000001,50.70714285714286,50.70714285714286,13763676.664,12439740.85,12439740.85,29748.196844,26139.002235714284,26139.002235714284
2025-12-24,HINDADH,INE074C01013,BSE,317.9,0.0,0.0,122.646,0.0,0.0,0.0,0.0,0.0,0.0,256.3013333333333,256.3013333333333,256.3013333333333
2025-12-24,SARTHAKIND,INE074H01012,BSE,33.99,0.0,0.0,26.35,0.0,0.0,0.0,0.0,0.0,0.0,4.574333333333334,4.574333333333334,4.574333333333334
2025-12-26,WIPRO,INE075A01022,NSE,266.3,42.68,329506305.0,774429.56777,48.134,49.90857142857143,49.90857142857143,1275785752.944,1073198727.2514286,1073198727.2514286,2607248.221942,2156566.818308572,2156566.818308572
2025-12-26,GMBREW,INE075D01018,NSE,1196.4,24.78,262506909.60000002,1030074.807,29.625999999999998,30.95428571428571,30.95428571428571,77749573.38,61924033.44285714,61924033.44285714,293520.37772,228341.01794285714,228341.01794285714
2025-12-24,SARTHAKGL,INE075H01019,BSE,41.09,0.0,0.0,34.967,0.0,0.0,0.0,0.0,0.0,0.0,21.087333333333333,21.087333333333333,21.087333333333333
2025-12-26,HCG,INE075I01017,NSE,672.3,65.16,70745456.69999999,108244.73345,57.962,58.49571428571428,58.49571428571428,61763556.56999999,52804252.05,52804252.05,97700.19225,83961.91894285716,83961.91894285716
2025-12-24,ANVRDHI,INE075K01013,BSE,10.29,0.0,0.0,74.331,0.0,0.0,0.0,0.0,0.0,0.0,123.28166666666668,123.28166666666668,123.28166666666668
2025-12-26,SIYSIL,INE076B01028,NSE,648.15,65.79,10840308.75,16480.3057,47.894000000000005,49.57571428571429,49.57571428571429,17529452.939999998,16711146.67142857,16711146.67142857,36448.10755,33991.59219285714,33991.59219285714
2025-12-26,IFBAGRO,INE076C01018,NSE,1384.8,38.34,19592150.4,50795.465,43.55,42.702857142857134,42.702857142857134,19426015.52,15186772.2,15186772.2,43325.8606,34035.40521428572,34035.40521428572
2025-12-24,GAGAN,INE076D01016,BSE,21.76,0.0,0.0,163.537,0.0,0.0,0.0,0.0,0.0,0.0,83.82566666666666,83.82566666666666,83.82566666666666
2025-12-23,11RDCCIL28,INE076I07038,BSE,98800.0,0.0,0.0,98.8,0.0,0.0,0.0,0.0,0.0,0.0,98.8,98.8,98.8
2025-12-24,ZODJRDMKJ,INE077B01018,BSE,39.08,0.0,0.0,224.881,0.0,0.0,0.0,0.0,0.0,0.0,560.1239999999999,560.1239999999999,560.1239999999999
2025-12-26,GOCLCORP,INE077F01035,NSE,290.05,45.4,4509697.4,9943.8825,50.104,47.21142857142858,47.21142857142858,5755939.32,8504025.057142857,8504025.057142857,11430.97568,20364.117585714284,20364.117585714284
2025-12-24,THACKER,INE077P01034,BSE,1446.0,0.0,0.0,34.832,0.0,0.0,0.0,0.0,0.0,0.0,12.511000000000001,12.511000000000001,12.511000000000001
2025-12-24,PGFOILQ,INE078D01012,BSE,173.75,0.0,0.0,738.753,0.0,0.0,0.0,0.0,0.0,0.0,526.255,526.255,526.255
2025-12-24,ARCHITORG,INE078I01011,BSE,41.77,0.0,0.0,206.207,0.0,0.0,0.0,0.0,0.0,0.0,349.79266666666666,349.79266666666666,349.79266666666666
2025-12-24,KRRAIL,INE078T01026,BSE,34.07,0.0,0.0,18381.697,0.0,0.0,0.0,0.0,0.0,0.0,2456.144,2456.144,2456.144
2025-12-26,VIKRAMSOLR,INE078V01014,NSE,246.3,25.29,77068008.9,306433.05195,39.251999999999995,40.21857142857142,40.21857142857142,98265159.58000001,110074691.25714287,110074691.25714287,337174.81967,336016.6831285714,336016.6831285714
2025-12-26,AMBUJACEM,INE079A01024,NSE,554.65,59.67,635134152.1999999,1061695.6443999999,49.962,52.07714285714285,52.07714285714285,630467118.96,568265237.9714286,568265237.9714286,1564414.16109,1306453.2416357144,1306453.2416357144
2025-12-24,KEL,INE079C01012,BSE,29.4,0.0,0.0,0.441,0.0,0.0,0.0,0.0,0.0,0.0,2.380333333333333,2.380333333333333,2.380333333333333
2025-12-26,GATEWAY,INE079J01017,NSE,61.01,55.65,46786433.65,85676.51720999999,56.75599999999999,54.20428571428572,54.20428571428572,26972104.232,24772280.957142856,24772280.957142856,44924.658864,43557.93046285714,43557.93046285714
2025-12-24,IYKOTHITE,INE079L01013,BSE,12.34,0.0,0.0,5.749,0.0,0.0,0.0,0.0,0.0,0.0,20.181,20.181,20.181
2025-12-23,SHPLPUNE,INE07G501017,BSE,832.0,0.0,0.0,3.328,0.0,0.0,0.0,0.0,0.0,0.0,100.9795,100.9795,100.9795
2025-12-24,SGFRL,INE07GA01011,BSE,131.35,0.0,0.0,395.025,0.0,0.0,0.0,0.0,0.0,0.0,2338.762,2338.762,2338.762
2025-12-26,ZAGGLE,INE07K301024,NSE,350.75,48.08,86648578.5,181912.63515000002,53.878,53.048571428571435,53.048571428571435,108224350.99000001,112219538.53571428,112219538.53571428,198945.95519,216478.19516428575,216478.19516428575
2025-12-24,DMR,INE07L501010,BSE,41.5,0.0,0.0,322.218,0.0,0.0,0.0,0.0,0.0,0.0,158.964,158.964,158.964
2025-12-26,EASEMYTRIP,INE07O001026,NSE,7.47,57.57,26168201.82,45825.08414,43.152,41.89714285714285,41.89714285714285,27074696.872,26355379.97714286,26355379.97714286,62051.233118,63170.68371428571,63170.68371428571
2025-12-26,NDRAUTO,INE07OG01012,NSE,816.65,56.72,3429930.0,6076.821349999999,47.836,46.23428571428571,46.23428571428571,4595074.220000001,5146378.592857143,5146378.592857143,9681.0949,12333.474549999999,12333.474549999999
2025-12-24,SYTIXSE,INE07P301011,BSE,15.26,0.0,0.0,0.152,0.0,0.0,0.0,0.0,0.0,0.0,2.828333333333333,2.828333333333333,2.828333333333333
2025-12-26,SUPRIYA,INE07RO01027,NSE,738.4,53.8,33132746.4,62360.347350000004,51.40999999999999,51.33285714285713,51.33285714285713,35555376.26,42043556.199999996,42043556.199999996,68264.97272,81148.38590000001,81148.38590000001
2025-12-26,PAVNAIND,INE07S101038,NSE,23.69,67.59,1835643.34,2755.97058,55.580000000000005,57.42285714285715,57.42285714285715,983108.1259999999,995549.53,995549.53,1798.9254500000002,1762.3181542857144,1762.3181542857144
2025-12-26,RBA,INE07T201019,NSE,61.39,63.21,229361389.04,367915.31604,51.3,54.028571428571425,54.028571428571425,492606988.524,412610970.8085714,412610970.8085714,1015259.8372480001,825910.2403000001,825910.2403000001
2025-12-26,IRMENERGY,INE07U701015,NSE,282.65,22.69,10389931.35,46820.58104999999,43.456,46.03285714285714,46.03285714285714,4040242.71,4172248.4142857143,4172248.4142857143,9516.20848,9206.622785714286,9206.622785714286
2025-12-26,POWERINDIA,INE07Y701011,NSE,18350.0,20.86,233558800.0,1121432.54,28.834000000000003,31.69,31.69,558990503.0,532617417.85714287,532617417.85714287,1873420.114,1692787.5507142856,1692787.5507142856
2025-12-26,WEIZMANIND,INE080A01014,NSE,98.55,95.59,68295.15,72.05941,64.68199999999999,69.44142857142856,69.44142857142856,66592.22,106391.25428571428,106391.25428571428,102.80486,148.6675385714286,148.6675385714286
2025-12-26,KOHINOOR,INE080B01012,NSE,28.2,31.1,826683.0,2679.0228500000003,54.636,48.472857142857144,48.472857142857144,949390.8699999999,824806.9528571429,824806.9528571429,1681.61002,1637.7909700000002,1637.7909700000002
2025-12-24,SYBLY,INE080D01042,BSE,1.5,0.0,0.0,3.321,0.0,0.0,0.0,0.0,0.0,0.0,19.132,19.132,19.132
2025-12-24,CONTILI,INE080G01029,BSE,25.95,0.0,0.0,245.24,0.0,0.0,0.0,0.0,0.0,0.0,52.488,52.488,52.488
2025-12-26,LLOYDSENT,INE080I01025,NSE,62.52,44.9,178205570.04000002,408615.82785,37.995999999999995,33.988571428571426,33.988571428571426,131721396.58600001,129285021.6557143,129285021.6557143,353414.60870599997,433475.66696,433475.66696
2025-12-26,TATASTEEL,INE081A01020,NSE,169.12,51.39,1469260610.72,2852049.16084,52.718,51.64714285714286,51.64714285714286,1867708860.8639998,1763902143.5357144,1763902143.5357144,3397431.5397119997,3268340.414555714,3268340.414555714
2025-12-24,KANCHI,INE081G01019,BSE,368.05,0.0,0.0,251.98,0.0,0.0,0.0,0.0,0.0,0.0,1128.347,1128.347,1128.347
2025-12-26,KOPRAN,INE082A01010,NSE,148.79,24.34,9854510.49,40581.62681,40.931999999999995,44.99999999999999,44.99999999999999,34796126.33400001,26499746.12571429,26499746.12571429,362076.975904,261530.11736428572,261530.11736428572
2025-12-24,MACPLASQ,INE082B01018,BSE,308.0,0.0,0.0,410.623,0.0,0.0,0.0,0.0,0.0,0.0,68.764,68.764,68.764
2025-12-24,PATELSAI,INE082C01024,BSE,269.0,0.0,0.0,1557.99,0.0,0.0,0.0,0.0,0.0,0.0,1613.6066666666666,1613.6066666666666,1613.6066666666666
2025-12-26,MOREPENLAB,INE083A01026,NSE,41.29,46.59,19156000.02,41335.52924,41.612,46.145714285714284,46.145714285714284,37746869.848000005,35204021.29285715,35204021.29285715,98498.456036,84901.69436428571,84901.69436428571
2025-12-26,THEMISMED,INE083B01024,NSE,101.56,46.58,1549196.24,3350.44236,64.008,60.01142857142856,60.01142857142856,5855454.304,5018529.811428571,5018529.811428571,8298.546936,7534.2324257142855,7534.2324257142855
2025-12-26,PLASTIBLEN,INE083C01022,NSE,163.42,82.0,405118.18,495.48401,77.94,78.66285714285713,78.66285714285713,549129.564,506746.00857142854,506746.00857142854,729.4634520000001,664.5467600000001,664.5467600000001
2025-12-26,BALPHARMA,INE083D01012,NSE,71.87,73.94,493459.42000000004,671.25271,64.646,61.97714285714286,61.97714285714286,209995.3,212342.15285714282,212342.15285714282,325.005486,343.96159428571434,343.96159428571434
2025-12-24,DYNAVSN,INE083E01010,BSE,211.25,0.0,0.0,97.639,0.0,0.0,0.0,0.0,0.0,0.0,1098.8873333333333,1098.8873333333333,1098.8873333333333
2025-12-24,TATIAGLOB,INE083G01031,BSE,2.63,0.0,0.0,136.586,0.0,0.0,0.0,0.0,0.0,0.0,158.49833333333333,158.49833333333333,158.49833333333333
2025-12-24,BENGALASM,INE083K01017,BSE,6914.05,0.0,0.0,4285.478,0.0,0.0,0.0,0.0,0.0,0.0,7974.965333333334,7974.965333333334,7974.965333333334
2025-12-26,BANKINDIA,INE084A01016,NSE,139.77,41.12,141995557.71,345399.55277,48.39399999999999,47.29571428571428,47.29571428571428,336077130.324,340852410.23142856,340852410.23142856,714770.2505079999,743831.7596142857,743831.7596142857
2025-12-24,POLOHOT,INE084C01012,BSE,9.09,0.0,0.0,16.555,0.0,0.0,0.0,0.0,0.0,0.0,10.111333333333333,10.111333333333333,10.111333333333333
2025-12-24,CGVAK,INE084D01010,BSE,233.1,0.0,0.0,670.767,0.0,0.0,0.0,0.0,0.0,0.0,691.2919999999999,691.2919999999999,691.2919999999999
2025-12-26,AMANTA,INE084K01015,NSE,106.78,63.42,6920091.46,11058.67737,56.64,58.29714285714285,58.29714285714285,5523578.102,4297581.755714285,4297581.755714285,9994.691266,7703.241942857143,7703.241942857143
2025-12-26,RACE,INE084Q01012,NSE,142.18,13.83,492084.98000000004,3650.16345,64.65599999999999,57.75857142857143,57.75857142857143,444780.63,550897.26,550897.26,683.1085479999999,1208.3509071428573,1208.3509071428573
2025-12-26,WEWORK,INE085001019,NSE,599.2,56.7,16166416.000000002,28334.76625,52.912,55.99714285714286,55.99714285714286,30183376.97,34228953.20714286,34228953.20714286,53514.81749,56841.243121428575,56841.243121428575
2025-12-26,CHAMBLFERT,INE085A01013,NSE,473.5,41.34,163232496.0,393449.34925,46.940000000000005,42.98857142857143,42.98857142857143,250829615.19,297187251.10714287,297187251.10714287,538240.6848099999,922586.7630642856,922586.7630642856
2025-12-24,METROGLOBL,INE085D01033,BSE,120.0,0.0,0.0,36.921,0.0,0.0,0.0,0.0,0.0,0.0,91.66933333333334,91.66933333333334,91.66933333333334
2025-12-26,THANGAMAYL,INE085J01014,NSE,3208.3,35.16,95010596.2,269044.9745,38.638,36.707142857142856,36.707142857142856,96178221.02000001,120430214.92857143,120430214.92857143,267451.06202,412463.2362571429,412463.2362571429
2025-12-26,ELECTCAST,INE086A01029,NSE,76.1,37.54,17593711.2,47076.05217,47.266000000000005,46.90142857142858,46.90142857142858,38706307.038,35630750.42142857,35630750.42142857,82137.678986,76088.37307285715,76088.37307285715
2025-12-26,ANIKINDS,INE087B01017,NSE,52.32,62.49,345992.16,560.50684,56.08200000000001,48.6857142857143,48.6857142857143,893331.18,1467886.3871428573,1467886.3871428573,1702.8947819999999,3877.4543528571426,3877.4543528571426
2025-12-24,FINELINE,INE087E01011,BSE,92.8,0.0,0.0,137.689,0.0,0.0,0.0,0.0,0.0,0.0,241.78766666666664,241.78766666666664,241.78766666666664
2025-12-26,RENUKA,INE087H01022,NSE,25.86,34.27,18561583.919999998,54040.4439,42.37400000000001,41.71571428571429,41.71571428571429,50117782.92600001,41990744.558571436,41990744.558571436,118365.06124000002,100481.90630285717,100481.90630285717
2025-12-26,AAKASH,INE087Z01024,NSE,8.67,67.83,357021.93,529.5224300000001,63.022000000000006,64.55,64.55,579223.4480000001,538911.9485714285,538911.9485714285,950.2880819999998,873.4190657142856,873.4190657142856
2025-12-24,TRESCON,INE088D01011,BSE,8.3,0.0,0.0,97.68,0.0,0.0,0.0,0.0,0.0,0.0,878.8873333333332,878.8873333333332,878.8873333333332
2025-12-24,GOLDLEG,INE088E01019,BSE,12.2,0.0,0.0,72.06,0.0,0.0,0.0,0.0,0.0,0.0,315.99466666666666,315.99466666666666,315.99466666666666
2025-12-26,PARADEEP,INE088F01024,NSE,159.05,36.74,77987463.65,213416.82353999998,38.584,38.142857142857146,38.142857142857146,195484440.828,259713230.47714284,259713230.47714284,509837.88567200006,765547.9219171429,765547.9219171429
2025-12-24,STHINPA,INE088G01014,BSE,87.0,0.0,0.0,5468.379,0.0,0.0,0.0,0.0,0.0,0.0,3688.385,3688.385,3688.385
2025-12-24,ICONIKSPEV,INE088P01015,BSE,63.22,0.0,0.0,205.51,0.0,0.0,0.0,0.0,0.0,0.0,640.5806666666667,640.5806666666667,640.5806666666667
2025-12-26,DRREDDY,INE089A01031,NSE,1269.3,48.08,362971566.59999996,754407.1468,56.529999999999994,58.19571428571429,58.19571428571429,635248580.78,660938952.3142856,660938952.3142856,1118940.64246,1131639.8719714286,1131639.8719714286
2025-12-26,STLTECH,INE089C01029,NSE,103.01,43.02,28662841.53,67271.28423,36.117999999999995,38.26,38.26,65160640.52,55227041.00285715,55227041.00285715,335853.832302,259818.36971857146,259818.36971857146
2025-12-24,BOMBWIR,INE089T01023,BSE,50.24,0.0,0.0,69.068,0.0,0.0,0.0,0.0,0.0,0.0,22.336,22.336,22.336
2025-12-24,ALPHALOGIC,INE08E401029,BSE,60.76,0.0,0.0,2270.474,0.0,0.0,0.0,0.0,0.0,0.0,614.5903333333333,614.5903333333333,614.5903333333333
2025-12-17,99SFCPL27,INE08E807092,BSE,98400.0,0.0,0.0,98.4,0.0,0.0,0.0,0.0,0.0,0.0,98.4,98.4,98.4
2025-12-26,MUFIN,INE08KJ01020,NSE,114.13,61.63,38996851.44,63429.935020000004,53.391999999999996,55.51142857142857,55.51142857142857,32838311.031999998,30339955.64857143,30339955.64857143,59559.236812,53921.40066857143,53921.40066857143
2025-12-26,DCMNVL,INE08KP01019,NSE,136.85,40.68,2036738.5499999998,4904.7553,66.762,64.07571428571428,64.07571428571428,617496.504,592120.2457142858,592120.2457142858,923.4763999999999,922.8692785714285,922.8692785714285
2025-12-26,KRSNAA,INE08LI01020,NSE,731.25,71.51,16252031.25,22726.98075,65.654,63.87714285714286,63.87714285714286,33126956.079999994,30149510.957142856,30149510.957142856,46418.93365,43935.32245714286,43935.32245714286
2025-12-26,MBEL,INE08N601015,NSE,381.85,43.12,32478251.750000004,76334.77154999999,44.46,47.14714285714286,47.14714285714286,36214575.32000001,34417343.47142857,34417343.47142857,106493.28774999999,91794.69387142856,91794.69387142856
2025-12-26,SANSTAR,INE08NE01025,NSE,87.53,65.14,13054486.790000001,20186.90614,52.19200000000001,53.31142857142858,53.31142857142858,5096158.96,5272487.634285714,5272487.634285714,9816.965768,9920.74998857143,9920.74998857143
2025-12-26,ABCOTS,INE08PH01015,NSE,410.5,41.55,1715479.5,4167.09165,23.499999999999996,26.72285714285714,26.72285714285714,465649.0000000001,456086.61428571434,456086.61428571434,2723.11608,2299.83455,2299.83455
2025-12-24,VALENCIA,INE08RT01016,BSE,70.35,0.0,0.0,105.525,0.0,0.0,0.0,0.0,0.0,0.0,105.525,105.525,105.525
2025-12-26,SAMHI,INE08U801020,NSE,183.3,66.69,42891100.2,64198.22152000001,52.676,52.97428571428571,52.97428571428571,42579910.162,45881308.78714286,45881308.78714286,81142.84823,86854.90096571427,86854.90096571427
2025-12-23,125ACAPL26,INE08XP07241,BSE,4985.0,0.0,0.0,29.91,0.0,0.0,0.0,0.0,0.0,0.0,29.775,29.775,29.775
2025-12-24,985ACAPL26,INE08XP07266,BSE,99000.0,0.0,0.0,193.1,0.0,0.0,0.0,0.0,0.0,0.0,98.504,98.504,98.504
2025-12-24,12ACAPL28,INE08XP07282,BSE,97500.0,0.0,0.0,97.5,0.0,0.0,0.0,0.0,0.0,0.0,285.525,285.525,285.525
2025-12-24,985ACAPL27,INE08XP07316,BSE,9626.67,0.0,0.0,221.137,0.0,0.0,0.0,0.0,0.0,0.0,148.06733333333332,148.06733333333332,148.06733333333332
2025-12-24,12ACAPL27A,INE08XP07399,BSE,9848.0,0.0,0.0,98.48,0.0,0.0,0.0,0.0,0.0,0.0,78.36433333333333,78.36433333333333,78.36433333333333
2025-12-17,13ACAPL28,INE08XP07407,BSE,9450.0,0.0,0.0,94.95,0.0,0.0,0.0,0.0,0.0,0.0,94.95,94.95,94.95
2025-12-24,12ACAPL28A,INE08XP07415,BSE,9500.0,0.0,0.0,722.0,0.0,0.0,0.0,0.0,0.0,0.0,1235.0,1235.0,1235.0
2025-12-24,12ACAPL27B,INE08XP07423,BSE,9512.01,0.0,0.0,28.536,0.0,0.0,0.0,0.0,0.0,0.0,133.406,133.406,133.406
2025-12-26,GREENPANEL,INE08ZM01014,NSE,234.98,48.51,12719937.36,25949.70348,56.715999999999994,58.34285714285714,58.34285714285714,38268252.268,30689982.89857143,30689982.89857143,57865.819498000004,46725.29917857143,46725.29917857143
2025-12-26,SCODATUBES,INE090501011,NSE,163.08,48.33,18980065.8,39297.013,57.65599999999999,53.41428571428571,53.41428571428571,12748635.07,13998607.325714286,13998607.325714286,22155.474488,26769.146737142855,26769.146737142855
2025-12-26,ICICIBANK,INE090A01021,NSE,1350.4,65.94,2503965696.0,3805533.19,57.61,56.03285714285715,56.03285714285715,8042062135.42,7901132717.585714,7901132717.585714,13348312.88212,13763792.2633,13763792.2633
2025-12-26,OMAXAUTO,INE090B01011,NSE,101.45,29.67,3161892.15,10799.68258,48.324,47.94571428571429,47.94571428571429,3254322.46,3720309.882857143,3720309.882857143,6272.410996,7464.027717142856,7464.027717142856
2025-12-24,TITANSEC,INE090D01017,BSE,39.31,0.0,0.0,243.335,0.0,0.0,0.0,0.0,0.0,0.0,196.97400000000002,196.97400000000002,196.97400000000002
2025-12-24,SUPER,INE091C01017,BSE,702.75,0.0,0.0,328.532,0.0,0.0,0.0,0.0,0.0,0.0,461.7079999999999,461.7079999999999,461.7079999999999
2025-12-26,JAIBALAJI,INE091G01026,NSE,64.15,53.31,67548602.85000001,126692.84351,42.086,38.56285714285714,38.56285714285714,32069494.838,39161779.71428572,39161779.71428572,75947.64114400001,112482.99204285715,112482.99204285715
2025-12-24,HINDUST,INE092301014,BSE,53.95,0.0,0.0,78.737,0.0,0.0,0.0,0.0,0.0,0.0,271.7923333333333,271.7923333333333,271.7923333333333
2025-12-26,TATACHEM,INE092A01019,NSE,763.0,36.91,97020791.0,264118.21025,42.346,44.262857142857136,44.262857142857136,93784872.91999999,93023378.72142856,93023378.72142856,223467.864,212851.27894285717,212851.27894285717
2025-12-26,INDNIPPON,INE092B01025,NSE,818.3,33.39,13623876.7,40528.24185,50.982,49.35142857142858,49.35142857142858,7392496.07,6297408.700000001,6297408.700000001,14762.599230000002,12812.906307142857,12812.906307142857
2025-12-19,FRONTCORP,INE092D01013,BSE,40.0,0.0,0.0,1.184,0.0,0.0,0.0,0.0,0.0,0.0,6.176,6.176,6.176
2025-12-24,KAKTEX,INE092E01011,BSE,15.99,0.0,0.0,4.482,0.0,0.0,0.0,0.0,0.0,0.0,6.560666666666667,6.560666666666667,6.560666666666667
2025-12-24,SAICOM,INE092G01024,BSE,0.31,0.0,0.0,145.928,0.0,0.0,0.0,0.0,0.0,0.0,146.48499999999999,146.48499999999999,146.48499999999999
2025-12-24,SHIVAGR,INE092H01014,BSE,28.63,0.0,0.0,2.954,0.0,0.0,0.0,0.0,0.0,0.0,30.386333333333337,30.386333333333337,30.386333333333337
2025-12-26,IDFCFIRSTB,INE092T01019,NSE,85.12,59.38,1068816344.96,1797777.0433,61.212,62.287142857142854,62.287142857142854,1582246733.206,1553088285.2285714,1553088285.2285714,2478933.6193619994,2421467.1065399996,2421467.1065399996
2025-12-26,HEXT,INE093A01041,NSE,751.2,57.75,183005841.60000002,314469.13585,58.388,58.79857142857143,58.79857142857143,540631514.24,457380652.70714283,457380652.70714283,889436.00603,746364.9134714286,746364.9134714286
2025-12-26,OBEROIRLTY,INE093I01010,NSE,1680.6,48.86,257965377.6,530421.0414,52.5,51.87142857142857,51.87142857142857,343686748.84000003,296898676.40000004,296898676.40000004,651348.89954,568668.7130714286,568668.7130714286
2025-12-26,LLOYDSENGG,INE093R01011,NSE,56.13,38.56,33557994.06,87902.00034,34.980000000000004,34.348571428571425,34.348571428571425,84487300.91,84819910.16285715,84819910.16285715,241659.296048,249591.37498714286,249591.37498714286
2025-12-26,HINDPETRO,INE094A01015,NSE,467.7,32.84,168248059.5,511919.82285,53.414,51.62571428571429,51.62571428571429,568382131.2900001,524243524.63571435,524243524.63571435,1022517.5663800001,983042.3123714287,983042.3123714287
2025-12-24,ASHIKA,INE094B01013,BSE,380.25,0.0,0.0,45509.004,0.0,0.0,0.0,0.0,0.0,0.0,46137.13433333333,46137.13433333333,46137.13433333333
2025-12-24,TRIVENIGQ,INE094C01011,BSE,9.34,0.0,0.0,72.68,0.0,0.0,0.0,0.0,0.0,0.0,159.523,159.523,159.523
2025-12-24,MANSIFIN,INE094E01017,BSE,78.98,0.0,0.0,55.647,0.0,0.0,0.0,0.0,0.0,0.0,285.8376666666666,285.8376666666666,285.8376666666666
2025-12-26,KOLTEPATIL,INE094I01018,NSE,393.0,51.48,2635065.0,5111.6622,50.22,55.32571428571429,55.32571428571429,10183673.75,10363013.62142857,10363013.62142857,19721.150660000003,18492.915871428573,18492.915871428573
2025-12-26,UTIAMC,INE094J01016,NSE,1124.9,52.45,18365117.400000002,35190.150799999996,45.047999999999995,51.76571428571429,51.76571428571429,58464476.760000005,56016218.885714285,56016218.885714285,201660.15016000002,163318.61155714287,163318.61155714287
2025-12-24,MISHTANN,INE094S01041,BSE,5.02,0.0,0.0,9580.277,0.0,0.0,0.0,0.0,0.0,0.0,5233.074333333333,5233.074333333333,5233.074333333333
2025-12-26,INDUSINDBK,INE095A01012,NSE,849.85,52.68,1906248393.8500001,3629222.0741,50.542,50.16571428571429,50.16571428571429,1445137533.16,1380838254.8142858,1380838254.8142858,2454721.2735400004,2464115.0615357147,2464115.0615357147
2025-12-24,ELEMARB,INE095B01010,BSE,204.55,0.0,0.0,282.994,0.0,0.0,0.0,0.0,0.0,0.0,141.13333333333333,141.13333333333333,141.13333333333333
2025-12-24,YASHRAJC,INE095C01018,BSE,5.75,0.0,0.0,18.662,0.0,0.0,0.0,0.0,0.0,0.0,9.017666666666665,9.017666666666665,9.017666666666665
2025-12-26,PPAP,INE095I01015,NSE,209.55,55.45,1210151.25,2214.3664700000004,51.564,56.96,56.96,826263.074,738825.9671428573,738825.9671428573,1616.7338,1363.86869,1363.86869
2025-12-26,NBCC,INE095N01031,NSE,122.06,31.76,1755685529.46,5467837.163020001,34.024,32.96142857142858,32.96142857142858,400796088.512,393212657.3142857,393212657.3142857,1207984.549134,1219103.0491342857,1219103.0491342857
2025-12-24,UTIQUE,INE096A01010,BSE,4.8,0.0,0.0,71.717,0.0,0.0,0.0,0.0,0.0,0.0,122.14733333333334,122.14733333333334,122.14733333333334
2025-12-26,NUCLEUS,INE096B01018,NSE,920.0,56.6,3185960.0,5633.23715,52.378,49.797142857142845,49.797142857142845,5077381.92,6794669.457142858,6794669.457142858,9737.91184,16900.549742857143,16900.549742857143
2025-12-24,ANJANIFOODS,INE096I01021,BSE,23.79,0.0,0.0,95.952,0.0,0.0,0.0,0.0,0.0,0.0,126.769,126.769,126.769
2025-12-23,KTIL,INE096L01025,BSE,81.88,0.0,0.0,22.507,0.0,0.0,0.0,0.0,0.0,0.0,151.7065,151.7065,151.7065
2025-12-24,MINALIND,INE097E01028,BSE,3.11,0.0,0.0,53.707,0.0,0.0,0.0,0.0,0.0,0.0,555.0823333333334,555.0823333333334,555.0823333333334
2025-12-24,HARSHILAGR,INE098E01026,BSE,0.54,0.0,0.0,3045.39,0.0,0.0,0.0,0.0,0.0,0.0,2945.925333333333,2945.925333333333,2945.925333333333
2025-12-26,AMRUTANJAN,INE098F01031,NSE,683.8,56.21,4539064.399999999,8046.51,57.903999999999996,54.23428571428571,54.23428571428571,5791324.14,8238080.957142857,8238080.957142857,9870.990150000001,15982.97492857143,15982.97492857143
2025-12-24,UNISON,INE099D01026,BSE,1.57,0.0,0.0,2069.469,0.0,0.0,0.0,0.0,0.0,0.0,1297.9126666666666,1297.9126666666666,1297.9126666666666
2025-12-24,NAGPI,INE099E01016,BSE,98.02,0.0,0.0,2645.82,0.0,0.0,0.0,0.0,0.0,0.0,90.866,90.866,90.866
2025-12-26,SREEL,INE099F01013,NSE,217.44,53.82,904767.84,1700.88439,69.732,72.62571428571428,72.62571428571428,1354183.9980000001,1220268.2585714287,1220268.2585714287,2014.0322540000002,1758.92392,1758.92392
2025-12-24,SCANSTL,INE099G01011,BSE,33.74,0.0,0.0,2308.925,0.0,0.0,0.0,0.0,0.0,0.0,1633.0466666666664,1633.0466666666664,1633.0466666666664
2025-12-24,IGCIL,INE099S01016,BSE,2.3,0.0,0.0,224.377,0.0,0.0,0.0,0.0,0.0,0.0,381.4446666666667,381.4446666666667,381.4446666666667
2025-12-26,MIDHANI,INE099Z01011,NSE,318.6,36.0,108773226.00000001,301523.98925,31.624000000000002,35.645714285714284,35.645714285714284,64970654.06999999,55020364.19999999,55020364.19999999,211518.89664,170038.00850714283,170038.00850714283
2025-12-23,AVEER,INE09BN01011,BSE,620.0,0.0,0.0,61.38,0.0,0.0,0.0,0.0,0.0,0.0,1.5445,1.5445,1.5445
2025-12-26,RVHL,INE09E501017,NSE,54.74,57.38,1057248.36,1830.28992,69.06666666666666,69.06666666666666,69.06666666666666,959964.32,959964.32,959964.32,1519.9145700000001,1519.9145700000001,1519.9145700000001
2025-12-26,AARTISURF,INE09EO01013,NSE,392.4,72.91,2159769.6,2974.86875,66.19800000000001,67.24857142857142,67.24857142857142,2616635.0100000002,2109320.4285714286,2109320.4285714286,3773.34073,3039.785542857143,3039.785542857143
2025-12-26,ATAM,INE09KD01013,NSE,80.79,70.7,722989.7100000001,1033.6166600000001,63.962,61.82428571428572,61.82428571428572,265132.436,275703.19,275703.19,435.027358,464.4249485714286,464.4249485714286
2025-12-26,FLUOROCHEM,INE09N301011,NSE,3627.7,82.16,519044060.59999996,631600.7298999999,43.798,43.02428571428572,43.02428571428572,65308851.660000004,59917045.10000001,59917045.10000001,144925.48426,136232.4132,136232.4132
2025-12-26,INDIGOPNTS,INE09VQ01012,NSE,1127.5,48.6,16964365.0,35259.6007,42.33,44.34142857142857,44.34142857142857,11462631.26,12166182.814285714,12166182.814285714,26977.284999999996,27349.946257142856,27349.946257142856
2025-12-26,AKUMS,INE09XN01023,NSE,446.4,45.16,23206104.0,51264.11605,43.51,46.74,46.74,67454140.66,58074152.666666664,58074152.666666664,406431.62257,341661.808275,341661.808275
2025-12-26,DCI,INE0A1101019,NSE,245.8,89.31,757801.4,846.41725,59.754,55.79142857142857,55.79142857142857,693669.6,1013498.6428571428,1013498.6428571428,1223.4818200000002,2175.3080285714286,2175.3080285714286
2025-12-24,MCPL,INE0A6N01026,BSE,103.0,0.0,0.0,103.0,0.0,0.0,0.0,0.0,0.0,0.0,579.1166666666667,579.1166666666667,579.1166666666667
2025-12-23,CITICHEM,INE0A8401016,BSE,23.62,0.0,0.0,47.24,0.0,0.0,0.0,0.0,0.0,0.0,49.98,49.98,49.98
2025-12-24,PSPL,INE0ABU01016,BSE,60.56,0.0,0.0,542.86,0.0,0.0,0.0,0.0,0.0,0.0,761.15,761.15,761.15
2025-12-26,VPRPL,INE0AE001013,NSE,58.74,27.27,95494557.84,356448.45225,23.768,24.990000000000002,24.990000000000002,117241982.06600001,97376649.97857143,97376649.97857143,525666.712804,442965.1183414286,442965.1183414286
2025-12-26,CEIGALL,INE0AG901020,NSE,259.91,48.79,62500037.88,126651.23027,46.192,47.78857142857144,47.78857142857144,59825575.45600001,44790420.90285715,44790420.90285715,148632.106936,110110.88129285714,110110.88129285714
2025-12-24,CHATHA,INE0AH901011,BSE,86.45,0.0,0.0,256.8,0.0,0.0,0.0,0.0,0.0,0.0,6731.610000000001,6731.610000000001,6731.610000000001
2025-12-26,HEMIPROP,INE0AJG01018,NSE,140.77,18.07,87480812.65,479210.00784,46.942,51.205714285714286,51.205714285714286,13596383.156,14498419.937142858,14498419.937142858,29205.126438,28628.566495714284,28628.566495714284
2025-12-24,RRECL,INE0AK901016,BSE,162.75,0.0,0.0,113.24,0.0,0.0,0.0,0.0,0.0,0.0,557.8873333333332,557.8873333333332,557.8873333333332
2025-12-24,ADVAIT,INE0ALI01010,BSE,1493.9,0.0,0.0,17256.375,0.0,0.0,0.0,0.0,0.0,0.0,22006.967666666667,22006.967666666667,22006.967666666667
2025-12-26,ATALREAL,INE0ALR01029,NSE,25.4,25.46,10679836.399999999,41791.59878,34.230000000000004,33.41285714285714,33.41285714285714,15084009.976000002,19798513.292857144,19798513.292857144,44098.60791,60323.66507285713,60323.66507285713
2025-12-24,KENRIK,INE0AOG01018,BSE,10.22,0.0,0.0,120.18,0.0,0.0,0.0,0.0,0.0,0.0,176.57999999999998,176.57999999999998,176.57999999999998
2025-12-26,MGEL,INE0APB01032,NSE,14.52,27.66,1331571.1199999999,4851.74126,52.246,57.36,57.36,2833079.0200000005,3804923.2742857146,3804923.2742857146,5799.129731999999,6569.132185714285,6569.132185714285
2025-12-26,THELEELA,INE0AQ201015,NSE,434.7,43.88,103574664.89999999,236705.91509999998,63.028000000000006,60.25428571428573,60.25428571428573,43864918.29,47375381.95714285,47375381.95714285,69669.73566,80206.21092142859,80206.21092142859
2025-12-26,KRONOX,INE0ATZ01017,NSE,140.89,59.91,1955130.5299999998,3266.44094,48.426,52.58142857142857,52.58142857142857,1787554.068,2340010.3457142855,2340010.3457142855,3767.0951420000006,4330.568051428571,4330.568051428571
2025-12-26,DJML,INE0B1K01014,NSE,69.04,10.92,440613.28,4024.6009900000004,25.208,23.75,23.75,3373528.62,5623791.034285715,5623791.034285715,12886.410442000002,23707.53891142857,23707.53891142857
2025-12-24,TIMESGREEN,INE0B6101012,BSE,100.0,0.0,0.0,1200.0,0.0,0.0,0.0,0.0,0.0,0.0,728.8333333333334,728.8333333333334,728.8333333333334
2025-12-24,BONLON,INE0B9A01018,BSE,43.1,0.0,0.0,453.105,0.0,0.0,0.0,0.0,0.0,0.0,397.98966666666666,397.98966666666666,397.98966666666666
2025-12-26,BANSALWIRE,INE0B9K01025,NSE,311.2,43.52,8774284.0,20249.1035,60.56400000000001,59.32571428571429,59.32571428571429,8948758.47,7824598.707142858,7824598.707142858,14128.3785,12628.22025,12628.22025
2025-12-24,ROJL,INE0BDU01028,BSE,1.97,0.0,0.0,89.077,0.0,0.0,0.0,0.0,0.0,0.0,226.992,226.992,226.992
2025-12-23,TRANWAY21,INE0BIW01023,BSE,4.52,0.0,0.0,96.3,0.0,0.0,0.0,0.0,0.0,0.0,35.5,35.5,35.5
2025-12-26,GOCOLORS,INE0BJS01011,NSE,472.75,43.23,36157811.0,84154.58,54.126,55.790000000000006,55.790000000000006,32075281.419999994,27912120.69285714,27912120.69285714,56204.92708000001,48388.164128571436,48388.164128571436
2025-12-24,SHINEFASH,INE0BLY01023,BSE,42.5,0.0,0.0,1058.12,0.0,0.0,0.0,0.0,0.0,0.0,1465.88,1465.88,1465.88
2025-12-26,PREMIERENE,INE0BS701011,NSE,877.0,42.19,199928813.0,477293.636,38.367999999999995,35.238571428571426,35.238571428571426,364548089.22999996,300924896.57857144,300924896.57857144,1002357.9516999999,867878.7698285714,867878.7698285714
2025-12-24,LOGICA,INE0BSU01018,BSE,225.45,0.0,0.0,1986.39,0.0,0.0,0.0,0.0,0.0,0.0,2487.4350000000004,2487.4350000000004,2487.4350000000004
2025-12-26,KAMOPAINTS,INE0BTI01037,NSE,6.18,58.78,7538357.819999999,12977.5937,69.58,68.59571428571428,68.59571428571428,2589721.368,2195477.3899999997,2195477.3899999997,3959.6993220000004,3351.434431428572,3351.434431428572
2025-12-26,SECMARK,INE0BTM01013,NSE,114.61,28.71,198733.74,709.7788,71.38,64.21428571428571,64.21428571428571,106238.906,111507.4842857143,111507.4842857143,166.687356,202.19256142857145,202.19256142857145
2025-12-24,GALLARD,INE0BUQ01012,BSE,210.0,0.0,0.0,838.0,0.0,0.0,0.0,0.0,0.0,0.0,3495.7333333333336,3495.7333333333336,3495.7333333333336
2025-12-23,11IML27,INE0BUS07569,BSE,990.0,0.0,0.0,9.9,0.0,0.0,0.0,0.0,0.0,0.0,9.9,9.9,9.9
2025-12-17,IML28,INE0BUS07957,BSE,1115.0,0.0,0.0,3.345,0.0,0.0,0.0,0.0,0.0,0.0,3.345,3.345,3.345
2025-12-23,12IML29,INE0BUS07BE5,BSE,1020.1,0.0,0.0,15.301,0.0,0.0,0.0,0.0,0.0,0.0,397.069,397.069,397.069
2025-12-24,IML8112024,INE0BUS07BF2,BSE,1109.78,0.0,0.0,2.219,0.0,0.0,0.0,0.0,0.0,0.0,24.523,24.523,24.523
2025-12-24,11IML026,INE0BUS07BN6,BSE,9890.0,0.0,0.0,159.291,0.0,0.0,0.0,0.0,0.0,0.0,247.15533333333335,247.15533333333335,247.15533333333335
2025-12-23,11IML2026,INE0BUS07BO4,BSE,99227.07,0.0,0.0,198.454,0.0,0.0,0.0,0.0,0.0,0.0,198.454,198.454,198.454
2025-12-19,11IML26B,INE0BUS07BQ9,BSE,99255.21,0.0,0.0,99.255,0.0,0.0,0.0,0.0,0.0,0.0,99.255,99.255,99.255
2025-12-24,12IML28,INE0BUS07BX5,BSE,100000.0,0.0,0.0,100.0,0.0,0.0,0.0,0.0,0.0,0.0,100.0,100.0,100.0
2025-12-24,IML301025D,INE0BUS07CA1,BSE,986.0,0.0,0.0,203.787,0.0,0.0,0.0,0.0,0.0,0.0,1213.4513333333332,1213.4513333333332,1213.4513333333332
2025-12-24,9IML26A,INE0BUS07CB9,BSE,960.1,0.0,0.0,20.105,0.0,0.0,0.0,0.0,0.0,0.0,20.105,20.105,20.105
2025-12-17,IML301025,INE0BUS07CF0,BSE,985.01,0.0,0.0,9.85,0.0,0.0,0.0,0.0,0.0,0.0,9.85,9.85,9.85
2025-12-26,MAPMYINDIA,INE0BV301023,NSE,1678.2,40.57,14649007.8,36288.5636,42.547999999999995,43.73714285714285,43.73714285714285,30052758.080000002,26957522.4,26957522.4,71877.01086000001,63170.055014285725,63170.055014285725
2025-12-19,ALTIUSINVIT,INE0BWS23018,BSE,153.0,0.0,0.0,3825.0,0.0,0.0,0.0,0.0,0.0,0.0,3825.0,3825.0,3825.0
2025-12-26,AETHER,INE0BWX01014,NSE,846.65,52.89,41483310.05,78199.29759999999,49.39399999999999,47.49571428571428,47.49571428571428,51678806.56999999,43494647.69285714,43494647.69285714,100428.63905,87032.7129857143,87032.7129857143
2025-12-26,PROSTARM,INE0BX301013,NSE,177.1,36.55,30694617.8,84064.32319,29.727999999999998,32.38285714285714,32.38285714285714,25375069.722,26390078.344285715,26390078.344285715,90149.064152,85454.98448428571,85454.98448428571
2025-12-26,JUBLINGREA,INE0BY001018,NSE,710.45,47.53,34115098.550000004,72388.2395,55.39399999999999,50.308571428571426,50.308571428571426,148261044.85,118833355.22857141,118833355.22857141,252616.81696000003,220978.4637214286,220978.4637214286
2025-12-26,OSWALPUMPS,INE0BYP01024,NSE,543.0,48.32,65503719.0,136119.19895,40.047999999999995,37.660000000000004,37.660000000000004,96323822.58000001,112457987.55714287,112457987.55714287,240652.40886999998,318852.1083785714,318852.1083785714
2025-12-19,SMAUTO,INE0C4I01011,BSE,25.15,0.0,0.0,50.3,0.0,0.0,0.0,0.0,0.0,0.0,50.3,50.3,50.3
2025-12-26,URBANCO,INE0CAZ01013,NSE,128.4,34.4,291573159.6,852671.34232,37.822,34.145714285714284,34.145714285714284,330683426.06000006,374443293.11571425,374443293.11571425,858785.812758,1180074.1339128572,1180074.1339128572
2025-12-24,RIKHAV,INE0CFH01028,BSE,56.9,0.0,0.0,365.712,0.0,0.0,0.0,0.0,0.0,0.0,2810.394666666667,2810.394666666667,2810.394666666667
2025-12-26,MUKKA,INE0CG401037,NSE,24.06,59.17,3279931.38,5548.985900000001,53.13199999999999,50.36,50.36,3838964.964,3954853.7942857146,3954853.7942857146,7469.167619999998,8125.473342857142,8125.473342857142
2025-12-26,MAXIND,INE0CG601016,NSE,186.25,48.96,1492048.75,3053.39178,57.75,58.66714285714285,58.66714285714285,3872049.818,3779960.292857143,3779960.292857143,6432.860742000001,6261.376150000001,6261.376150000001
2025-12-26,ADL,INE0CHO01012,NSE,80.94,22.83,126913.92,553.4397299999999,48.336,49.715714285714284,49.715714285714284,1069402.486,768867.1314285714,768867.1314285714,3616.516772,2590.289812857143,2590.289812857143
2025-12-26,KMEW,INE0CJD01029,NSE,1884.0,13.7,109888068.0,794154.4454,14.522000000000002,15.218571428571432,15.218571428571432,99159810.64000002,106167144.74285714,106167144.74285714,757102.67942,746355.9759571429,746355.9759571429
2025-12-26,WCIL,INE0CJF01024,NSE,120.92,57.75,6743708.4,11827.033710000002,57.222,58.03142857142858,58.03142857142858,9043880.77,8005390.241428572,8005390.241428572,15218.843537999997,13388.662291428569,13388.662291428569
2025-12-26,RATEGAIN,INE0CLI01024,NSE,645.85,53.98,42597036.75,79362.7033,52.75600000000001,52.35285714285715,52.35285714285715,53189539.74,47840720.37142857,47840720.37142857,98336.64192,89474.11994285716,89474.11994285716
2025-12-24,EKI,INE0CPR01018,BSE,95.2,0.0,0.0,1893.422,0.0,0.0,0.0,0.0,0.0,0.0,2449.285,2449.285,2449.285
2025-12-24,RCAN,INE0CQ101015,BSE,22.2,0.0,0.0,87.808,0.0,0.0,0.0,0.0,0.0,0.0,1057.3173333333332,1057.3173333333332,1057.3173333333332
2025-12-23,COSPOWER,INE0CQB01010,BSE,919.0,0.0,0.0,229.75,0.0,0.0,0.0,0.0,0.0,0.0,229.75,229.75,229.75
2025-12-26,MOL,INE0CT101020,NSE,64.25,54.08,22877626.0,42843.59609000001,45.23199999999999,46.87428571428571,46.87428571428571,17108774.398000002,15430264.938571433,15430264.938571433,40695.176534,35436.51756285714,35436.51756285714
2025-12-26,GMRP&UI,INE0CU601026,NSE,110.89,63.02,258282770.2,411676.7577,45.839999999999996,46.19714285714286,46.19714285714286,85014744.636,76924864.26,76924864.26,184641.67565199998,167076.11425714285,167076.11425714285
2025-12-24,PURPLEFIN,INE0CYK01015,BSE,54.99,0.0,0.0,5353.911,0.0,0.0,0.0,0.0,0.0,0.0,6658.126333333334,6658.126333333334,6658.126333333334
2025-12-26,ANTHEM,INE0CZ201020,NSE,653.95,47.58,41652691.300000004,88012.9482,47.964,48.01714285714285,48.01714285714285,71237417.54,74747262.85000001,74747262.85000001,132371.91466,148598.40713571428,148598.40713571428
2025-12-26,SIGACHI,INE0D0K01022,NSE,33.95,39.67,14686294.700000001,37113.62355,36.426,35.098571428571425,35.098571428571425,13414221.412,16242071.648571428,16242071.648571428,37278.541486,52171.80045857142,52171.80045857142
2025-12-24,EPBIO,INE0D2I01014,BSE,106.7,0.0,0.0,263.425,0.0,0.0,0.0,0.0,0.0,0.0,147.35,147.35,147.35
2025-12-26,IPL,INE0D6701023,NSE,173.9,57.56,10541818.0,18494.022510000003,50.160000000000004,49.00857142857143,49.00857142857143,8052320.460000001,8118424.611428572,8118424.611428572,16191.083168000001,16524.17017142857,16524.17017142857
2025-12-26,KSOLVES,INE0D6I01023,NSE,290.75,50.9,4770335.25,9454.4321,56.31999999999999,57.67857142857142,57.67857142857142,3921022.7399999993,3783942.964285713,3783942.964285713,6791.15231,6479.888028571429,6479.888028571429
2025-12-24,MRP,INE0D7801012,BSE,94.0,0.0,0.0,7262.06,0.0,0.0,0.0,0.0,0.0,0.0,346.3333333333333,346.3333333333333,346.3333333333333
2025-12-24,SHTL,INE0D8001018,BSE,66.0,0.0,0.0,316.8,0.0,0.0,0.0,0.0,0.0,0.0,322.608,322.608,322.608
2025-12-23,JETMALL,INE0D9X01018,BSE,38.23,0.0,0.0,1376.28,0.0,0.0,0.0,0.0,0.0,0.0,477.6,477.6,477.6
2025-12-26,RVTH,INE0DAB01012,NSE,702.45,79.36,764265.6000000001,966.1371,76.69200000000001,77.95142857142858,77.95142857142858,192606.19,240384.02857142856,240384.02857142856,252.20701,309.67216428571425,309.67216428571425
2025-12-26,RAILTEL,INE0DD101019,NSE,378.25,11.05,761976303.5,6962121.824399999,23.516,23.275714285714287,23.275714285714287,185485710.39000002,150104716.52142856,150104716.52142856,1142374.70028,898261.6725,898261.6725
2025-12-26,PPLPHARMA,INE0DK501011,NSE,174.22,35.79,98252588.54,275855.85661,41.63,42.598571428571425,42.598571428571425,274375533.112,263624946.73714283,263624946.73714283,651776.7616340001,616314.8906814287,616314.8906814287
2025-12-23,SBLI,INE0DLM01024,BSE,37.6,0.0,0.0,45.12,0.0,0.0,0.0,0.0,0.0,0.0,1959.996,1959.996,1959.996
2025-12-24,ASARFI,INE0DN001027,BSE,186.0,0.0,0.0,927.85,0.0,0.0,0.0,0.0,0.0,0.0,1173.2833333333333,1173.2833333333333,1173.2833333333333
2025-12-26,FAIRCHEMOR,INE0DNW01011,NSE,698.65,70.15,3421987.6999999997,4873.0158,69.386,64.67142857142858,64.67142857142858,5125457.5600000005,4408307.357142857,4408307.357142857,7362.65137,6672.893678571428,6672.893678571428
2025-12-24,NISUS,INE0DQN01013,BSE,280.6,0.0,0.0,6460.08,0.0,0.0,0.0,0.0,0.0,0.0,13659.926666666666,13659.926666666666,13659.926666666666
2025-12-24,FABINO,INE0DRT01018,BSE,16.75,0.0,0.0,50.25,0.0,0.0,0.0,0.0,0.0,0.0,544.32,544.32,544.32
2025-12-26,NURECA,INE0DSF01015,NSE,284.85,60.87,4913092.800000001,8298.922349999999,40.733999999999995,42.748571428571424,42.748571428571424,1984053.4100000001,2649657.542857143,2649657.542857143,5032.9520600000005,6232.9263,6232.9263
2025-12-26,INNOVACAP,INE0DUT01020,NSE,709.85,84.1,14600904.65,17433.559,53.69,51.885714285714286,51.885714285714286,43766224.22,32248835.414285716,32248835.414285716,67655.09854,50397.04022857143,50397.04022857143
2025-12-26,FOCUS,INE593W01028,NSE,75.35,65.05,1733577.45,2666.77452,38.733999999999995,44.14875,44.14875,3184238.1920000003,2780572.91125,2780572.91125,6595.583524,5591.97560625,5591.97560625
2025-12-26,SYRMA,INE0DYJ01015,NSE,737.7,43.65,181632067.8,414452.0019,46.077999999999996,44.52571428571429,44.52571428571429,320198955.07000005,280735881.86428577,280735881.86428577,684244.66918,617973.7381499999,617973.7381499999
2025-12-24,HMEML,INE0DZD01015,BSE,55.9,0.0,0.0,268.64,0.0,0.0,0.0,0.0,0.0,0.0,424.144,424.144,424.144
2025-12-24,GMPL,INE0E2801015,BSE,69.65,0.0,0.0,48.755,0.0,0.0,0.0,0.0,0.0,0.0,91.0,91.0,91.0
2025-12-23,ASCENSIVE,INE0E4I01027,BSE,20.25,0.0,0.0,4252.2,0.0,0.0,0.0,0.0,0.0,0.0,1221.9,1221.9,1221.9
2025-12-26,WAKEFIT,INE0E7301029,NSE,186.01,41.32,26030425.41,62957.581450000005,23.316000000000003,22.431428571428576,22.431428571428576,76053064.91600001,121249443.14714286,121249443.14714286,336235.662438,654208.8491557144,654208.8491557144
2025-12-24,AASHKA,INE0EAX01014,BSE,84.75,0.0,0.0,84.75,0.0,0.0,0.0,0.0,0.0,0.0,84.875,84.875,84.875
2025-12-26,HMAAGRO,INE0ECP01024,NSE,28.62,68.25,2781320.22,4081.93485,66.61,62.050000000000004,62.050000000000004,4052383.218000001,3767976.1128571434,3767976.1128571434,6026.171458,6024.55623,6024.55623
2025-12-26,BTML,INE0EEJ01023,NSE,8.19,62.21,336543.48,537.8971,62.418000000000006,55.58285714285715,55.58285714285715,523826.82800000004,790364.1571428572,790364.1571428572,818.09455,1592.3221785714286,1592.3221785714286
2025-12-26,TARC,INE0EK901012,NSE,160.41,23.29,169959046.89,732841.31153,49.37,51.544285714285714,51.544285714285714,36650912.298,34002102.56857143,34002102.56857143,77862.22517399999,69611.60880428572,69611.60880428572
2025-12-24,KKSILK,INE0EOJ01014,BSE,19.0,0.0,0.0,5114.22,0.0,0.0,0.0,0.0,0.0,0.0,4199.54,4199.54,4199.54
2025-12-17,LKMEHTA,INE0FFF01017,BSE,45.0,0.0,0.0,362.32,0.0,0.0,0.0,0.0,0.0,0.0,362.32,362.32,362.32
2025-12-26,NPST,INE0FFK01017,NSE,1351.5,65.27,9787563.0,15138.2172,63.532,61.01285714285715,61.01285714285715,7655142.4,6848916.257142857,6848916.257142857,12286.268,11372.663242857143,11372.663242857143
2025-12-26,DEEPINDS,INE0FHS01024,NSE,440.35,48.21,14078429.850000001,29403.0982,46.32599999999999,48.892857142857146,48.892857142857146,13628914.89,17875666.157142855,17875666.157142855,31614.11075,38162.99856428571,38162.99856428571
2025-12-23,INDOBELL,INE0FK501019,BSE,68.5,0.0,0.0,548.625,0.0,0.0,0.0,0.0,0.0,0.0,103.4285,103.4285,103.4285
2025-12-24,SHREEREF,INE0FMZ01045,BSE,188.6,0.0,0.0,14868.425,0.0,0.0,0.0,0.0,0.0,0.0,12725.866666666667,12725.866666666667,12725.866666666667
2025-12-26,MOTISONS,INE0FRK01020,NSE,15.47,54.97,19134827.53,35168.03117,48.968,52.987142857142864,52.987142857142864,11760858.040000001,11572919.992857143,11572919.992857143,24859.062608,22769.863614285714,22769.863614285714
2025-12-26,MSUMI,INE0FS801015,NSE,45.13,58.05,80890064.27000001,139444.89598,52.104000000000006,56.13142857142857,56.13142857142857,300379739.01199996,256655653.62142855,256655653.62142855,663042.290414,536786.1238728572,536786.1238728572
2025-12-26,MARKOLINES,INE0FW001016,NSE,164.35,37.27,13625601.1,37067.0346,32.81,30.095714285714287,30.095714285714287,14079710.77,11441004.93142857,11441004.93142857,45402.6553,40467.05576857143,40467.05576857143
2025-12-26,LEMERITE,INE0G1L01017,NSE,451.8,57.04,22011244.2,40508.453,61.346000000000004,63.26571428571429,63.26571428571429,17914463.95,18417026.7,18417026.7,28768.416260000005,29685.240735714287,29685.240735714287
2025-12-26,EPACK,INE0G5901015,NSE,282.95,26.45,67331064.95,250715.31694999998,20.044,16.3,16.3,153831785.71999997,381322111.38571423,381322111.38571423,1362925.09055,5003948.653792858,5003948.653792858
2025-12-24,PREVEST,INE0GAO01018,BSE,488.5,0.0,0.0,8702.91,0.0,0.0,0.0,0.0,0.0,0.0,352.7633333333333,352.7633333333333,352.7633333333333
2025-12-24,SAMOR,INE0GD201014,BSE,72.0,0.0,0.0,49.63,0.0,0.0,0.0,0.0,0.0,0.0,78.72166666666666,78.72166666666666,78.72166666666666
2025-12-24,SWANAGRO,INE0GEN01012,BSE,63.0,0.0,0.0,379.8,0.0,0.0,0.0,0.0,0.0,0.0,427.2866666666667,427.2866666666667,427.2866666666667
2025-12-26,KRISHIVAL,INE0GGO01015,NSE,357.35,48.2,4287127.95,9020.9914,65.466,65.39285714285714,65.39285714285714,4069493.6800000006,4745830.500000001,4745830.500000001,7618.8982399999995,8384.044285714284,8384.044285714284
2025-12-26,UMAEXPORTS,INE0GIU01018,NSE,39.83,15.47,3069817.59,20746.37682,49.972,55.06285714285714,55.06285714285714,2162415.278,1589996.7185714282,1589996.7185714282,9578.981944000001,6909.479837142857,6909.479837142857
2025-12-26,TATVA,INE0GK401011,NSE,1312.3,48.08,43240285.0,91219.24990000001,37.034,38.91857142857143,38.91857142857143,30624729.240000002,28932625.85714286,28932625.85714286,83490.43650000001,76333.637,76333.637
2025-12-23,NBL,INE0GOA01018,BSE,139.5,0.0,0.0,167.4,0.0,0.0,0.0,0.0,0.0,0.0,167.64,167.64,167.64
2025-12-26,HPAL,INE0GSL01024,NSE,42.76,69.22,1460467.8,2118.2111099999997,64.238,64.04571428571428,64.04571428571428,1063054.3120000002,997549.4542857144,997549.4542857144,1679.9220979999998,1585.8264514285713,1585.8264514285713
2025-12-24,PGCRL,INE0GTX01019,BSE,126.6,0.0,0.0,1821.9,0.0,0.0,0.0,0.0,0.0,0.0,3837.92,3837.92,3837.92
2025-12-26,ALLTIME,INE0GV601021,NSE,262.45,66.71,8065875.85,12162.256800000001,60.50600000000001,59.07000000000001,59.07000000000001,8826580.94,8029815.285714285,8029815.285714285,14494.454059999998,13468.851214285713,13468.851214285713
2025-12-24,HSIL,INE0GYI01028,BSE,304.5,0.0,0.0,23077.72,0.0,0.0,0.0,0.0,0.0,0.0,700.96,700.96,700.96
2025-12-26,WINDLAS,INE0H5O01029,NSE,796.85,54.64,9366971.75,17162.2863,54.5,57.37857142857143,57.37857142857143,16552673.720000003,18944146.592857145,18944146.592857145,30304.145310000004,32579.02455714286,32579.02455714286
2025-12-24,CWD,INE0H8H01019,BSE,1894.0,0.0,0.0,3715.785,0.0,0.0,0.0,0.0,0.0,0.0,2421.2616666666668,2421.2616666666668,2421.2616666666668
2025-12-17,ADESHWAR,INE0H8J01015,BSE,16.55,0.0,0.0,198.9,0.0,0.0,0.0,0.0,0.0,0.0,198.9,198.9,198.9
2025-12-26,ARISINFRA,INE0H9P01028,NSE,132.7,60.48,20279612.099999998,33914.13694,60.093999999999994,58.32,58.32,56907962.661999986,46655523.169999994,46655523.169999994,92941.917154,75298.08820428571,75298.08820428571
2025-12-26,FABTECH,INE0HF201011,NSE,202.24,34.59,54378088.96,159682.75191999998,29.924,29.815714285714282,29.815714285714282,66894717.878,68360888.41,68360888.41,226465.55102800002,233790.69622,233790.69622
2025-12-23,SVRL,INE0HLJ01013,BSE,295.0,0.0,0.0,1467.8,0.0,0.0,0.0,0.0,0.0,0.0,2818.45,2818.45,2818.45
2025-12-26,MOBIKWIK,INE0HLU01028,NSE,232.48,34.42,49293431.839999996,144307.51699,34.718,32.03142857142858,32.03142857142858,57663966.822000004,51017512.197142854,51017512.197142854,173041.91343000002,163058.8282557143,163058.8282557143
2025-12-26,TRACXN,INE0HMF01019,NSE,39.92,56.55,2015041.84,3572.94223,57.032,60.565714285714286,60.565714285714286,4473109.716,4657499.292857142,4657499.292857142,7946.868324,7772.116468571429,7772.116468571429
2025-12-26,GROWW,INE0HOQ01053,NSE,165.23,12.92,1147362076.8999999,8889499.04827,14.796000000000001,21.267142857142858,21.267142857142858,2495848832.482,1989269687.9557145,1989269687.9557145,19433776.230464,14437226.149452856,14437226.149452856
2025-12-26,DDEVPLSTIK,INE0HR601026,NSE,302.3,56.33,25420104.7,45430.75985,63.25599999999999,57.98428571428571,57.98428571428571,17644147.43,14673645.099999998,14673645.099999998,27318.89408,24169.378257142853,24169.378257142853
2025-12-24,FABCLEAN,INE0HSD01011,BSE,333.0,0.0,0.0,3213.24,0.0,0.0,0.0,0.0,0.0,0.0,11381.213333333333,11381.213333333333,11381.213333333333
2025-12-26,IXIGO,INE0HV901016,NSE,257.15,45.56,59010267.699999996,130896.1866,40.184000000000005,40.91857142857143,40.91857142857143,92589158.55999999,110928892.27142856,110928892.27142856,233287.44181999998,267404.7781571428,267404.7781571428
2025-12-26,PRABHA,INE0I0M01023,NSE,186.56,44.14,3155289.2800000003,7235.7343200000005,56.327999999999996,55.76428571428571,55.76428571428571,1757208.0320000001,1760709.0,1760709.0,3128.864912,3204.8765942857144,3204.8765942857144
2025-12-24,VOEPL,INE0I0T01010,BSE,412.7,0.0,0.0,7586.587,0.0,0.0,0.0,0.0,0.0,0.0,3388.270666666667,3388.270666666667,3388.270666666667
2025-12-24,PROMAX,INE0I2F01015,BSE,25.8,0.0,0.0,241.0,0.0,0.0,0.0,0.0,0.0,0.0,60.0,60.0,60.0
2025-12-26,DBOL,INE0I3401014,NSE,79.82,80.48,8674677.959999999,10666.35526,46.510000000000005,43.26714285714286,43.26714285714286,1413203.424,1517460.5728571431,1517460.5728571431,3365.144532,3865.1642914285717,3865.1642914285717
2025-12-26,LATENTVIEW,INE0I7C01011,NSE,460.95,37.91,41880073.199999996,111135.07815,36.892,34.191428571428574,34.191428571428574,93455966.25,84661965.92142858,84661965.92142858,242761.97276999996,263049.63150714285,263049.63150714285
2025-12-24,VEERKRUPA,INE0ID001024,BSE,0.8,0.0,0.0,104.876,0.0,0.0,0.0,0.0,0.0,0.0,30.338333333333335,30.338333333333335,30.338333333333335
2025-12-24,13PCL30,INE0IID07553,BSE,1020.0,0.0,0.0,20.15,0.0,0.0,0.0,0.0,0.0,0.0,12.853,12.853,12.853
2025-12-26,CAPILLARY,INE0ILV01024,NSE,682.75,13.37,62127519.0,469135.0844,10.303999999999998,10.095714285714285,10.095714285714285,100204268.66,106818615.82142857,106818615.82142857,1075429.73268,1137160.1794071428,1137160.1794071428
2025-12-26,PLAZACABLE,INE0INJ01017,NSE,41.83,51.2,731941.34,1426.93926,34.464,38.49285714285714,38.49285714285714,659736.788,601617.3957142857,601617.3957142857,1872.1046880000001,1622.7404685714287,1622.7404685714287
2025-12-26,AEGISVOPAK,INE0INX01018,NSE,248.0,42.79,61147624.0,141150.29419999997,46.54600000000001,47.09000000000001,47.09000000000001,55078204.339999996,57274574.392857134,57274574.392857134,119491.29564,121975.48887857143,121975.48887857143
2025-12-26,VERANDA,INE0IQ001011,NSE,176.49,56.3,49122814.68,88988.95759,48.908,46.76428571428572,46.76428571428572,25377161.963999998,28875271.425714288,28875271.425714288,57263.938094000005,62164.45469571429,62164.45469571429
2025-12-26,DATAPATTNS,INE0IX101010,NSE,2677.8,17.63,172043294.4,988704.8326000001,25.072,28.292857142857144,28.292857142857144,203253401.22000003,211623053.31428573,211623053.31428573,818065.24532,761459.3106142856,761459.3106142856
2025-12-19,SCARNOSE,INE0IXR01019,BSE,62.8,0.0,0.0,62.8,0.0,0.0,0.0,0.0,0.0,0.0,62.8,62.8,62.8
2025-12-24,BRRL,INE0IZQ01016,BSE,545.0,0.0,0.0,218.0,0.0,0.0,0.0,0.0,0.0,0.0,2145.1133333333332,2145.1133333333332,2145.1133333333332
2025-12-26,RPTECH,INE0J1F01024,NSE,356.95,45.72,37257370.15,81113.59820000001,56.364,57.1,57.1,14883449.030000001,16570147.764285715,16570147.764285715,24042.042039999997,27267.638928571425,27267.638928571425
2025-12-26,LICI,INE0J1Y01017,NSE,849.75,55.55,332138383.5,597338.69505,64.526,63.01571428571428,63.01571428571428,815214939.3,725653260.4071429,725653260.4071429,1196946.33744,1094942.523142857,1094942.523142857
2025-12-24,GLHRL,INE0J2K01014,BSE,22.31,0.0,0.0,9413.83,0.0,0.0,0.0,0.0,0.0,0.0,7763.900000000001,7763.900000000001,7763.900000000001
2025-12-26,HONASA,INE0J5401028,NSE,268.45,27.74,16976509.55,62161.24965,44.986000000000004,53.87571428571429,53.87571428571429,57637565.74000001,118328038.0,118328038.0,142351.66898999998,200306.79658571427,200306.79658571427
2025-12-26,JSLL,INE0J5801029,NSE,707.2,45.67,41109536.0,89757.03525,54.194,55.66142857142857,55.66142857142857,49134112.25,56478570.878571436,56478570.878571436,88267.29828,100356.33345714284,100356.33345714284
2025-12-26,VENUSPIPES,INE0JA001018,NSE,1156.1,56.87,33811300.599999994,60131.4004,58.398,60.81285714285714,60.81285714285714,15466802.219999999,16022045.442857143,16022045.442857143,25677.02862,25741.89277142857,25741.89277142857
2025-12-24,OMNIPOTENT,INE0JFE01012,BSE,5.15,0.0,0.0,103.0,0.0,0.0,0.0,0.0,0.0,0.0,170.7266666666667,170.7266666666667,170.7266666666667
2025-12-26,NRL,INE0JM501013,NSE,57.54,44.83,675174.36,1506.6318600000002,74.112,64.53571428571429,64.53571428571429,1395729.924,1165997.2542857144,1165997.2542857144,1893.695682,1764.608004285714,1764.608004285714
2025-12-19,SFSL,INE0JMN01019,BSE,136.63,0.0,0.0,614.835,0.0,0.0,0.0,0.0,0.0,0.0,185.91,185.91,185.91
2025-12-23,SSTL,INE0JNA01014,BSE,29.27,0.0,0.0,146.35,0.0,0.0,0.0,0.0,0.0,0.0,154.05,154.05,154.05
2025-12-24,NATURO,INE0JNB01012,BSE,3.71,0.0,0.0,14.84,0.0,0.0,0.0,0.0,0.0,0.0,48.2,48.2,48.2
2025-12-26,YATHARTH,INE0JO301016,NSE,685.8,58.89,92338855.19999999,157015.2483,52.438,51.16857142857143,51.16857142857143,143832635.95999998,124935986.36428571,124935986.36428571,286135.75341999996,250083.54414999997,250083.54414999997
2025-12-26,SANATHAN,INE0JPD01013,NSE,434.3,49.01,3782753.0,7659.871099999999,55.188,54.09428571428571,54.09428571428571,3602581.1,3168211.6571428576,3168211.6571428576,6414.42873,5741.808328571428,5741.808328571428
2025-12-26,YATRA,INE0JR601024,NSE,178.5,30.41,58520154.0,191775.36169,29.734,28.454285714285714,28.454285714285714,113263397.996,115489818.11857143,115489818.11857143,415408.850804,438127.44943,438127.44943
2025-12-26,DREAMFOLKS,INE0JS101016,NSE,110.69,57.94,6897093.899999999,11920.107119999999,48.071999999999996,49.68,49.68,4816271.046,4556013.312857143,4556013.312857143,10028.53308,9250.557487142856,9250.557487142856
2025-12-24,SPITZE,INE0JSJ01014,BSE,168.49,0.0,0.0,5223.19,0.0,0.0,0.0,0.0,0.0,0.0,27267.36333333333,27267.36333333333,27267.36333333333
2025-12-26,HARSHA,INE0JUS01029,NSE,375.85,57.88,3705505.1500000004,6410.1933,61.608000000000004,62.69428571428572,62.69428571428572,3877748.31,3808562.3928571427,3808562.3928571427,6342.178020000001,6120.13862857143,6120.13862857143
2025-12-24,EVOQ,INE0JVD01011,BSE,3.63,0.0,0.0,430.12,0.0,0.0,0.0,0.0,0.0,0.0,71.06666666666666,71.06666666666666,71.06666666666666
2025-12-26,GARUDA,INE0JVO01026,NSE,196.92,51.38,35411926.68,69393.01882,32.85,33.301428571428566,33.301428571428566,30214955.74,31420115.448571425,31420115.448571425,99073.43357600001,99805.71023857144,99805.71023857144
2025-12-26,VALIANTLAB,INE0JWS01017,NSE,73.27,50.54,6732926.84,13736.35558,41.903999999999996,45.068571428571424,45.068571428571424,7242538.610000001,10534416.55,10534416.55,23524.206757999997,25608.04379142857,25608.04379142857
2025-12-26,MWL,INE0JYY01011,NSE,280.11,62.9,54096523.86,85668.24058,46.772000000000006,47.33142857142857,47.33142857142857,16494895.174,15364985.132857144,15364985.132857144,30159.661958,28846.39361142857,28846.39361142857
2025-12-24,SVJ,INE0JZS01010,BSE,484.0,0.0,0.0,363.0,0.0,0.0,0.0,0.0,0.0,0.0,8313.037,8313.037,8313.037
2025-12-23,0MCIBPL27,INE0K0Y08011,BSE,104050.0,0.0,0.0,416.268,0.0,0.0,0.0,0.0,0.0,0.0,624.06,624.06,624.06
2025-12-24,ACHYUT,INE0K1401020,BSE,5.62,0.0,0.0,2689.785,0.0,0.0,0.0,0.0,0.0,0.0,1091.2649999999999,1091.2649999999999,1091.2649999999999
2025-12-24,DHYAANITR,INE0K5F01014,BSE,10.3,0.0,0.0,56.7,0.0,0.0,0.0,0.0,0.0,0.0,1187.452,1187.452,1187.452
2025-12-24,GOEL,INE0K6L01010,BSE,16.0,0.0,0.0,242.5,0.0,0.0,0.0,0.0,0.0,0.0,64.48,64.48,64.48
2025-12-24,ALKOSIGN,INE0KA601012,BSE,78.5,0.0,0.0,883.125,0.0,0.0,0.0,0.0,0.0,0.0,2286.4573333333333,2286.4573333333333,2286.4573333333333
2025-12-26,BLUEJET,INE0KBH01020,NSE,529.1,51.91,42794666.2,83206.14959999999,44.852,48.27142857142858,48.27142857142858,92697902.0,78598129.01428571,78598129.01428571,252851.59980000003,202526.5727,202526.5727
2025-12-26,EUREKAFORB,INE0KCE01017,NSE,636.45,41.01,59504256.300000004,146468.1228,56.86,56.56428571428571,56.56428571428571,49085849.99,46729837.614285715,46729837.614285715,78365.77778,76956.57265,76956.57265
2025-12-26,SIGNPOST,INE0KGZ01021,NSE,218.17,54.58,1419632.19,2626.83173,68.844,69.41714285714286,69.41714285714286,2581079.0599999996,2737461.611428571,2737461.611428571,3655.3178700000003,3796.954254285715,3796.954254285715
2025-12-23,0APL26,INE0KH208019,BSE,113200.0,0.0,0.0,11320.0,0.0,0.0,0.0,0.0,0.0,0.0,11320.0,11320.0,11320.0
2025-12-26,RHETAN,INE0KKN01029,NSE,24.32,39.1,6202791.68,15926.58055,54.248000000000005,49.56428571428571,49.56428571428571,15496099.613999998,12359177.108571427,12359177.108571427,26141.941408,22050.264688571428,22050.264688571428
2025-12-26,DCXINDIA,INE0KL801015,NSE,199.83,18.97,70442872.62,375765.91129,15.216,26.717142857142857,26.717142857142857,197541523.09,149091018.0142857,149091018.0142857,2414404.8989660004,1739066.0183557146,1739066.0183557146
2025-12-23,INDONG,INE0KN201016,BSE,10.6,0.0,0.0,331.2,0.0,0.0,0.0,0.0,0.0,0.0,694.2,694.2,694.2
2025-12-26,MVGJL,INE0KNT01012,NSE,187.76,58.64,7385727.359999999,12581.15774,62.04200000000001,59.85857142857144,59.85857142857144,3937826.0480000004,4219390.428571428,4219390.428571428,6285.6819,7114.663742857143,7114.663742857143
2025-12-26,KNAGRI,INE0KNW01016,NSE,201.1,41.17,653776.1,1588.1798000000001,44.03,42.92,42.92,4321011.3,3711545.514285714,3711545.514285714,8978.463379999997,7810.558349999998,7810.558349999998
2025-12-24,SEML,INE0KPY01017,BSE,271.85,0.0,0.0,9774.543,0.0,0.0,0.0,0.0,0.0,0.0,7669.468333333333,7669.468333333333,7669.468333333333
2025-12-24,BCCL,INE0KQ001017,BSE,375.8,0.0,0.0,9370.06,0.0,0.0,0.0,0.0,0.0,0.0,7943.326666666667,7943.326666666667,7943.326666666667
2025-12-26,BAJEL,INE0KQN01018,NSE,177.52,15.45,88593131.2,602629.0968200001,57.464,58.74571428571428,58.74571428571428,9615176.920000002,9409479.194285715,9409479.194285715,16498.73512,15885.107285714286,15885.107285714286
2025-12-24,MAFIA,INE0KQQ01011,BSE,9.02,0.0,0.0,459.68,0.0,0.0,0.0,0.0,0.0,0.0,311.96,311.96,311.96
2025-12-24,JAYANT,INE0KR801019,BSE,74.0,0.0,0.0,1337.1,0.0,0.0,0.0,0.0,0.0,0.0,1403.6823333333334,1403.6823333333334,1403.6823333333334
2025-12-17,EIGHTY,INE0KSN01014,BSE,32.7,0.0,0.0,392.1,0.0,0.0,0.0,0.0,0.0,0.0,392.1,392.1,392.1
2025-12-23,RETAGGIO,INE0KWJ01014,BSE,37.7,0.0,0.0,1463.82,0.0,0.0,0.0,0.0,0.0,0.0,220.08,220.08,220.08
2025-12-26,MODIS,INE0L0L01012,NSE,342.0,27.18,556434.0,2043.97075,56.988,60.25285714285714,60.25285714285714,18249317.07,14912430.278571427,14912430.278571427,21341.24385,17652.952028571428,17652.952028571428
2025-12-24,KESAR,INE0L1C01019,BSE,1102.75,0.0,0.0,25288.6,0.0,0.0,0.0,0.0,0.0,0.0,17066.556666666667,17066.556666666667,17066.556666666667
2025-12-24,HEALTHYLIFE,INE0L3501015,BSE,14.2,0.0,0.0,1793.38,0.0,0.0,0.0,0.0,0.0,0.0,291.82,291.82,291.82
2025-12-26,GOPAL,INE0L9R01028,NSE,310.35,36.29,7842544.500000001,21713.3463,45.016,44.15,44.15,8300275.44,7878759.0785714295,7878759.0785714295,17715.45278,17309.728964285714,17309.728964285714
2025-12-24,NACDAC,INE0LB101011,BSE,34.95,0.0,0.0,279.6,0.0,0.0,0.0,0.0,0.0,0.0,280.41999999999996,280.41999999999996,280.41999999999996
2025-12-24,MONIKA,INE0LCG01010,BSE,287.7,0.0,0.0,13856.4,0.0,0.0,0.0,0.0,0.0,0.0,3634.9266666666667,3634.9266666666667,3634.9266666666667
2025-12-26,AVALON,INE0LCL01028,NSE,886.95,44.9,64019164.050000004,142377.3219,48.312,46.06142857142857,46.06142857142857,79632884.61,66642837.428571425,66642837.428571425,151289.01661,132263.8235357143,132263.8235357143
2025-12-24,INNOKAIZ,INE0LDI01022,BSE,13.71,0.0,0.0,22.512,0.0,0.0,0.0,0.0,0.0,0.0,40.147999999999996,40.147999999999996,40.147999999999996
2025-12-26,ATHERENERG,INE0LEZ01016,NSE,709.95,29.86,355750265.40000004,1205769.7281,37.762,35.34428571428571,35.34428571428571,881916957.0600001,715034325.5857143,715034325.5857143,2096020.0056000003,1803649.5605642858,1803649.5605642858
2025-12-24,INA,INE0LGX01024,BSE,138.2,0.0,0.0,51797.05,0.0,0.0,0.0,0.0,0.0,0.0,46788.69999999999,46788.69999999999,46788.69999999999
2025-12-23,COMMAND,INE0LKQ01012,BSE,26.93,0.0,0.0,215.44,0.0,0.0,0.0,0.0,0.0,0.0,215.44,215.44,215.44
2025-12-26,EIEL,INE0LLY01014,NSE,207.02,31.95,60147176.760000005,190601.31751,40.233999999999995,41.464285714285715,41.464285714285715,37121277.508,35047548.44857143,35047548.44857143,94534.91967599999,86888.79137714286,86888.79137714286
2025-12-26,CELLO,INE0LMW01024,NSE,540.8,62.99,16132063.999999998,25700.4714,56.564,55.848571428571425,55.848571428571425,22216673.369999997,24159866.978571426,24159866.978571426,38634.01819,42941.23643571429,42941.23643571429
2025-12-26,IKIO,INE0LOJ01019,NSE,182.76,57.87,4199824.8,7244.1160199999995,55.472,55.83,55.83,4834519.806,4739252.035714286,4739252.035714286,8711.254578,8471.710495714286,8471.710495714286
2025-12-26,PWL,INE0LP301011,NSE,131.78,24.3,137612582.8,568120.51485,26.722,25.35571428571429,25.35571428571429,293817584.80799997,331040409.7657142,331040409.7657142,1137631.5766740001,1382839.703497143,1382839.703497143
2025-12-26,TIPSFILMS,INE0LQS01015,NSE,416.15,52.43,719523.35,1398.3393500000002,35.07,36.20285714285714,36.20285714285714,3177275.62,2463800.6428571427,2463800.6428571427,31079.312670000003,22683.128835714284,22683.128835714284
2025-12-26,AARTIPHARM,INE0LRU01027,NSE,742.5,47.58,29744550.0,63085.591700000004,50.238,50.26571428571429,50.26571428571429,59500194.410000004,55829939.31428571,55829939.31428571,119096.53861,111330.15883571429,111330.15883571429
2025-12-26,QUADFUTURE,INE0LRY01011,NSE,336.65,10.99,95322110.85,887059.57925,11.1,18.107142857142858,18.107142857142858,294779171.79,214076963.40000004,214076963.40000004,4994312.99567,3577313.2065428575,3577313.2065428575
2025-12-19,SISL,INE0LU301014,BSE,224.35,0.0,0.0,89.74,0.0,0.0,0.0,0.0,0.0,0.0,89.74,89.74,89.74
2025-12-26,OLAELEC,INE0LXG01040,NSE,36.19,27.29,929406645.0899999,3433427.56032,29.064,33.81285714285714,33.81285714285714,1319981159.852,1406308134.48,1406308134.48,4694055.529642001,4442917.108455715,4442917.108455715
2025-12-26,REDTAPE,INE0LXT01019,NSE,123.18,50.92,7721907.840000001,15218.675369999999,52.552,53.53142857142858,53.53142857142858,9949331.728,9385960.291428572,9385960.291428572,18985.921324,17621.940738571426,17621.940738571426
2025-12-24,SSL,INE0LY301010,BSE,55.0,0.0,0.0,88.0,0.0,0.0,0.0,0.0,0.0,0.0,675.3973333333333,675.3973333333333,675.3973333333333
2025-12-24,OLATECH,INE0M3901015,BSE,248.55,0.0,0.0,1310.493,0.0,0.0,0.0,0.0,0.0,0.0,1179.097,1179.097,1179.097
2025-12-24,NISMGMT,INE0M3X01010,BSE,70.03,0.0,0.0,4704.72,0.0,0.0,0.0,0.0,0.0,0.0,763.9920000000001,763.9920000000001,763.9920000000001
2025-12-26,SGLTL,INE0M4D01010,NSE,149.26,53.5,14077456.899999999,26419.384309999998,57.33200000000001,58.06,58.06,24779441.208,22265414.830000002,22265414.830000002,43124.7349,38425.11762285715,38425.11762285715
2025-12-24,CARGOTRANS,INE0M4L01013,BSE,158.5,0.0,0.0,5331.6,0.0,0.0,0.0,0.0,0.0,0.0,490.25,490.25,490.25
2025-12-24,CONTAINE,INE0M8901010,BSE,31.24,0.0,0.0,62.48,0.0,0.0,0.0,0.0,0.0,0.0,81.0,81.0,81.0
2025-12-24,KOURA,INE0M8R01011,BSE,34.5,0.0,0.0,69.0,0.0,0.0,0.0,0.0,0.0,0.0,109.0,109.0,109.0
2025-12-26,JGCHEM,INE0MB501011,NSE,354.95,47.47,8966037.0,19150.08655,57.08,55.58857142857142,55.58857142857142,16618094.580000002,13946545.114285717,13946545.114285717,27469.358430000004,23639.62333571429,23639.62333571429
2025-12-24,DPL,INE0MC401013,BSE,16.59,0.0,0.0,667.92,0.0,0.0,0.0,0.0,0.0,0.0,647.12,647.12,647.12
2025-12-23,REXSEAL,INE0MFT01014,BSE,178.5,0.0,0.0,89.25,0.0,0.0,0.0,0.0,0.0,0.0,88.125,88.125,88.125
2025-12-24,SHILINDORE,INE0MGS01014,BSE,781.0,0.0,0.0,0.781,0.0,0.0,0.0,0.0,0.0,0.0,25.121000000000002,25.121000000000002,25.121000000000002
2025-12-26,REGAAL,INE0MHO01029,NSE,70.86,55.04,18596569.26,33692.86333,39.754000000000005,41.71999999999999,41.71999999999999,7319997.2299999995,12898703.542857144,12898703.542857144,19331.103278000002,29435.189772857142,29435.189772857142
2025-12-24,SVS,INE0MID01012,BSE,14.97,0.0,0.0,450.12,0.0,0.0,0.0,0.0,0.0,0.0,1725.3799999999999,1725.3799999999999,1725.3799999999999
2025-12-24,ORGANICREC,INE0MIO01019,BSE,245.0,0.0,0.0,294.3,0.0,0.0,0.0,0.0,0.0,0.0,297.16499999999996,297.16499999999996,297.16499999999996
2025-12-26,PYRAMID,INE0MIS01010,NSE,165.21,65.45,935584.2300000001,1431.29653,52.815999999999995,49.65857142857142,49.65857142857142,1774723.814,2077525.7300000002,2077525.7300000002,3310.844188,4363.264931428572,4363.264931428572
2025-12-24,TLL,INE0MKA01014,BSE,271.85,0.0,0.0,12079.59,0.0,0.0,0.0,0.0,0.0,0.0,5148.67,5148.67,5148.67
2025-12-26,EPACKPEB,INE0MLS01022,NSE,294.8,33.77,56907602.4,170269.05825,32.346,32.49142857142857,32.49142857142857,96018504.82,93145310.26428571,93145310.26428571,300733.2630200001,289658.8662714286,289658.8662714286
2025-12-24,VVIPIL,INE0MNP01016,BSE,122.5,0.0,0.0,1261.2,0.0,0.0,0.0,0.0,0.0,0.0,839.8299999999999,839.8299999999999,839.8299999999999
2025-12-24,SRSOLTD,INE0MNV01014,BSE,119.0,0.0,0.0,2170.96,0.0,0.0,0.0,0.0,0.0,0.0,1556.8,1556.8,1556.8
2025-12-19,TRANSVOY,INE0MPU01011,BSE,135.55,0.0,0.0,327.6,0.0,0.0,0.0,0.0,0.0,0.0,853.92,853.92,853.92
2025-12-24,DRONACHRYA,INE0MQD01015,BSE,47.79,0.0,0.0,3230.62,0.0,0.0,0.0,0.0,0.0,0.0,2358.5366666666664,2358.5366666666664,2358.5366666666664
2025-12-24,STML,INE0MSK01016,BSE,98.1,0.0,0.0,235.44,0.0,0.0,0.0,0.0,0.0,0.0,212.67999999999998,212.67999999999998,212.67999999999998
2025-12-24,JAYKAILASH,INE0MSS01019,BSE,20.84,0.0,0.0,460.896,0.0,0.0,0.0,0.0,0.0,0.0,1182.656,1182.656,1182.656
2025-12-24,MANOJJEWEL,INE0MV001018,BSE,51.8,0.0,0.0,103.6,0.0,0.0,0.0,0.0,0.0,0.0,472.3666666666666,472.3666666666666,472.3666666666666
2025-12-26,TRUALT,INE0MWH01014,NSE,402.7,48.6,133640424.7,269404.19475,55.148,55.74285714285714,55.74285714285714,47571175.45999999,45895542.89285714,45895542.89285714,77015.75336,76686.31237142858,76686.31237142858
2025-12-24,TECHNOPACK,INE0MXP01015,BSE,14.78,0.0,0.0,236.4,0.0,0.0,0.0,0.0,0.0,0.0,191.56,191.56,191.56
2025-12-19,11PPL27,INE0MYJ07120,BSE,99795.0,0.0,0.0,99.795,0.0,0.0,0.0,0.0,0.0,0.0,99.795,99.795,99.795
2025-12-24,CNCRD,INE0N0J01014,BSE,2450.0,0.0,0.0,4375.46,0.0,0.0,0.0,0.0,0.0,0.0,12345.886666666665,12345.886666666665,12345.886666666665
2025-12-26,USK,INE0N0Y01013,NSE,23.66,51.9,375105.64,732.92252,59.774,60.91142857142857,60.91142857142857,606749.3960000001,630591.9057142858,630591.9057142858,1055.6597219999999,1064.1527085714285,1064.1527085714285
2025-12-24,PACE,INE0N1L01018,BSE,20.0,0.0,0.0,191.964,0.0,0.0,0.0,0.0,0.0,0.0,181.37599999999998,181.37599999999998,181.37599999999998
2025-12-26,RISHABH,INE0N2P01017,NSE,389.4,43.96,2098866.0,4807.833549999999,57.13599999999999,60.22999999999998,60.22999999999998,8539364.870000001,7219066.064285715,7219066.064285715,15158.92554,12494.370764285715,12494.370764285715
2025-12-24,SONALIS,INE0N5O01013,BSE,58.15,0.0,0.0,2103.06,0.0,0.0,0.0,0.0,0.0,0.0,1592.5133333333333,1592.5133333333333,1592.5133333333333
2025-12-24,KALYANI,INE0N6U01018,BSE,483.0,0.0,0.0,1212.5,0.0,0.0,0.0,0.0,0.0,0.0,1250.8996666666665,1250.8996666666665,1250.8996666666665
2025-12-24,AMBOAGRI,INE0N6V01016,BSE,32.99,0.0,0.0,168.03,0.0,0.0,0.0,0.0,0.0,0.0,2020.63,2020.63,2020.63
2025-12-26,BLAL,INE0N7W01012,NSE,211.13,63.37,7275117.54,11455.301539999999,63.434000000000005,62.448571428571434,62.448571428571434,3506399.38,2959614.762857143,2959614.762857143,5531.443296,4717.237371428572,4717.237371428572
2025-12-26,SMARTWORKS,INE0NAZ01010,NSE,471.1,60.18,8849613.5,14605.535800000001,51.303999999999995,50.94714285714286,50.94714285714286,4779378.6,5728449.285714285,5728449.285714285,9024.25726,10803.565721428571,10803.565721428571
2025-12-24,VEDANTASSET,INE0NC801013,BSE,41.5,0.0,0.0,62.25,0.0,0.0,0.0,0.0,0.0,0.0,192.6375,192.6375,192.6375
2025-12-24,AHASOLAR,INE0NEV01011,BSE,83.28,0.0,0.0,234.94,0.0,0.0,0.0,0.0,0.0,0.0,190.924,190.924,190.924
2025-12-24,DEVLAB,INE0NIJ01017,BSE,75.23,0.0,0.0,606.45,0.0,0.0,0.0,0.0,0.0,0.0,868.4300000000001,868.4300000000001,868.4300000000001
2025-12-24,CFF,INE0NJ001013,BSE,545.45,0.0,0.0,11247.04,0.0,0.0,0.0,0.0,0.0,0.0,16026.803333333331,16026.803333333331,16026.803333333331
2025-12-26,BLSE,INE0NLT01010,NSE,208.28,58.49,25163139.92,43291.44152,32.968,36.40857142857143,36.40857142857143,17336738.622,18852737.610000003,18852737.610000003,56869.863165999996,55175.18181285714,55175.18181285714
2025-12-26,ATL,INE0NN701020,NSE,27.42,53.19,2268292.08,4294.77553,45.598,44.75857142857143,44.75857142857143,4193569.9340000004,3654837.5042857146,3654837.5042857146,9051.668351999999,8049.109232857141,8049.109232857141
2025-12-26,NSLNISP,INE0NNS01018,NSE,41.65,36.14,64707689.9,180619.63459,44.964,48.90571428571429,48.90571428571429,46337007.384,43349621.01571429,43349621.01571429,117016.72017000002,101097.9419457143,101097.9419457143
2025-12-24,PATRON,INE0NPA01011,BSE,2.92,0.0,0.0,515.24,0.0,0.0,0.0,0.0,0.0,0.0,208.90666666666667,208.90666666666667,208.90666666666667
2025-12-26,RKSWAMY,INE0NQ801033,NSE,110.67,79.28,2777042.31,3517.43151,68.90599999999999,66.81142857142856,66.81142857142856,6162357.12,4899710.778571429,4899710.778571429,8648.416656,6983.766831428571,6983.766831428571
2025-12-24,VIKRAMAR,INE0NR501012,BSE,75.22,0.0,0.0,134.676,0.0,0.0,0.0,0.0,0.0,0.0,95.66633333333334,95.66633333333334,95.66633333333334
2025-12-24,GARGI,INE0NT601018,BSE,1071.5,0.0,0.0,10452.231,0.0,0.0,0.0,0.0,0.0,0.0,9015.212333333333,9015.212333333333,9015.212333333333
2025-12-26,NETWEB,INE0NT901020,NSE,3147.6,21.43,162989023.2,767902.1841000001,19.05,19.365714285714287,19.365714285714287,194539536.24,213426064.08571428,213426064.08571428,1070906.4895799998,1145830.2047571426,1145830.2047571426
2025-12-24,RETINA,INE0NTC01019,BSE,72.45,0.0,0.0,3733.9,0.0,0.0,0.0,0.0,0.0,0.0,2530.2866666666664,2530.2866666666664,2530.2866666666664
2025-12-24,COMRADE,INE0NXA01015,BSE,65.86,0.0,0.0,526.88,0.0,0.0,0.0,0.0,0.0,0.0,73.06,73.06,73.06
2025-12-24,RESGEN,INE0NYN01016,BSE,68.4,0.0,0.0,769.605,0.0,0.0,0.0,0.0,0.0,0.0,588.6246666666666,588.6246666666666,588.6246666666666
2025-12-24,ALPHAIND,INE0NZF01019,BSE,142.4,0.0,0.0,85.44,0.0,0.0,0.0,0.0,0.0,0.0,736.05,736.05,736.05
2025-12-24,MAIDEN,INE0O1T01010,BSE,91.0,0.0,0.0,1187.71,0.0,0.0,0.0,0.0,0.0,0.0,335.08,335.08,335.08
2025-12-26,TREL,INE0O3901029,NSE,28.76,65.77,787535.0800000001,1198.18145,68.47,66.51285714285714,66.51285714285714,3240638.742,2806796.401428572,2806796.401428572,5069.24864,4422.892832857143,4422.892832857143
2025-12-24,SEALMATIC,INE0O4601016,BSE,373.4,0.0,0.0,1272.357,0.0,0.0,0.0,0.0,0.0,0.0,2357.766,2357.766,2357.766
2025-12-23,EARTH,INE0O4V01010,BSE,21.05,0.0,0.0,189.3,0.0,0.0,0.0,0.0,0.0,0.0,189.3,189.3,189.3
2025-12-26,KROSS,INE0O6601022,NSE,195.01,47.68,47133721.989999995,99026.91219,31.612000000000002,35.54571428571428,35.54571428571428,62640439.466000006,49796177.230000004,49796177.230000004,226529.903938,172716.7227357143,172716.7227357143
2025-12-24,ITCONS,INE0O6A01019,BSE,456.85,0.0,0.0,6821.94,0.0,0.0,0.0,0.0,0.0,0.0,5537.653333333333,5537.653333333333,5537.653333333333
2025-12-24,EXHICON,INE0O8901016,BSE,555.15,0.0,0.0,7120.112,0.0,0.0,0.0,0.0,0.0,0.0,13317.279,13317.279,13317.279
2025-12-24,SHIPWAVES,INE0O9L01010,BSE,8.84,0.0,0.0,265.2,0.0,0.0,0.0,0.0,0.0,0.0,10674.9,10674.9,10674.9
2025-12-26,BAJAJINDEF,INE0O9T01021,NSE,355.15,51.76,11138214.299999999,21474.29615,66.372,65.60000000000001,65.60000000000001,5725951.74,4707540.014285714,4707540.014285714,11205.246529999999,9007.695621428571,9007.695621428571
2025-12-26,JNKINDIA,INE0OAF01028,NSE,256.33,7.33,82064562.16,1118605.4312200001,38.690000000000005,42.895714285714284,42.895714285714284,23806247.211999997,18957912.405714285,18957912.405714285,120183.60683000002,89542.52704857143,89542.52704857143
2025-12-24,KKSHL,INE0OH401016,BSE,40.8,0.0,0.0,122.4,0.0,0.0,0.0,0.0,0.0,0.0,149.49,149.49,149.49
2025-12-24,BIZOTIC,INE0OJ401014,BSE,872.7,0.0,0.0,3862.18,0.0,0.0,0.0,0.0,0.0,0.0,4906.293333333333,4906.293333333333,4906.293333333333
2025-12-26,ROSSTECH,INE0OJW01016,NSE,646.4,35.53,18147033.599999998,50909.7755,34.19199999999999,38.044285714285714,38.044285714285714,13908307.09,15972569.12857143,15972569.12857143,43252.950600000004,43785.739985714295,43785.739985714295
2025-12-24,SHOORA,INE0OJZ01019,BSE,48.48,0.0,0.0,143.595,0.0,0.0,0.0,0.0,0.0,0.0,321.255,321.255,321.255
2025-12-19,PCL,INE0OKG01017,BSE,67.0,0.0,0.0,67.0,0.0,0.0,0.0,0.0,0.0,0.0,67.0,67.0,67.0
2025-12-24,ROBU,INE0OLH01013,BSE,812.75,0.0,0.0,1340.55,0.0,0.0,0.0,0.0,0.0,0.0,1326.5396666666666,1326.5396666666666,1326.5396666666666
2025-12-24,HARSHDEEP,INE0OLZ01015,BSE,96.0,0.0,0.0,433.065,0.0,0.0,0.0,0.0,0.0,0.0,438.38249999999994,438.38249999999994,438.38249999999994
2025-12-24,BRIGHT,INE0OMI01019,BSE,375.0,0.0,0.0,845.156,0.0,0.0,0.0,0.0,0.0,0.0,2348.605666666667,2348.605666666667,2348.605666666667
2025-12-24,VRUDDHI,INE0OMZ01013,BSE,220.0,0.0,0.0,552.5,0.0,0.0,0.0,0.0,0.0,0.0,552.5,552.5,552.5
2025-12-26,NTPCGREEN,INE0ONG01011,NSE,92.98,41.05,133513329.28,326069.1853,51.522000000000006,51.90857142857143,51.90857142857143,190170996.354,163819480.67571428,163819480.67571428,470875.624244,389492.1502428571,389492.1502428571
2025-12-26,DBEIL,INE0OPA01019,NSE,119.64,59.93,1263996.6,2106.84227,60.38399999999999,60.021428571428565,60.021428571428565,2163457.754,1970670.4642857143,1970670.4642857143,3573.3425019999995,3264.8335914285713,3264.8335914285713
2025-12-24,COSMICCRF,INE0ORA01015,BSE,1177.0,0.0,0.0,5066.8,0.0,0.0,0.0,0.0,0.0,0.0,12236.481666666667,12236.481666666667,12236.481666666667
2025-12-26,EMSLIMITED,INE0OV601013,NSE,428.55,60.69,39972144.15,66462.0074,48.522000000000006,44.07428571428572,44.07428571428572,23679125.98,32865170.12857143,32865170.12857143,49530.131810000006,86206.65040714286,86206.65040714286
2025-12-24,KHAZANCHI,INE0OWC01011,BSE,764.0,0.0,0.0,25803.537,0.0,0.0,0.0,0.0,0.0,0.0,24327.645666666667,24327.645666666667,24327.645666666667
2025-12-24,AFCOM,INE0OXY01013,BSE,868.95,0.0,0.0,37083.186,0.0,0.0,0.0,0.0,0.0,0.0,40216.374,40216.374,40216.374
2025-12-24,QUESTFLOW,INE0OYE01013,BSE,194.75,0.0,0.0,1586.78,0.0,0.0,0.0,0.0,0.0,0.0,1365.6766666666665,1365.6766666666665,1365.6766666666665
2025-12-19,RUDRAGAS,INE0OYK01010,BSE,68.1,0.0,0.0,206.1,0.0,0.0,0.0,0.0,0.0,0.0,215.45,215.45,215.45
2025-12-24,KAKA,INE0P3N01018,BSE,217.55,0.0,0.0,1094.025,0.0,0.0,0.0,0.0,0.0,0.0,732.9916666666667,732.9916666666667,732.9916666666667
2025-12-24,TECHKGREEN,INE0P4P01011,BSE,108.3,0.0,0.0,762.78,0.0,0.0,0.0,0.0,0.0,0.0,1032.4266666666665,1032.4266666666665,1032.4266666666665
2025-12-17,SWADHATURE,INE0P4R01017,BSE,11.91,0.0,0.0,756.881,0.0,0.0,0.0,0.0,0.0,0.0,756.881,756.881,756.881
2025-12-26,CPEDU,INE0P6P01016,NSE,259.5,71.89,2768086.5,3874.7994,55.843999999999994,58.04571428571428,58.04571428571428,1663323.11,1435331.892857143,1435331.892857143,2960.56587,2483.734228571429,2483.734228571429
2025-12-24,SANCODE,INE0P7001013,BSE,149.0,0.0,0.0,670.35,0.0,0.0,0.0,0.0,0.0,0.0,7856.962500000001,7856.962500000001,7856.962500000001
2025-12-24,AMIC,INE0P9J01013,BSE,1527.45,0.0,0.0,7393.69,0.0,0.0,0.0,0.0,0.0,0.0,5787.213333333333,5787.213333333333,5787.213333333333
2025-12-24,IDENTIXWEB,INE0PA401012,BSE,66.5,0.0,0.0,133.0,0.0,0.0,0.0,0.0,0.0,0.0,3807.7700000000004,3807.7700000000004,3807.7700000000004
2025-12-19,VIVAA,INE0PA601017,BSE,40.95,0.0,0.0,2047.5,0.0,0.0,0.0,0.0,0.0,0.0,2047.5,2047.5,2047.5
2025-12-26,GHCLTEXTIL,INE0PA801013,NSE,71.95,64.99,5616488.95,8674.941560000001,65.564,65.89428571428572,65.89428571428572,5776750.194,6465643.581428572,6465643.581428572,8794.894342,9771.490498571427,9771.490498571427
2025-12-26,SCILAL,INE0PB301013,NSE,46.78,45.72,6256778.22,13742.58845,54.220000000000006,54.99714285714286,54.99714285714286,5152261.390000001,5467744.811428572,5467744.811428572,9535.921815999998,9951.649772857141,9951.649772857141
2025-12-26,RBZJEWEL,INE0PEQ01016,NSE,141.08,54.9,3652279.0400000005,6702.301509999999,43.624,45.290000000000006,45.290000000000006,5307295.086,4420550.497142857,4420550.497142857,13879.524469999998,11196.321594285715,11196.321594285715
2025-12-26,OCCLLTD,INE0PK601023,NSE,100.06,58.85,8294373.640000001,14407.71801,53.05,58.787142857142854,58.787142857142854,3228824.3500000006,3043930.704285715,3043930.704285715,6270.248408,5452.460314285715,5452.460314285715
2025-12-26,MEIL,INE0PKD01011,NSE,377.65,58.62,12664492.75,21644.501800000002,51.524,55.04571428571429,55.04571428571429,6871265.38,7413891.028571428,7413891.028571428,13489.975830000001,13495.981285714286,13495.981285714286
2025-12-24,NPL,INE0PO601011,BSE,482.9,0.0,0.0,266.838,0.0,0.0,0.0,0.0,0.0,0.0,875.878,875.878,875.878
2025-12-24,ACCELERATE,INE0POP01017,BSE,80.2,0.0,0.0,251.641,0.0,0.0,0.0,0.0,0.0,0.0,277.4506666666667,277.4506666666667,277.4506666666667
2025-12-24,ARROWHEAD,INE0PP401015,BSE,72.0,0.0,0.0,132.6,0.0,0.0,0.0,0.0,0.0,0.0,45.15,45.15,45.15
2025-12-26,ORIENTTECH,INE0PPK01015,NSE,336.7,40.94,15626920.4,38145.37745,39.687999999999995,42.73,42.73,24932012.76,22993048.042857144,22993048.042857144,64562.531200000005,56484.49642142857,56484.49642142857
2025-12-26,DIGIDRIVE,INE0PSC01024,NSE,26.08,59.76,485974.72,819.82878,62.407999999999994,64.55428571428571,64.55428571428571,329635.31799999997,312115.58999999997,312115.58999999997,670.1648680000001,586.7742157142858,586.7742157142858
2025-12-26,PLATIND,INE0PT501018,NSE,252.85,50.7,15266324.45,30629.1662,53.972,54.72000000000001,54.72000000000001,16274065.48,14692519.678571431,14692519.678571431,30475.07668,27176.605435714282,27176.605435714282
2025-12-23,SWASTIKAAL,INE0PTF01017,BSE,66.7,0.0,0.0,133.4,0.0,0.0,0.0,0.0,0.0,0.0,139.0,139.0,139.0
2025-12-24,EUPHORIAIT,INE0PYT01018,BSE,44.5,0.0,0.0,53.4,0.0,0.0,0.0,0.0,0.0,0.0,113.988,113.988,113.988
2025-12-24,PFL,INE0PZB01013,BSE,33.58,0.0,0.0,808.41,0.0,0.0,0.0,0.0,0.0,0.0,1116.84,1116.84,1116.84
2025-12-24,VEEFIN,INE0Q0M01015,BSE,362.15,0.0,0.0,13711.57,0.0,0.0,0.0,0.0,0.0,0.0,18124.606666666667,18124.606666666667,18124.606666666667
2025-12-24,QLL,INE0Q1R01012,BSE,415.0,0.0,0.0,1324.0,0.0,0.0,0.0,0.0,0.0,0.0,763.7333333333335,763.7333333333335,763.7333333333335
2025-12-24,SUNITATOOL,INE0Q1S01010,BSE,781.0,0.0,0.0,1268.2,0.0,0.0,0.0,0.0,0.0,0.0,4659.293333333332,4659.293333333332,4659.293333333332
2025-12-23,DAVIN,INE0Q2L01013,BSE,43.15,0.0,0.0,86.3,0.0,0.0,0.0,0.0,0.0,0.0,88.0,88.0,88.0
2025-12-24,SAFE,INE0Q3401017,BSE,235.0,0.0,0.0,573.775,0.0,0.0,0.0,0.0,0.0,0.0,307.8833333333333,307.8833333333333,307.8833333333333
2025-12-26,KRN,INE0Q3J01015,NSE,736.75,53.63,53100519.5,98797.42705,46.955999999999996,49.09285714285714,49.09285714285714,57716438.239999995,57434052.75714286,57434052.75714286,121919.84328,116964.39682857144,116964.39682857144
2025-12-26,SUNCLAY,INE0Q3R01026,NSE,1231.0,45.24,3231375.0,7133.0447,60.30400000000001,61.81714285714286,61.81714285714286,4067558.1399999997,3829237.4428571425,3829237.4428571425,6790.9814400000005,6232.0826857142865,6232.0826857142865
2025-12-19,BRISK,INE0Q6L01014,BSE,80.0,0.0,0.0,1180.8,0.0,0.0,0.0,0.0,0.0,0.0,259.2,259.2,259.2
2025-12-24,BONDADA,INE0Q8P01029,BSE,366.4,0.0,0.0,26896.57,0.0,0.0,0.0,0.0,0.0,0.0,40253.04,40253.04,40253.04
2025-12-26,IGIL,INE0Q9301021,NSE,335.0,61.14,183902605.0,300357.7679,50.74400000000001,48.53285714285715,48.53285714285715,71807338.59,57941169.75000001,57941169.75000001,150028.34131,122570.69118571428,122570.69118571428
2025-12-24,RAPID,INE0QA901010,BSE,86.67,0.0,0.0,138.672,0.0,0.0,0.0,0.0,0.0,0.0,482.7733333333333,482.7733333333333,482.7733333333333
2025-12-24,HAMPS,INE0QBD01018,BSE,19.6,0.0,0.0,227.0,0.0,0.0,0.0,0.0,0.0,0.0,149.5,149.5,149.5
2025-12-24,AIKPIPES,INE0QFT01015,BSE,32.48,0.0,0.0,51.976,0.0,0.0,0.0,0.0,0.0,0.0,52.8,52.8,52.8
2025-12-24,MISHDESIGN,INE0QI101019,BSE,47.75,0.0,0.0,72.625,0.0,0.0,0.0,0.0,0.0,0.0,139.8125,139.8125,139.8125
2025-12-24,SHREE,INE0QIS01011,BSE,87.5,0.0,0.0,130.55,0.0,0.0,0.0,0.0,0.0,0.0,128.5,128.5,128.5
2025-12-23,CTLLAB,INE0QMR01015,BSE,38.5,0.0,0.0,91.2,0.0,0.0,0.0,0.0,0.0,0.0,91.2,91.2,91.2
2025-12-24,BHARATROHAN,INE0QMV01017,BSE,145.0,0.0,0.0,691.2,0.0,0.0,0.0,0.0,0.0,0.0,2478.88,2478.88,2478.88
2025-12-26,KRYSTAL,INE0QN801017,NSE,512.3,42.07,3386815.3,8068.89145,63.23,61.83,61.83,3014332.48,3031227.935714286,3031227.935714286,4575.636700000001,4840.407164285715,4840.407164285715
2025-12-24,FTL,INE0QOQ01013,BSE,16.64,0.0,0.0,51.74,0.0,0.0,0.0,0.0,0.0,0.0,18.58,18.58,18.58
2025-12-23,VALPLAST,INE0QP701017,BSE,58.25,0.0,0.0,116.5,0.0,0.0,0.0,0.0,0.0,0.0,1682.0,1682.0,1682.0
2025-12-26,SUDEEPPHRM,INE0QPI01025,NSE,622.5,27.18,45883230.0,172656.53975,29.404000000000003,29.267142857142858,29.267142857142858,59478823.31,55166079.66428572,55166079.66428572,207880.89644,191768.59029285717,191768.59029285717
2025-12-24,ROYAL,INE0QQG01019,BSE,204.8,0.0,0.0,512.0,0.0,0.0,0.0,0.0,0.0,0.0,801.0916666666667,801.0916666666667,801.0916666666667
2025-12-24,PARMESHWAR,INE0QQJ01021,BSE,133.3,0.0,0.0,2396.3,0.0,0.0,0.0,0.0,0.0,0.0,2208.7533333333336,2208.7533333333336,2208.7533333333336
2025-12-26,ARKADE,INE0QRL01017,NSE,136.97,46.0,14418968.87,31475.49482,43.961999999999996,43.464285714285715,43.464285714285715,25382900.146,31846555.601428576,31846555.601428576,59378.993200000004,75029.81143285715,75029.81143285715
2025-12-24,AMKAY,INE0QSB01016,BSE,75.79,0.0,0.0,3030.0,0.0,0.0,0.0,0.0,0.0,0.0,2228.1866666666665,2228.1866666666665,2228.1866666666665
2025-12-24,SIYARAM,INE0QSK01017,BSE,55.35,0.0,0.0,1412.445,0.0,0.0,0.0,0.0,0.0,0.0,6475.07,6475.07,6475.07
2025-12-26,VSTL,INE0QTF01015,NSE,132.64,53.91,251485.43999999997,467.56428000000005,65.26,63.01142857142857,63.01142857142857,984764.962,1218232.33,1218232.33,1541.42329,1993.1266957142855,1993.1266957142855
2025-12-24,SODHACAP,INE0QU501030,BSE,86.5,0.0,0.0,680.0,0.0,0.0,0.0,0.0,0.0,0.0,727.6999999999999,727.6999999999999,727.6999999999999
2025-12-24,NEXXUS,INE0QUL01011,BSE,108.0,0.0,0.0,129.6,0.0,0.0,0.0,0.0,0.0,0.0,126.0,126.0,126.0
2025-12-23,SATTRIX,INE0QUV01010,BSE,269.7,0.0,0.0,1430.95,0.0,0.0,0.0,0.0,0.0,0.0,1670.9,1670.9,1670.9
2025-12-24,KPGEL,INE0QVH01025,BSE,421.7,0.0,0.0,15590.775,0.0,0.0,0.0,0.0,0.0,0.0,17080.074666666667,17080.074666666667,17080.074666666667
2025-12-23,DKUAL,INE0QXT01018,BSE,32.89,0.0,0.0,65.78,0.0,0.0,0.0,0.0,0.0,0.0,65.78,65.78,65.78
2025-12-24,JGTL,INE0QXV01014,BSE,564.55,0.0,0.0,210.113,0.0,0.0,0.0,0.0,0.0,0.0,707.826,707.826,707.826
2025-12-23,MAGENTA,INE0QZ901011,BSE,12.7,0.0,0.0,151.96,0.0,0.0,0.0,0.0,0.0,0.0,151.96,151.96,151.96
2025-12-24,GPSL,INE0QZF01012,BSE,338.95,0.0,0.0,1594.62,0.0,0.0,0.0,0.0,0.0,0.0,1630.485,1630.485,1630.485
2025-12-23,SHANTIDENM,INE0QZQ01019,BSE,60.0,0.0,0.0,238.0,0.0,0.0,0.0,0.0,0.0,0.0,238.0,238.0,238.0
2025-12-24,METHODHUB,INE0QZR01017,BSE,145.05,0.0,0.0,20484.66,0.0,0.0,0.0,0.0,0.0,0.0,41141.35,41141.35,41141.35
2025-12-26,DENTA,INE0R4L01018,NSE,336.05,29.67,24657668.75,83181.5541,29.424,29.27,29.27,33570799.47,65243971.11428571,65243971.11428571,192682.3358,802248.5135785713,802248.5135785713
2025-12-23,PIOTEX,INE0R4W01015,BSE,60.0,0.0,0.0,72.0,0.0,0.0,0.0,0.0,0.0,0.0,72.0,72.0,72.0
2025-12-19,MCFL,INE0R5Z01015,BSE,175.0,0.0,0.0,105.0,0.0,0.0,0.0,0.0,0.0,0.0,105.0,105.0,105.0
2025-12-24,VARYAA,INE0R6801013,BSE,30.24,0.0,0.0,88.24,0.0,0.0,0.0,0.0,0.0,0.0,438.85,438.85,438.85
2025-12-26,SRM,INE0R6Z01013,NSE,539.75,41.81,9862312.0,23521.5848,40.712,41.465714285714284,41.465714285714284,19256452.89,16909801.87142857,16909801.87142857,47029.34676,40892.29253571429,40892.29253571429
2025-12-23,3CIT,INE0R7D01018,BSE,16.1,0.0,0.0,128.8,0.0,0.0,0.0,0.0,0.0,0.0,79.02000000000001,79.02000000000001,79.02000000000001
2025-12-24,COVANCE,INE0R8101016,BSE,92.26,0.0,0.0,1.845,0.0,0.0,0.0,0.0,0.0,0.0,9.41,9.41,9.41
2025-12-26,PATELRMART,INE0R8B01010,NSE,203.75,68.89,24683701.25,36258.174100000004,51.065999999999995,52.557142857142864,52.557142857142864,7911125.15,7940421.071428572,7940421.071428572,15952.40863,15380.388007142858,15380.388007142858
2025-12-23,OML,INE0R8Q01018,BSE,26.25,0.0,0.0,42.0,0.0,0.0,0.0,0.0,0.0,0.0,254.352,254.352,254.352
2025-12-26,SENORES,INE0RB801010,NSE,814.0,47.42,233877666.0,501894.87025,57.29,52.41285714285714,52.41285714285714,237929393.88999996,186330867.5642857,186330867.5642857,376003.52235000004,311500.4825571429,311500.4825571429
2025-12-24,VANDAN,INE0RDJ01019,BSE,49.73,0.0,0.0,820.176,0.0,0.0,0.0,0.0,0.0,0.0,1364.7839999999999,1364.7839999999999,1364.7839999999999
2025-12-24,DEEPAKCHEM,INE0RDM01013,BSE,108.0,0.0,0.0,610.96,0.0,0.0,0.0,0.0,0.0,0.0,576.78,576.78,576.78
2025-12-23,SPL,INE0RDR01012,BSE,31.05,0.0,0.0,597.568,0.0,0.0,0.0,0.0,0.0,0.0,597.888,597.888,597.888
2025-12-26,GALAPREC,INE0RE001014,NSE,781.3,68.12,5303464.399999999,7804.32495,51.617999999999995,54.43142857142857,54.43142857142857,9827246.23,8058053.164285715,8058053.164285715,23170.63902,18344.075835714288,18344.075835714288
2025-12-24,STAL,INE0RGM01016,BSE,77.29,0.0,0.0,1445.328,0.0,0.0,0.0,0.0,0.0,0.0,948.1893333333334,948.1893333333334,948.1893333333334
2025-12-24,VANDU,INE0RH001011,BSE,67.0,0.0,0.0,134.0,0.0,0.0,0.0,0.0,0.0,0.0,135.85333333333332,135.85333333333332,135.85333333333332
2025-12-19,ASSOCIATED,INE0RIQ01013,BSE,112.0,0.0,0.0,56.0,0.0,0.0,0.0,0.0,0.0,0.0,309.8,309.8,309.8
2025-12-24,SRIGEE,INE0RJ901010,BSE,89.15,0.0,0.0,3120.42,0.0,0.0,0.0,0.0,0.0,0.0,336.62000000000006,336.62000000000006,336.62000000000006
2025-12-24,KIZI,INE0RMR01013,BSE,13.1,0.0,0.0,119.4,0.0,0.0,0.0,0.0,0.0,0.0,293.22,293.22,293.22
2025-12-23,SBVCL,INE0RNZ01014,BSE,104.65,0.0,0.0,62.79,0.0,0.0,0.0,0.0,0.0,0.0,252.135,252.135,252.135
2025-12-24,OVAL,INE0RTI01017,BSE,62.4,0.0,0.0,11188.752,0.0,0.0,0.0,0.0,0.0,0.0,852.6133333333333,852.6133333333333,852.6133333333333
2025-12-24,GEMENVIRO,INE0RUJ01013,BSE,56.54,0.0,0.0,736.36,0.0,0.0,0.0,0.0,0.0,0.0,8180.074666666666,8180.074666666666,8180.074666666666
2025-12-24,ASTRONMULT,INE0RUY01012,BSE,22.07,0.0,0.0,24264.04,0.0,0.0,0.0,0.0,0.0,0.0,302.41333333333336,302.41333333333336,302.41333333333336
2025-12-26,TOLINS,INE0RWQ01014,NSE,133.06,61.96,6272315.34,10081.51608,59.86,57.938571428571436,57.938571428571436,10268148.666000001,8345513.644285715,8345513.644285715,16709.201804,13830.10449,13830.10449
2025-12-24,GBLOGISTIC,INE0RWU01016,BSE,49.95,0.0,0.0,413.28,0.0,0.0,0.0,0.0,0.0,0.0,245.39200000000002,245.39200000000002,245.39200000000002
2025-12-19,SHREENATH,INE0RXS01018,BSE,19.3,0.0,0.0,174.6,0.0,0.0,0.0,0.0,0.0,0.0,57.0,57.0,57.0
2025-12-19,GVL,INE0S0701019,BSE,111.0,0.0,0.0,335.0,0.0,0.0,0.0,0.0,0.0,0.0,335.0,335.0,335.0
2025-12-24,COTFAB,INE0S0I01011,BSE,20.07,0.0,0.0,80.16,0.0,0.0,0.0,0.0,0.0,0.0,384.74,384.74,384.74
2025-12-26,BALAJEE,INE0S2G01011,NSE,41.67,96.62,16368726.06,16892.52793,66.142,64.86714285714285,64.86714285714285,3704039.0640000002,5269164.410000001,5269164.410000001,5655.132338,7336.936558571428,7336.936558571428
2025-12-26,VRAJ,INE0S2V01010,NSE,125.2,70.92,1339890.4000000001,1893.52033,64.982,68.19,68.19,1233524.0019999999,2292606.915714286,2292606.915714286,1912.2520399999999,2964.3050000000003,2964.3050000000003
2025-12-26,PACEDIGITK,INE0S3G01027,NSE,192.65,45.51,52411203.1,115422.77161,49.714000000000006,47.808571428571426,47.808571428571426,55903043.186000004,46927014.910000004,46927014.910000004,110171.401868,95248.21935714285,95248.21935714285
2025-12-26,CRIZAC,INE0S4R01014,NSE,292.35,50.61,39492976.800000004,76635.55625,48.70399999999999,49.989999999999995,49.989999999999995,24147804.05,37402768.078571424,37402768.078571424,49358.819019999995,73162.01248571428,73162.01248571428
2025-12-24,RDGAIL,INE0S5T01017,BSE,72.0,0.0,0.0,238.86,0.0,0.0,0.0,0.0,0.0,0.0,446.94,446.94,446.94
2025-12-23,DFPL,INE0S6R01027,BSE,14.65,0.0,0.0,146.5,0.0,0.0,0.0,0.0,0.0,0.0,304.89,304.89,304.89
2025-12-24,KGVL,INE0S9501014,BSE,50.65,0.0,0.0,60.78,0.0,0.0,0.0,0.0,0.0,0.0,121.62,121.62,121.62
2025-12-24,ACEALPHA,INE0S9X01011,BSE,92.5,0.0,0.0,185.5,0.0,0.0,0.0,0.0,0.0,0.0,492.48333333333335,492.48333333333335,492.48333333333335
2025-12-24,SEVL,INE0SC101013,BSE,80.0,0.0,0.0,3303.444,0.0,0.0,0.0,0.0,0.0,0.0,5535.112,5535.112,5535.112
2025-12-24,AZTEC,INE0SCB01016,BSE,113.05,0.0,0.0,798.0,0.0,0.0,0.0,0.0,0.0,0.0,896.0666666666666,896.0666666666666,896.0666666666666
2025-12-24,EMMFORCE,INE0SDC01012,BSE,141.05,0.0,0.0,1367.7,0.0,0.0,0.0,0.0,0.0,0.0,2676.36,2676.36,2676.36
2025-12-23,SIHORA,INE0SFA01011,BSE,60.0,0.0,0.0,240.02,0.0,0.0,0.0,0.0,0.0,0.0,240.02,240.02,240.02
2025-12-24,BROACH,INE0SFZ01018,BSE,15.69,0.0,0.0,94.14,0.0,0.0,0.0,0.0,0.0,0.0,94.14,94.14,94.14
2025-12-24,TRAVELS,INE0SG001011,BSE,23.27,0.0,0.0,1332.0,0.0,0.0,0.0,0.0,0.0,0.0,861.5099999999999,861.5099999999999,861.5099999999999
2025-12-23,SHIVAM,INE0SGR01013,BSE,62.15,0.0,0.0,282.6,0.0,0.0,0.0,0.0,0.0,0.0,294.0,294.0,294.0
2025-12-26,QPOWER,INE0SII01026,NSE,741.8,28.16,136080984.6,487446.94425,36.712,39.93571428571429,39.93571428571429,111150809.56999998,101311904.4642857,101311904.4642857,337857.36552,286765.79420714284,286765.79420714284
2025-12-24,GPAPL,INE0SIK01014,BSE,92.99,0.0,0.0,4745.92,0.0,0.0,0.0,0.0,0.0,0.0,2697.0293333333334,2697.0293333333334,2697.0293333333334
2025-12-26,VMSTMT,INE0SJA01013,NSE,53.3,27.68,2004932.7999999998,7266.64384,47.422000000000004,46.761428571428574,46.761428571428574,3349544.516,3447773.654285714,3447773.654285714,7281.110451999999,8018.887994285715,8018.887994285715
2025-12-24,APL,INE0SJX01015,BSE,84.21,0.0,0.0,2214.65,0.0,0.0,0.0,0.0,0.0,0.0,1161.4,1161.4,1161.4
2025-12-24,RAL,INE0SK201011,BSE,53.0,0.0,0.0,191.28,0.0,0.0,0.0,0.0,0.0,0.0,191.28,191.28,191.28
2025-12-24,NSBBPO,INE0SLP01017,BSE,92.0,0.0,0.0,560.15,0.0,0.0,0.0,0.0,0.0,0.0,611.55,611.55,611.55
2025-12-23,TGIF,INE0SMU01015,BSE,79.0,0.0,0.0,305.82,0.0,0.0,0.0,0.0,0.0,0.0,156.3,156.3,156.3
2025-12-24,PPARIVAH,INE0SMW01011,BSE,162.2,0.0,0.0,393.72,0.0,0.0,0.0,0.0,0.0,0.0,1254.39,1254.39,1254.39
2025-12-24,DHILLON,INE0SPJ01011,BSE,41.6,0.0,0.0,66.56,0.0,0.0,0.0,0.0,0.0,0.0,66.56,66.56,66.56
2025-12-24,TELGE,INE0SRP01014,BSE,104.1,0.0,0.0,124.92,0.0,0.0,0.0,0.0,0.0,0.0,1115.98,1115.98,1115.98
2025-12-24,ZAPPFRESH,INE0SUM01015,BSE,150.75,0.0,0.0,3821.4,0.0,0.0,0.0,0.0,0.0,0.0,7988.12,7988.12,7988.12
2025-12-24,SAFECURE,INE0SVZ01015,BSE,37.38,0.0,0.0,179.34,0.0,0.0,0.0,0.0,0.0,0.0,528.82,528.82,528.82
2025-12-24,ACLD,INE0T3401029,BSE,154.5,0.0,0.0,2634.0,0.0,0.0,0.0,0.0,0.0,0.0,1546.67,1546.67,1546.67
2025-12-24,MARCLOIRE,INE0TBQ01014,BSE,45.57,0.0,0.0,54.684,0.0,0.0,0.0,0.0,0.0,0.0,1352.9840000000002,1352.9840000000002,1352.9840000000002
2025-12-23,SHANMUGA,INE0TD301017,BSE,47.46,0.0,0.0,94.92,0.0,0.0,0.0,0.0,0.0,0.0,594.1500000000001,594.1500000000001,594.1500000000001
2025-12-24,3BFILMS,INE0TE101010,BSE,28.8,0.0,0.0,86.4,0.0,0.0,0.0,0.0,0.0,0.0,315.46500000000003,315.46500000000003,315.46500000000003
2025-12-24,ASTONEALAB,INE0TG901011,BSE,160.0,0.0,0.0,803.0,0.0,0.0,0.0,0.0,0.0,0.0,2407.4833333333336,2407.4833333333336,2407.4833333333336
2025-12-24,DESCO,INE0TGG01014,BSE,199.2,0.0,0.0,998.25,0.0,0.0,0.0,0.0,0.0,0.0,1208.8583333333333,1208.8583333333333,1208.8583333333333
2025-12-26,CHEMBONDCH,INE0TGX01019,NSE,155.77,80.43,430080.97000000003,542.67568,72.068,69.34285714285714,69.34285714285714,1307822.1,1256529.0485714285,1256529.0485714285,1823.50295,1818.253767142857,1818.253767142857
2025-12-24,SWASTH,INE0TIR01017,BSE,25.87,0.0,0.0,60.564,0.0,0.0,0.0,0.0,0.0,0.0,125.03999999999999,125.03999999999999,125.03999999999999
2025-12-24,LTELEVATOR,INE0TJ801010,BSE,208.1,0.0,0.0,54184.8,0.0,0.0,0.0,0.0,0.0,0.0,20592.533333333336,20592.533333333336,20592.533333333336
2025-12-24,CRYOGENIC,INE0TL001013,BSE,167.9,0.0,0.0,4055.85,0.0,0.0,0.0,0.0,0.0,0.0,3474.5873333333334,3474.5873333333334,3474.5873333333334
2025-12-26,MAMATA,INE0TO701015,NSE,421.05,36.53,10561618.200000001,28705.954449999997,42.31,45.47285714285715,45.47285714285715,12415016.0,13019094.07142857,13019094.07142857,33690.20205,31824.90885,31824.90885
2025-12-26,GLOTTIS,INE0TQE01026,NSE,61.0,65.98,5917671.0,9030.6762,45.646,48.25,48.25,6546665.0940000005,6325708.092857144,6325708.092857144,14355.438683999999,13340.961675714285,13340.961675714285
2025-12-24,TOTEM,INE0TT901016,BSE,144.45,0.0,0.0,3749.654,0.0,0.0,0.0,0.0,0.0,0.0,2311.762666666667,2311.762666666667,2311.762666666667
2025-12-26,SOLARWORLD,INE0TY101024,NSE,264.6,60.95,46534143.6,76424.3132,57.02,60.94428571428572,60.94428571428572,11029666.19,10649773.557142857,10649773.557142857,19375.589870000003,17769.71400714286,17769.71400714286
2025-12-24,AMWILL,INE0U2L01017,BSE,42.9,0.0,0.0,51.48,0.0,0.0,0.0,0.0,0.0,0.0,227.10800000000003,227.10800000000003,227.10800000000003
2025-12-26,UNIMECH,INE0U3I01011,NSE,921.55,55.48,12516492.1,22724.2617,46.19799999999999,44.08142857142857,44.08142857142857,21326612.009999998,26045520.64285714,26045520.64285714,46488.60106,70596.2038,70596.2038
2025-12-26,BLUSPRING,INE0U4101014,NSE,67.57,54.97,4365089.569999999,7980.366730000001,63.78000000000001,64.27000000000001,64.27000000000001,3673613.454,4435454.974285714,4435454.974285714,5741.393633999999,6891.035625714285,6891.035625714285
2025-12-26,DIGITIDE,INE0U4701011,NSE,136.49,59.12,9165576.48,15607.74417,49.632000000000005,51.81857142857143,51.81857142857143,18487295.366,15692221.450000001,15692221.450000001,41934.093896,34460.35644142857,34460.35644142857
2025-12-24,SUBAM,INE0U6201010,BSE,201.25,0.0,0.0,1776.72,0.0,0.0,0.0,0.0,0.0,0.0,1703.6000000000001,1703.6000000000001,1703.6000000000001
2025-12-24,MAHALIFE,INE0U9D01019,BSE,181.75,0.0,0.0,33302.4,0.0,0.0,0.0,0.0,0.0,0.0,73224.02,73224.02,73224.02
2025-12-24,MNFL,INE0UH001016,BSE,158.0,0.0,0.0,12222.0,0.0,0.0,0.0,0.0,0.0,0.0,7559.100000000001,7559.100000000001,7559.100000000001
2025-12-26,BLACKBUCK,INE0UIZ01018,NSE,662.75,47.38,115682349.75,245864.1314,54.362,55.11428571428571,55.11428571428571,172331650.84,158436361.6142857,158436361.6142857,331250.34865000006,300238.6294285715,300238.6294285715
2025-12-24,SHARVAYA,INE0UJF01018,BSE,183.9,0.0,0.0,8599.11,0.0,0.0,0.0,0.0,0.0,0.0,931.1999999999999,931.1999999999999,931.1999999999999
2025-12-24,THREEMPAPE,INE0UK501010,BSE,36.65,0.0,0.0,514.0,0.0,0.0,0.0,0.0,0.0,0.0,108.35,108.35,108.35
2025-12-24,GLEN,INE0UMC01019,BSE,80.11,0.0,0.0,288.804,0.0,0.0,0.0,0.0,0.0,0.0,3186.892,3186.892,3186.892
2025-12-26,SANOFICONR,INE0UOS01011,NSE,4474.1,45.42,3087129.0000000005,6789.696900000001,62.996,62.30428571428571,62.30428571428571,7717606.88,8240040.0,8240040.0,11890.19564,12957.554671428572,12957.554671428572
2025-12-26,GLOBALE,INE0URU01010,NSE,12.21,61.56,60879.060000000005,99.46205,59.98,63.045714285714276,63.045714285714276,158430.55,313514.31285714294,313514.31285714294,294.681328,480.98782142857146,480.98782142857146
2025-12-26,MFML,INE0US801024,NSE,25.08,74.44,85221.84,115.46383999999999,88.386,89.98285714285714,89.98285714285714,162367.994,202791.1385714286,202791.1385714286,179.500658,223.2334071428571,223.2334071428571
2025-12-24,MCEL,INE0UYT01018,BSE,91.9,0.0,0.0,2773.56,0.0,0.0,0.0,0.0,0.0,0.0,1947.3400000000001,1947.3400000000001,1947.3400000000001
2025-12-24,NEETUYOSHI,INE0UZO01024,BSE,108.05,0.0,0.0,4602.84,0.0,0.0,0.0,0.0,0.0,0.0,4936.293333333334,4936.293333333334,4936.293333333334
2025-12-24,MSECL,INE0V0L01028,BSE,213.4,0.0,0.0,9792.66,0.0,0.0,0.0,0.0,0.0,0.0,4768.06,4768.06,4768.06
2025-12-26,HYUNDAI,INE0V6F01027,NSE,2321.1,73.64,638054142.3,864867.3187000001,67.732,65.83,65.83,808653357.54,787528041.2571429,787528041.2571429,1162822.0171199997,1170361.1858285714,1170361.1858285714
2025-12-26,CARRARO,INE0V7W01012,NSE,530.65,46.61,20610446.0,45455.2054,53.348,50.934285714285714,50.934285714285714,20717652.52,17900805.15,17900805.15,40113.89668,35584.96847142857,35584.96847142857
2025-12-24,KARBON,INE0V8A01016,BSE,177.0,0.0,0.0,10902.6,0.0,0.0,0.0,0.0,0.0,0.0,8411.906666666666,8411.906666666666,8411.906666666666
2025-12-26,LOTUSDEV,INE0V9Q01010,NSE,157.28,51.79,38948504.64,75107.99529,53.386,54.247142857142855,54.247142857142855,74312213.28799999,60611616.664285704,60611616.664285704,148779.15021000002,119771.44030714287,119771.44030714287
2025-12-24,PURPLEWAVE,INE0VDK01019,BSE,120.5,0.0,0.0,1318.85,0.0,0.0,0.0,0.0,0.0,0.0,6216.616666666666,6216.616666666666,6216.616666666666
2025-12-26,MEESHO,INE0VDM01015,NSE,197.84,14.45,598249760.88,4129363.98629,11.592,11.78857142857143,11.78857142857143,2564322700.176,3102023585.9385715,3102023585.9385715,27791071.488822002,29621593.192048572,29621593.192048572
2025-12-24,SIMANDHAR,INE0VI201010,BSE,24.8,0.0,0.0,0.818,0.0,0.0,0.0,0.0,0.0,0.0,0.094,0.094,0.094
2025-12-24,RAJESH,INE0VN801010,BSE,1104.1,0.0,0.0,27438.53,0.0,0.0,0.0,0.0,0.0,0.0,33423.44666666666,33423.44666666666,33423.44666666666
2025-12-23,NAPSGLOBAL,INE0VNH01014,BSE,50.44,0.0,0.0,161.408,0.0,0.0,0.0,0.0,0.0,0.0,394.488,394.488,394.488
2025-12-26,DEVX,INE0VOV01021,NSE,41.3,65.49,9670105.899999999,14737.61641,68.768,69.13428571428572,69.13428571428572,4668616.914,4687888.44,4687888.44,6757.37062,6701.215651428572,6701.215651428572
2025-12-24,CHEMKART,INE0VWL01017,BSE,128.35,0.0,0.0,4454.85,0.0,0.0,0.0,0.0,0.0,0.0,29262.859999999997,29262.859999999997,29262.859999999997
2025-12-23,NUKLEUS,INE0VYX01018,BSE,195.0,0.0,0.0,117.0,0.0,0.0,0.0,0.0,0.0,0.0,962.37,962.37,962.37
2025-12-24,SOLARIUM,INE0W0H01017,BSE,258.1,0.0,0.0,21326.445,0.0,0.0,0.0,0.0,0.0,0.0,14310.735,14310.735,14310.735
2025-12-24,ADCOUNTY,INE0W1601012,BSE,110.0,0.0,0.0,14034.92,0.0,0.0,0.0,0.0,0.0,0.0,16107.146666666667,16107.146666666667,16107.146666666667
2025-12-26,SAGILITY,INE0W2G01015,NSE,52.63,44.04,405179054.79,924713.36485,44.547999999999995,45.69857142857143,45.69857142857143,592434754.176,568418567.5742857,568418567.5742857,1397409.63299,1288890.5232742857,1288890.5232742857
2025-12-24,RAVEL,INE0W4D01018,BSE,117.85,0.0,0.0,1303.25,0.0,0.0,0.0,0.0,0.0,0.0,14688.866666666669,14688.866666666669,14688.866666666669
2025-12-24,BLT,INE0W4K01013,BSE,40.3,0.0,0.0,195.376,0.0,0.0,0.0,0.0,0.0,0.0,98.976,98.976,98.976
2025-12-24,JUSTO,INE0W5Q01017,BSE,97.0,0.0,0.0,1989.35,0.0,0.0,0.0,0.0,0.0,0.0,1494.0,1494.0,1494.0
2025-12-24,JUNGLECAMP,INE0WCH01015,BSE,48.66,0.0,0.0,778.816,0.0,0.0,0.0,0.0,0.0,0.0,651.7386666666666,651.7386666666666,651.7386666666666
2025-12-24,CLN,INE0WDX01010,BSE,406.0,0.0,0.0,244.04,0.0,0.0,0.0,0.0,0.0,0.0,278.50333333333333,278.50333333333333,278.50333333333333
2025-12-26,LAXMIDENTL,INE0WO601020,NSE,259.5,54.72,7721422.5,14157.61975,42.74,40.52571428571429,40.52571428571429,5863508.250000001,6805889.421428571,6805889.421428571,14871.0574,17804.468514285712,17804.468514285712
2025-12-24,VASHISHTHA,INE0WRP01016,BSE,144.25,0.0,0.0,692.52,0.0,0.0,0.0,0.0,0.0,0.0,346.48,346.48,346.48
2025-12-24,CNINFOTECH,INE0WXM01011,BSE,102.35,0.0,0.0,3163.78,0.0,0.0,0.0,0.0,0.0,0.0,1675.6533333333334,1675.6533333333334,1675.6533333333334
2025-12-26,MIDWESTLTD,INE0XAD01024,NSE,1687.2,13.85,76607316.0,548453.7603,21.118000000000002,23.504285714285714,23.504285714285714,67138925.67999999,62917446.885714285,62917446.885714285,337813.06357999996,294176.49737142853,294176.49737142853
2025-12-24,TTC,INE0XAY01012,BSE,429.0,0.0,0.0,382.5,0.0,0.0,0.0,0.0,0.0,0.0,804.4000000000001,804.4000000000001,804.4000000000001
2025-12-24,AIRFLOA,INE0XBS01012,BSE,333.65,0.0,0.0,25648.7,0.0,0.0,0.0,0.0,0.0,0.0,75609.3,75609.3,75609.3
2025-12-24,ATENPAPERS,INE0XCV01014,BSE,28.0,0.0,0.0,66.84,0.0,0.0,0.0,0.0,0.0,0.0,162.452,162.452,162.452
2025-12-24,AJCJEWEL,INE0XRR01010,BSE,90.0,0.0,0.0,327.3,0.0,0.0,0.0,0.0,0.0,0.0,1329.84,1329.84,1329.84
2025-12-24,SUGSLLOYD,INE0XX801016,BSE,112.8,0.0,0.0,9395.05,0.0,0.0,0.0,0.0,0.0,0.0,4301.283333333334,4301.283333333334,4301.283333333334
2025-12-24,KRUPALU,INE0XZB01017,BSE,53.93,0.0,0.0,86.288,0.0,0.0,0.0,0.0,0.0,0.0,135.97866666666667,135.97866666666667,135.97866666666667
2025-12-19,ICON,INE0Y0E01012,BSE,49.95,0.0,0.0,59.94,0.0,0.0,0.0,0.0,0.0,0.0,59.94,59.94,59.94
2025-12-26,JAINREC,INE0YD401026,NSE,412.25,35.12,162637159.75,467956.10065,29.496,29.255714285714284,29.255714285714284,194587729.19,213677702.8642857,213677702.8642857,697285.85568,756251.1914785715,756251.1914785715
2025-12-24,STARIMAGIN,INE0YG001013,BSE,92.55,0.0,0.0,7161.75,0.0,0.0,0.0,0.0,0.0,0.0,8585.166666666666,8585.166666666666,8585.166666666666
2025-12-24,MALPANI,INE0YON01014,BSE,72.0,0.0,0.0,458.304,0.0,0.0,0.0,0.0,0.0,0.0,787.72,787.72,787.72
2025-12-24,SHIVTEXCHEM,INE0YRO01015,BSE,160.55,0.0,0.0,1292.24,0.0,0.0,0.0,0.0,0.0,0.0,1103.8733333333332,1103.8733333333332,1103.8733333333332
2025-12-24,0CIPL28,INE0Z4807015,BSE,119261.49,0.0,0.0,1296.013,0.0,0.0,0.0,0.0,0.0,0.0,389.4646666666667,389.4646666666667,389.4646666666667
2025-12-26,ATLANTAELE,INE0Z4F01028,NSE,940.45,45.04,16223702.950000001,35930.4709,42.876,40.44,40.44,49576521.36,41826972.14285714,41826972.14285714,110946.99674999998,98258.5002,98258.5002
2025-12-24,ABRFL,INE0ZDY01011,BSE,116.9,0.0,0.0,2239.8,0.0,0.0,0.0,0.0,0.0,0.0,1111.86,1111.86,1111.86
2025-12-24,TECHNICHEM,INE0ZHT01012,BSE,53.15,0.0,0.0,217.04,0.0,0.0,0.0,0.0,0.0,0.0,896.35,896.35,896.35
2025-12-24,RACHIT,INE0ZN101029,BSE,134.0,0.0,0.0,531.0,0.0,0.0,0.0,0.0,0.0,0.0,758.6833333333334,758.6833333333334,758.6833333333334
2025-12-24,GOELCONS,INE0ZOM01013,BSE,304.15,0.0,0.0,858.86,0.0,0.0,0.0,0.0,0.0,0.0,2227.0866666666666,2227.0866666666666,2227.0866666666666
2025-12-26,ATUL,INE100A01010,NSE,6048.5,55.46,35474452.5,64156.078,54.07800000000001,51.47142857142858,51.47142857142858,142781411.8,117015907.5,117015907.5,330952.81059999997,272070.01935714285,272070.01935714285
2025-12-24,MAL,INE100C01024,BSE,1.89,0.0,0.0,30.359,0.0,0.0,0.0,0.0,0.0,0.0,39.645,39.645,39.645
2025-12-26,WSI,INE100D01014,NSE,91.68,42.78,5997613.920000001,13880.779,33.234,32.70857142857143,32.70857142857143,5913418.554,5753506.007142857,5753506.007142857,16549.639470000002,16808.996622857143,16808.996622857143
2025-12-24,PRSNTIN,INE100E01012,BSE,23.16,0.0,0.0,0.162,0.0,0.0,0.0,0.0,0.0,0.0,3.0879999999999996,3.0879999999999996,3.0879999999999996
2025-12-24,LYONSCO,INE100F01019,BSE,22.46,0.0,0.0,39.619,0.0,0.0,0.0,0.0,0.0,0.0,10.727000000000002,10.727000000000002,10.727000000000002
2025-12-26,M&M,INE101A01026,NSE,3623.1,69.53,2090525076.8999999,3009890.0891,60.891999999999996,61.17714285714285,61.17714285714285,3437556743.66,3285216514.785714,3285216514.785714,5579822.813320001,5330442.362985715,5330442.362985715
2025-12-26,GRANULES,INE101D01020,NSE,617.35,52.98,157481663.55,297126.51535,42.432,45.25000000000001,45.25000000000001,570675598.9,508747356.8,508747356.8,1373783.02463,1179075.7739714286,1179075.7739714286
2025-12-24,REGAL,INE101E01010,BSE,45.38,0.0,0.0,9.348,0.0,0.0,0.0,0.0,0.0,0.0,57.656,57.656,57.656
2025-12-24,HANSUGAR,INE101H01013,BSE,5.19,0.0,0.0,281.138,0.0,0.0,0.0,0.0,0.0,0.0,232.16766666666663,232.16766666666663,232.16766666666663
2025-12-26,AFCONS,INE101I01011,NSE,389.95,54.68,45412797.1,83044.67985,62.34000000000001,59.57428571428572,59.57428571428572,157525571.48999998,126987846.02857141,126987846.02857141,250332.02629,206262.28880714285,206262.28880714285
2025-12-19,MMFLZC27B,INE101Q07789,BSE,1548.0,0.0,0.0,1.548,0.0,0.0,0.0,0.0,0.0,0.0,1.548,1.548,1.548
2025-12-24,10MMFL27A,INE101Q07AQ7,BSE,99008.36,0.0,0.0,198.016,0.0,0.0,0.0,0.0,0.0,0.0,198.016,198.016,198.016
2025-12-17,MMFL191124,INE101Q07AR5,BSE,1040.2,0.0,0.0,10.402,0.0,0.0,0.0,0.0,0.0,0.0,10.402,10.402,10.402
2025-12-17,10MMFL28A,INE101Q07BB7,BSE,972.64,0.0,0.0,389.055,0.0,0.0,0.0,0.0,0.0,0.0,389.055,389.055,389.055
2025-12-24,MMFL130525,INE101Q07BC5,BSE,1020.0,0.0,0.0,10.2,0.0,0.0,0.0,0.0,0.0,0.0,10.2,10.2,10.2
2025-12-24,95MMFL27,INE101Q07BD3,BSE,987.0,0.0,0.0,494.911,0.0,0.0,0.0,0.0,0.0,0.0,494.911,494.911,494.911
2025-12-24,10MMFL2028,INE101Q07BI2,BSE,9604.0,0.0,0.0,28.812,0.0,0.0,0.0,0.0,0.0,0.0,28.812,28.812,28.812
2025-12-24,9MMFL27A,INE101Q07BK8,BSE,975.75,0.0,0.0,54.925,0.0,0.0,0.0,0.0,0.0,0.0,51.641333333333336,51.641333333333336,51.641333333333336
2025-12-24,975MMFLD28,INE101Q07BR3,BSE,9996.11,0.0,0.0,119.97,0.0,0.0,0.0,0.0,0.0,0.0,847.28,847.28,847.28
2025-12-23,MMFLZC28A,INE101Q08142,BSE,1475.25,0.0,0.0,5.901,0.0,0.0,0.0,0.0,0.0,0.0,5.901,5.901,5.901
2025-12-26,HLVLTD,INE102A01024,NSE,9.71,71.57,1109726.77,1556.5498300000002,73.446,70.9042857142857,70.9042857142857,2402670.38,2959285.5442857137,2959285.5442857137,3307.8993239999995,4301.040862857143,4301.040862857143
2025-12-26,CHOICEIN,INE102B01014,NSE,822.5,29.14,134516585.0,460809.69155,29.381999999999998,30.58428571428571,30.58428571428571,107152030.93999998,107534409.44285713,107534409.44285713,370333.07308,358501.20367142855,358501.20367142855
2025-12-24,KISAAN,INE102C01020,BSE,21.27,0.0,0.0,7.408,0.0,0.0,0.0,0.0,0.0,0.0,45.065333333333335,45.065333333333335,45.065333333333335
2025-12-26,GODREJCP,INE102D01028,NSE,1206.2,70.98,437023146.8,614606.162,59.504,59.89857142857143,59.89857142857143,364236203.88,565221642.9857143,565221642.9857143,610666.76158,971175.6504285716,971175.6504285716
2025-12-24,OXYGENTAPH,INE102E01018,BSE,54.1,0.0,0.0,161.129,0.0,0.0,0.0,0.0,0.0,0.0,153.913,153.913,153.913
2025-12-24,SPCAPIT,INE102F01015,BSE,60.36,0.0,0.0,803.275,0.0,0.0,0.0,0.0,0.0,0.0,255.74300000000002,255.74300000000002,255.74300000000002
2025-12-26,ADSL,INE102I01027,NSE,154.88,53.12,6734801.92,12708.053759999999,44.056,45.95285714285715,45.95285714285715,7924550.678,7267347.438571429,7267347.438571429,18293.79365,16375.47884,16375.47884
2025-12-26,MRPL,INE103A01014,NSE,145.01,38.09,79738533.83,210450.72518,29.758,29.451428571428572,29.451428571428572,99931772.53,125824669.45285714,125824669.45285714,334793.15625,458286.10852285713,458286.10852285713
2025-12-26,SMCGLOBAL,INE103C01036,NSE,88.04,39.8,35995770.28,91337.72065999999,58.972,55.987142857142864,55.987142857142864,219748157.088,186211415.29857144,186211415.29857144,332589.36295,299567.5676742857,299567.5676742857
2025-12-17,102SMCGS27,INE103C07017,BSE,1012.0,0.0,0.0,101.2,0.0,0.0,0.0,0.0,0.0,0.0,101.2,101.2,101.2
2025-12-24,10SMCGSL26,INE103C07025,BSE,1024.0,0.0,0.0,10.24,0.0,0.0,0.0,0.0,0.0,0.0,224.052,224.052,224.052
2025-12-23,0SMCGSL26,INE103C07033,BSE,1127.8,0.0,0.0,118.419,0.0,0.0,0.0,0.0,0.0,0.0,54.134,54.134,54.134
2025-12-24,994SMCGS29,INE103C07041,BSE,982.1,0.0,0.0,37.049,0.0,0.0,0.0,0.0,0.0,0.0,61.409000000000006,61.409000000000006,61.409000000000006
2025-12-19,104SMCGS29,INE103C07066,BSE,1016.15,0.0,0.0,15.242,0.0,0.0,0.0,0.0,0.0,0.0,15.242,15.242,15.242
2025-12-24,10SMCGSL27,INE103C07074,BSE,1045.05,0.0,0.0,104.505,0.0,0.0,0.0,0.0,0.0,0.0,25.6875,25.6875,25.6875
2025-12-24,1025SMCGS28,INE103C07108,BSE,1072.47,0.0,0.0,5.362,0.0,0.0,0.0,0.0,0.0,0.0,271.886,271.886,271.886
2025-12-24,SMCGS24425,INE103C07116,BSE,1040.0,0.0,0.0,26.0,0.0,0.0,0.0,0.0,0.0,0.0,10.252,10.252,10.252
2025-12-23,SMCG240425,INE103C07124,BSE,1035.5,0.0,0.0,76.529,0.0,0.0,0.0,0.0,0.0,0.0,25.825,25.825,25.825
2025-12-17,SGSL301025,INE103C07132,BSE,996.0,0.0,0.0,120.516,0.0,0.0,0.0,0.0,0.0,0.0,120.516,120.516,120.516
2025-12-24,10SGSL28,INE103C07140,BSE,1005.0,0.0,0.0,25.125,0.0,0.0,0.0,0.0,0.0,0.0,42.185500000000005,42.185500000000005,42.185500000000005
2025-12-24,98SGSL30,INE103C07173,BSE,998.12,0.0,0.0,109.793,0.0,0.0,0.0,0.0,0.0,0.0,7.3565000000000005,7.3565000000000005,7.3565000000000005
2025-12-24,SAMRATPH,INE103E01016,BSE,233.15,0.0,0.0,439.966,0.0,0.0,0.0,0.0,0.0,0.0,132.92233333333334,132.92233333333334,132.92233333333334
2025-12-26,TRAVELFOOD,INE103V01028,NSE,1170.7,57.62,32929449.6,58028.1169,69.85799999999999,68.89285714285714,68.89285714285714,57096549.720000006,47121160.37142857,47121160.37142857,75580.78916,63315.99118571428,63315.99118571428
2025-12-23,AUSTERE,INE104201012,BSE,51.75,0.0,0.0,2688.0,0.0,0.0,0.0,0.0,0.0,0.0,452.71999999999997,452.71999999999997,452.71999999999997
2025-12-24,KGDENIM,INE104A01012,BSE,17.1,0.0,0.0,14.55,0.0,0.0,0.0,0.0,0.0,0.0,140.42133333333334,140.42133333333334,140.42133333333334
2025-12-24,SAVERA,INE104E01014,BSE,146.0,0.0,0.0,35.196,0.0,0.0,0.0,0.0,0.0,0.0,13.500333333333332,13.500333333333332,13.500333333333332
2025-12-24,BODHTREE,INE104F01029,BSE,26.77,0.0,0.0,214.65,0.0,0.0,0.0,0.0,0.0,0.0,47.59866666666667,47.59866666666667,47.59866666666667
2025-12-24,SIPTL,INE104S01022,BSE,0.33,0.0,0.0,995.49,0.0,0.0,0.0,0.0,0.0,0.0,1068.1946666666665,1068.1946666666665,1068.1946666666665
2025-12-26,TVSHLTD,INE105A01035,NSE,14091.0,51.33,19093305.0,36942.273,54.82000000000001,57.20428571428572,57.20428571428572,34675840.4,43032741.71428572,43032741.71428572,65088.2124,71479.68428571429,71479.68428571429
2025-12-26,3PLAND,INE105C01023,NSE,37.32,79.76,77513.64,97.16704,64.89399999999999,59.70714285714285,59.70714285714285,144739.064,168881.55142857143,168881.55142857143,236.878986,327.67939285714283,327.67939285714283
2025-12-24,COCHINM,INE105D01013,BSE,263.8,0.0,0.0,354.534,0.0,0.0,0.0,0.0,0.0,0.0,689.366,689.366,689.366
2025-12-24,SELMC,INE105I01020,NSE,35.9,58.32,325648.89999999997,560.77103,60.35,62.26166666666666,62.26166666666666,1141605.776,984778.4583333335,984778.4583333335,1941.723906,1664.368375,1664.368375
2025-12-26,RPGLIFE,INE105J01010,NSE,2362.6,63.97,2445291.0,3823.5202000000004,55.8,55.82,55.82,4421768.5,5011441.0571428565,5011441.0571428565,8000.071760000001,8926.381571428572,8926.381571428572
2025-12-24,ZENIFIB,INE106C01013,BSE,58.24,0.0,0.0,19.608,0.0,0.0,0.0,0.0,0.0,0.0,60.666999999999994,60.666999999999994,60.666999999999994
2025-12-24,BGWTATO,INE106G01014,BSE,577.55,0.0,0.0,355.847,0.0,0.0,0.0,0.0,0.0,0.0,112.555,112.555,112.555
2025-12-26,HITECH,INE106T01025,NSE,91.37,39.01,43177533.09,111361.57015,47.274,47.817142857142855,47.817142857142855,46750738.656,42333605.81428572,42333605.81428572,98956.45509,89041.99763,89041.99763
2025-12-26,TNPL,INE107A01015,NSE,144.04,80.52,9160511.879999999,11462.87341,61.041999999999994,61.89714285714285,61.89714285714285,3841118.302,3578619.1100000003,3578619.1100000003,6095.151451999999,5662.956135714284,5662.956135714284
2025-12-26,WANBURY,INE107F01022,NSE,234.95,49.04,2983865.0,6147.6849,63.416,64.81571428571428,64.81571428571428,3711836.8199999994,4395439.628571428,4395439.628571428,5742.484490000001,6635.761471428572,6635.761471428572
2025-12-23,PHOTON,INE107J01016,BSE,96.55,0.0,0.0,0.571,0.0,0.0,0.0,0.0,0.0,0.0,11.307,11.307,11.307
2025-12-24,DAULAT,INE108C01019,BSE,33.81,0.0,0.0,13.786,0.0,0.0,0.0,0.0,0.0,0.0,45.336999999999996,45.336999999999996,45.336999999999996
2025-12-26,SUNDARAM,INE108E01023,NSE,1.77,70.27,1180706.82,1689.95372,74.66600000000001,77.64,77.64,350307.94,328880.6228571428,328880.6228571428,478.278448,434.17611142857146,434.17611142857146
2025-12-24,CUPIDALBV,INE108G01010,BSE,34.3,0.0,0.0,7822.656,0.0,0.0,0.0,0.0,0.0,0.0,9003.321666666667,9003.321666666667,9003.321666666667
2025-12-24,FMEC,INE108T01013,BSE,117.85,0.0,0.0,1759.304,0.0,0.0,0.0,0.0,0.0,0.0,409.53833333333324,409.53833333333324,409.53833333333324
2025-12-26,AWFIS,INE108V01019,NSE,490.3,57.52,42319754.2,73686.89390000001,54.614,52.08714285714286,52.08714285714286,27563280.46999999,28901300.607142854,28901300.607142854,49961.284719999996,56933.058985714284,56933.058985714284
2025-12-26,SCI,INE109A01011,NSE,224.9,26.39,322021040.90000004,1219476.94851,31.43,34.60285714285714,34.60285714285714,201260541.80600002,215005231.00428575,215005231.00428575,654240.012074,651064.7026414286,651064.7026414286
2025-12-24,BOSTONBIO,INE109B01019,BSE,6.6,0.0,0.0,9.86,0.0,0.0,0.0,0.0,0.0,0.0,1.0886666666666667,1.0886666666666667,1.0886666666666667
2025-12-26,ARMANFIN,INE109C01017,NSE,1508.3,50.38,8395197.799999999,16659.0985,63.806,58.33571428571428,58.33571428571428,21489832.6,23633297.671428572,23633297.671428572,33161.39628,43885.95114285714,43885.95114285714
2025-12-24,SUNSKY,INE10CM01027,BSE,69.0,0.0,0.0,634.35,0.0,0.0,0.0,0.0,0.0,0.0,703.3000000000001,703.3000000000001,703.3000000000001
2025-12-24,PRODOCS,INE10XK01019,BSE,212.5,0.0,0.0,4020.2,0.0,0.0,0.0,0.0,0.0,0.0,3680.0166666666664,3680.0166666666664,3680.0166666666664
2025-12-24,SAMPAT,INE10XS01012,BSE,74.0,0.0,0.0,920.7,0.0,0.0,0.0,0.0,0.0,0.0,201.92800000000003,201.92800000000003,201.92800000000003
2025-12-23,SPINAROO,INE10XX01012,BSE,38.8,0.0,0.0,155.18,0.0,0.0,0.0,0.0,0.0,0.0,79.98,79.98,79.98
2025-12-26,BPL,INE110A01019,NSE,60.41,55.99,2875334.77,5178.116849999999,56.23199999999999,60.224285714285706,60.224285714285706,3336785.0259999996,2947952.0157142854,2947952.0157142854,6284.089694,5302.9797985714295,5302.9797985714295
2025-12-26,MINDTECK,INE110B01017,NSE,202.87,71.72,3595667.88,5058.4761,49.074,52.152857142857144,52.152857142857144,3520734.632,4097527.878571429,4097527.878571429,7411.2383199999995,7974.026908571429,7974.026908571429
2025-12-24,STCORP,INE110Q01023,BSE,5.5,0.0,0.0,37.831,0.0,0.0,0.0,0.0,0.0,0.0,112.68833333333333,112.68833333333333,112.68833333333333
2025-12-24,ICODEX,INE111601014,BSE,48.8,0.0,0.0,295.188,0.0,0.0,0.0,0.0,0.0,0.0,2035.1760000000002,2035.1760000000002,2035.1760000000002
2025-12-26,CONCOR,INE111A01025,NSE,520.3,43.6,566853322.1999999,1297075.9207000001,49.89,52.885714285714286,52.885714285714286,182656493.57,206357729.44285712,206357729.44285712,368327.91716,387031.9784642857,387031.9784642857
2025-12-26,63MOONS,INE111B01023,NSE,730.8,40.11,32270666.4,81968.96234999999,45.802,45.34285714285715,45.34285714285715,22128074.11,23395034.57142857,23395034.57142857,48741.376919999995,52213.61121428572,52213.61121428572
2025-12-26,PAUSHAKLTD,INE111F01024,NSE,592.55,58.5,3120960.8499999996,5295.68025,69.828,68.47714285714285,68.47714285714285,2523329.68,3545890.9428571425,3545890.9428571425,3665.1271,5479.536242857143,5479.536242857143
2025-12-26,PDSL,INE111Q01021,NSE,366.3,50.24,20959319.7,41820.72,35.656,42.21857142857142,42.21857142857142,30943152.440000005,24860827.800000004,24860827.800000004,254557.29299,186512.98793571428,186512.98793571428
2025-12-24,OMEAG,INE112B01013,BSE,9.44,0.0,0.0,14.304,0.0,0.0,0.0,0.0,0.0,0.0,9.804666666666666,9.804666666666666,9.804666666666666
2025-12-24,AGIOPAPER,INE112C01011,BSE,5.48,0.0,0.0,0.663,0.0,0.0,0.0,0.0,0.0,0.0,6.921333333333333,6.921333333333333,6.921333333333333
2025-12-26,MHLXMIRU,INE112D01035,NSE,208.66,67.88,770790.04,1139.26178,62.459999999999994,51.991428571428564,51.991428571428564,1116693.2880000002,898035.4314285715,898035.4314285715,1556.9015580000003,1496.2397814285716,1496.2397814285716
2025-12-26,LAMBODHARA,INE112F01022,NSE,123.22,40.17,664402.24,1650.1197,70.65,71.69857142857143,71.69857142857143,325369.19000000006,315143.09714285715,315143.09714285715,479.35647599999993,453.2669014285713,453.2669014285713
2025-12-26,METROPOLIS,INE112L01020,NSE,1918.5,60.61,23399944.5,38527.5346,66.176,68.70714285714287,68.70714285714287,33260646.160000004,37584188.6,37584188.6,50738.38994,54870.9868,54870.9868
2025-12-26,GNFC,INE113A01013,NSE,487.85,43.9,42213660.5,96739.0957,49.872,48.05571428571428,48.05571428571428,37412855.22,34983326.06428571,34983326.06428571,75940.12133999998,72874.62527857142,72874.62527857142
2025-12-24,OMEGAIN,INE113B01029,BSE,337.95,0.0,0.0,3597.884,0.0,0.0,0.0,0.0,0.0,0.0,1741.1779999999999,1741.1779999999999,1741.1779999999999
2025-12-24,UNIVSTAR,INE113E01015,BSE,139.5,0.0,0.0,13.339,0.0,0.0,0.0,0.0,0.0,0.0,41.881,41.881,41.881
2025-12-26,SAIL,INE114A01011,NSE,132.32,33.96,347519293.59999996,1020830.02208,32.686,36.004285714285714,36.004285714285714,629160462.862,622521388.1014286,622521388.1014286,1972632.2161819998,1803543.0687542856,1803543.0687542856
2025-12-17,OXFORDIN,INE114D01015,BSE,4.32,0.0,0.0,6.048,0.0,0.0,0.0,0.0,0.0,0.0,6.048,6.048,6.048
2025-12-24,CHROME,INE114E01013,BSE,46.49,0.0,0.0,58.371,0.0,0.0,0.0,0.0,0.0,0.0,40.46933333333333,40.46933333333333,40.46933333333333
2025-12-24,WORTH,INE114O01020,BSE,5.93,0.0,0.0,568.921,0.0,0.0,0.0,0.0,0.0,0.0,1681.5233333333333,1681.5233333333333,1681.5233333333333
2025-12-26,LICHSGFIN,INE115A01026,NSE,539.45,72.09,360017062.1,499732.1702,54.652,56.82285714285714,56.82285714285714,200108886.06,233764299.9,233764299.9,359510.14976000006,400925.14722142863,400925.14722142863
2025-12-24,VARDHMAN,INE115C01014,BSE,6.38,0.0,0.0,0.931,0.0,0.0,0.0,0.0,0.0,0.0,9.594,9.594,9.594
2025-12-24,INDAGIV,INE115E01010,BSE,69.9,0.0,0.0,10.485,0.0,0.0,0.0,0.0,0.0,0.0,2.7125,2.7125,2.7125
2025-12-24,SHREYASI,INE115F01017,BSE,9.25,0.0,0.0,5.301,0.0,0.0,0.0,0.0,0.0,0.0,34.800333333333334,34.800333333333334,34.800333333333334
2025-12-23,TIRUFOAM,INE115G01015,BSE,89.21,0.0,0.0,1.974,0.0,0.0,0.0,0.0,0.0,0.0,5.485,5.485,5.485
2025-12-26,IKS,INE115Q01022,NSE,1730.8,47.18,49397032.0,105033.9065,63.50599999999999,63.20428571428571,63.20428571428571,233288888.2,218607361.44285712,218607361.44285712,365040.17276,344703.7206857143,344703.7206857143
2025-12-24,HALDER,INE115S01010,BSE,261.0,0.0,0.0,366.893,0.0,0.0,0.0,0.0,0.0,0.0,541.7423333333332,541.7423333333332,541.7423333333332
2025-12-26,APCOTEXIND,INE116A01032,NSE,373.15,75.81,3299765.4499999997,4394.3174500000005,66.29400000000001,61.195714285714295,61.195714285714295,3977562.55,3239814.1999999997,3239814.1999999997,6099.795339999999,5200.07705,5200.07705
2025-12-24,ZFSTEERING,INE116C01012,BSE,760.35,0.0,0.0,4929.743,0.0,0.0,0.0,0.0,0.0,0.0,1641.9316666666666,1641.9316666666666,1641.9316666666666
2025-12-26,BAGFILMS,INE116D01028,NSE,6.26,83.4,442168.83999999997,533.95617,83.28800000000001,81.97142857142858,81.97142857142858,244751.852,275501.88285714283,275501.88285714283,291.538238,337.04255142857147,337.04255142857147
2025-12-23,VAICC,INE116E01018,BSE,5.9,0.0,0.0,31.54,0.0,0.0,0.0,0.0,0.0,0.0,31.54,31.54,31.54
2025-12-26,VARDHACRLC,INE116G01013,NSE,38.05,63.63,695554.0,1090.56095,63.92800000000001,67.97714285714287,67.97714285714287,388194.632,390627.1957142857,390627.1957142857,666.8744260000001,621.2608871428572,621.2608871428572
2025-12-26,ABB,INE117A01022,NSE,5183.0,43.61,122624597.0,282713.212,57.403999999999996,56.315714285714286,56.315714285714286,653655403.1,529572065.0714286,529572065.0714286,979455.1475000002,816820.5915000001,816820.5915000001
2025-12-24,CITYMAN,INE117C01010,BSE,12.33,0.0,0.0,265.576,0.0,0.0,0.0,0.0,0.0,0.0,9.548,9.548,9.548
2025-12-24,PHARMAID,INE117D01018,BSE,49.87,0.0,0.0,171.974,0.0,0.0,0.0,0.0,0.0,0.0,280.3833333333333,280.3833333333333,280.3833333333333
2025-12-24,VJTFEDU,INE117F01013,BSE,93.25,0.0,0.0,12.5,0.0,0.0,0.0,0.0,0.0,0.0,10.447666666666667,10.447666666666667,10.447666666666667
2025-12-24,SSLEL,INE117H01019,BSE,270.0,0.0,0.0,604.139,0.0,0.0,0.0,0.0,0.0,0.0,749.1046666666667,749.1046666666667,749.1046666666667
2025-12-24,RRMETAL,INE117K01013,BSE,30.15,0.0,0.0,139.399,0.0,0.0,0.0,0.0,0.0,0.0,24.395666666666667,24.395666666666667,24.395666666666667
2025-12-24,OCTAVIUSPL,INE117S01016,BSE,46.17,0.0,0.0,10.578,0.0,0.0,0.0,0.0,0.0,0.0,0.15266666666666664,0.15266666666666664,0.15266666666666664
2025-12-26,BAJAJHLDNG,INE118A01012,NSE,11155.0,47.05,78129620.0,166709.523,53.29599999999999,54.57285714285714,54.57285714285714,217171032.4,240582086.0,240582086.0,404663.84020000004,435271.14014285716,435271.14014285716
2025-12-24,SAENTER,INE118B01010,BSE,51.97,0.0,0.0,25.179,0.0,0.0,0.0,0.0,0.0,0.0,91.51,91.51,91.51
2025-12-24,DYNAMICP,INE118C01018,BSE,26.99,0.0,0.0,1.106,0.0,0.0,0.0,0.0,0.0,0.0,11.239666666666666,11.239666666666666,11.239666666666666
2025-12-26,NUVOCO,INE118D01016,NSE,369.55,36.59,61442861.2,168261.68344999998,59.2,54.20142857142857,54.20142857142857,45694372.61,38663547.692857146,38663547.692857146,75076.95912,68252.66910000001,68252.66910000001
2025-12-26,BSE,INE118H01025,NSE,2649.0,23.26,1719855303.0,7436983.164399999,26.942,28.124285714285715,28.124285714285715,2991691651.5200005,3249452005.7857146,3249452005.7857146,11156566.2439,11502888.293542856,11502888.293542856
2025-12-24,SHANGAR,INE118R01032,BSE,0.28,0.0,0.0,1093.546,0.0,0.0,0.0,0.0,0.0,0.0,580.6366666666667,580.6366666666667,580.6366666666667
2025-12-26,PARKHOSPS,INE119201023,NSE,145.47,48.25,57117777.21,118560.59628,33.775999999999996,36.14666666666667,36.14666666666667,227250832.87399998,675101462.0616666,675101462.0616666,635067.095706,1616478.4256300002,1616478.4256300002
2025-12-26,BALRAMCHIN,INE119A01028,NSE,438.6,56.09,24891865.8,44451.986600000004,48.242,46.124285714285705,46.124285714285705,91699248.83999999,74063487.5142857,74063487.5142857,182643.20655,152422.63370714287,152422.63370714287
2025-12-24,SVAMSOF,INE119B01018,BSE,6.17,0.0,0.0,33.264,0.0,0.0,0.0,0.0,0.0,0.0,74.666,74.666,74.666
2025-12-24,BALGOPAL,INE119R01014,BSE,174.0,0.0,0.0,64.857,0.0,0.0,0.0,0.0,0.0,0.0,56.32966666666667,56.32966666666667,56.32966666666667
2025-12-26,CARBORUNIV,INE120A01034,NSE,848.0,57.77,52009536.0,90013.6773,53.636,54.002857142857145,54.002857142857145,49989143.339999996,41422254.178571425,41422254.178571425,88523.41303,73530.00757857143,73530.00757857143
2025-12-26,HITECHCORP,INE120D01012,NSE,173.91,58.96,108172.02,183.33279000000002,70.624,70.57857142857142,70.57857142857142,466291.55,415642.76714285713,415642.76714285713,633.9860839999999,569.3174128571428,569.3174128571428
2025-12-24,TITAANIUM,INE120V01014,BSE,70.29,0.0,0.0,1275.23,0.0,0.0,0.0,0.0,0.0,0.0,372.8733333333334,372.8733333333334,372.8733333333334
2025-12-26,CHOLAFIN,INE121A01024,NSE,1698.0,59.62,1326068382.0,2228001.374,43.738,47.42714285714286,47.42714285714286,2305423501.6,1864415079.8142858,1864415079.8142858,6110636.31776,4761469.266014286,4761469.266014286
2025-12-23,CIFCZC28,INE121A07RN0,BSE,1077.0,0.0,0.0,283.251,0.0,0.0,0.0,0.0,0.0,0.0,283.251,283.251,283.251
2025-12-19,850CIFCL26,INE121A07RO8,BSE,982.0,0.0,0.0,9.82,0.0,0.0,0.0,0.0,0.0,0.0,9.82,9.82,9.82
2025-12-19,86CIFC29,INE121A07RV3,BSE,1092.05,0.0,0.0,5.46,0.0,0.0,0.0,0.0,0.0,0.0,5.46,5.46,5.46
2025-12-19,925CIFPER,INE121A08OM7,BSE,528400.0,0.0,0.0,1056.8,0.0,0.0,0.0,0.0,0.0,0.0,1056.8,1056.8,1056.8
2025-12-23,905CIFCL31,INE121A08OO3,BSE,508900.0,0.0,0.0,1017.8,0.0,0.0,0.0,0.0,0.0,0.0,1017.8,1017.8,1017.8
2025-12-23,WALLFORT,INE121B01014,BSE,83.7,0.0,0.0,202.926,0.0,0.0,0.0,0.0,0.0,0.0,99.9455,99.9455,99.9455
2025-12-24,SYSCHEM,INE121D01036,BSE,47.28,0.0,0.0,659.344,0.0,0.0,0.0,0.0,0.0,0.0,173.60500000000002,173.60500000000002,173.60500000000002
2025-12-26,JSWENERGY,INE121E01018,NSE,479.4,32.83,112182476.39999999,343573.16605,46.242,46.144285714285715,46.144285714285715,325366561.58000004,348092334.2,348092334.2,684600.5207600001,741727.7496428572,741727.7496428572
2025-12-26,INDUSTOWER,INE121J01017,NSE,419.85,43.79,461581830.45000005,1060468.99005,58.589999999999996,60.699999999999996,60.699999999999996,1529599594.96,1434851613.8857143,1434851613.8857143,2530500.51992,2325391.496292857,2325391.496292857
2025-12-26,THEJO,INE121N01019,NSE,1856.5,67.18,34853931.0,51146.6817,72.526,72.22428571428571,72.22428571428571,25205219.919999998,19701974.414285712,19701974.414285712,33895.482840000004,26566.854285714293,26566.854285714293
2025-12-24,ADITYASP,INE122D01026,BSE,17.97,0.0,0.0,22.501,0.0,0.0,0.0,0.0,0.0,0.0,20.982,20.982,20.982
2025-12-26,NAGREEKEXP,INE123B01028,NSE,26.59,60.75,199877.03,328.70895,74.466,76.12285714285714,76.12285714285714,134633.646,107879.25714285714,107879.25714285714,200.039322,157.02137857142856,157.02137857142856
2025-12-26,TAINWALCHM,INE123C01018,NSE,200.52,76.38,683372.16,903.52012,43.885999999999996,37.771428571428565,37.771428571428565,2326437.232,4226882.334285715,4226882.334285715,7371.99896,24748.232374285715,24748.232374285715
2025-12-24,AIML,INE123D01024,BSE,1.72,0.0,0.0,533.27,0.0,0.0,0.0,0.0,0.0,0.0,219.81333333333336,219.81333333333336,219.81333333333336
2025-12-24,INFORTEC,INE123E01014,BSE,80.0,0.0,0.0,36.0,0.0,0.0,0.0,0.0,0.0,0.0,12.925666666666666,12.925666666666666,12.925666666666666
2025-12-26,MMTC,INE123F01029,NSE,64.24,6.94,320426357.67999995,4585318.41483,31.058,32.58857142857143,32.58857142857143,35378793.944,30514799.062857144,30514799.062857144,120111.042104,100298.9736242857,100298.9736242857
2025-12-24,RDBRL,INE123M01017,BSE,176.95,0.0,0.0,12435.218,0.0,0.0,0.0,0.0,0.0,0.0,1924.1390000000001,1924.1390000000001,1924.1390000000001
2025-12-26,SBILIFE,INE123W01016,NSE,2019.1,56.69,206081460.6,363034.2019,59.315999999999995,60.644285714285715,60.644285714285715,562270940.12,718451677.4,718451677.4,900072.6260400001,1138156.4796285715,1138156.4796285715
2025-12-24,COSMOFE,INE124B01018,BSE,162.25,0.0,0.0,219.023,0.0,0.0,0.0,0.0,0.0,0.0,431.65066666666667,431.65066666666667,431.65066666666667
2025-12-26,STEELCAS,INE124E01038,NSE,205.26,59.05,4585918.92,7802.42235,45.98,48.114285714285714,48.114285714285714,4638752.962,4213162.462857143,4213162.462857143,9994.555076,8827.146795714285,8827.146795714285
2025-12-26,DELTACORP,INE124G01033,NSE,70.17,57.7,15259799.73,26560.79321,42.376,41.521428571428565,41.521428571428565,19976655.830000002,20761027.11142857,20761027.11142857,47210.151056,50831.57457714287,50831.57457714287
2025-12-26,PASHUPATI,INE124Y01010,NSE,811.45,27.23,136323.6,501.86325,60.16799999999999,52.497142857142855,52.497142857142855,854041.64,695658.0928571429,695658.0928571429,1218.04361,1120.6169357142858,1120.6169357142858
2025-12-24,ABCINDQ,INE125D01011,BSE,75.74,0.0,0.0,23.916,0.0,0.0,0.0,0.0,0.0,0.0,16.150333333333332,16.150333333333332,16.150333333333332
2025-12-24,OIVL,INE125F01032,BSE,7.25,0.0,0.0,310.175,0.0,0.0,0.0,0.0,0.0,0.0,353.9603333333334,353.9603333333334,353.9603333333334
2025-12-24,EDVENSWA,INE125G01014,BSE,33.11,0.0,0.0,266.875,0.0,0.0,0.0,0.0,0.0,0.0,741.8559999999999,741.8559999999999,741.8559999999999
2025-12-26,EIDPARRY,INE126A01031,NSE,1068.7,51.36,113312123.60000001,220925.35280000002,54.79,54.74714285714286,54.74714285714286,129240045.76000002,103803574.35714288,103803574.35714288,233141.59418000001,187706.41947142855,187706.41947142855
2025-12-26,APOLLOPIPE,INE126J01016,NSE,300.6,43.43,5550278.4,12892.3877,45.221999999999994,46.68857142857142,46.68857142857142,12638370.930000002,10451181.792857144,10451181.792857144,33983.8892,27092.070228571425,27092.070228571425
2025-12-26,IBULLSLTD,INE126M01010,NSE,16.88,58.37,146637522.16,240310.14891999998,65.518,68.09142857142857,68.09142857142857,5731370.214,6526713.4242857145,6526713.4242857145,8824.597654000001,9424.68199,9424.68199
2025-12-26,HDFCAMC,INE127D01025,NSE,2647.2,65.37,705875880.0,1082406.4302,49.965999999999994,54.61,54.61,1718202917.72,1604568709.2428572,1604568709.2428572,3851494.0344599998,3298911.8761857143,3298911.8761857143
2025-12-26,GOODLUCK,INE127I01024,NSE,1038.4,54.44,17612302.400000002,32511.889300000003,53.019999999999996,54.53142857142857,54.53142857142857,30930491.32,31195107.74285714,31195107.74285714,59320.62406,58083.122214285715,58083.122214285715
2025-12-26,KPEL,INE127T01021,NSE,344.7,50.44,24202076.4,48361.086299999995,47.980000000000004,49.40571428571429,49.40571428571429,30035198.169999998,28326947.62142857,28326947.62142857,62505.85477,57782.09551428572,57782.09551428572
2025-12-26,EVEREADY,INE128A01029,NSE,328.7,54.11,6894811.2,12764.3834,51.763999999999996,53.167142857142856,53.167142857142856,8116659.779999999,8597617.078571428,8597617.078571428,15101.170009999998,15694.092092857143,15694.092092857143
2025-12-24,KRETTOSYS,INE128R01023,BSE,0.93,0.0,0.0,1303.55,0.0,0.0,0.0,0.0,0.0,0.0,2842.340666666667,2842.340666666667,2842.340666666667
2025-12-26,FIVESTAR,INE128S01021,NSE,552.7,51.93,110128791.2,212694.6844,50.974000000000004,48.01428571428572,48.01428571428572,249802756.57,345325718.42142856,345325718.42142856,504292.13114,820672.9102142857,820672.9102142857
2025-12-26,ACI,INE128X01021,NSE,528.7,31.55,33757495.0,107520.808,44.156,46.07714285714285,46.07714285714285,30956350.07,31072130.064285714,31072130.064285714,68255.65737,66303.76819285714,66303.76819285714
2025-12-26,GAIL,INE129A01019,NSE,171.02,41.05,136372887.18,332456.28879,56.408,57.25,57.25,487822379.342,514754876.9957143,514754876.9957143,839006.93154,862939.0461942857,862939.0461942857
2025-12-26,SINTERCOM,INE129Z01016,NSE,102.03,36.22,162227.7,450.28069,73.048,60.684285714285714,60.684285714285714,2627312.658,2538441.197142857,2538441.197142857,3226.0379900000003,4872.235571428572,4872.235571428572
2025-12-23,INFONATIVE,INE12IB01015,BSE,34.0,0.0,0.0,108.8,0.0,0.0,0.0,0.0,0.0,0.0,168.592,168.592,168.592
2025-12-26,SAMBHV,INE12NJ01018,NSE,97.47,56.53,24685057.259999998,44000.29092,46.638,48.01857142857143,48.01857142857143,22862479.14,22007261.128571425,22007261.128571425,51858.270438,47681.21431857143,47681.21431857143
2025-12-24,CHIRAHARIT,INE12P101018,BSE,8.9,0.0,0.0,1693.56,0.0,0.0,0.0,0.0,0.0,0.0,717.2800000000001,717.2800000000001,717.2800000000001
2025-12-24,GLOBTIER,INE12P601017,BSE,27.01,0.0,0.0,394.544,0.0,0.0,0.0,0.0,0.0,0.0,272.60266666666666,272.60266666666666,272.60266666666666
2025-12-24,LGLL,INE12QA01010,BSE,52.0,0.0,0.0,335.408,0.0,0.0,0.0,0.0,0.0,0.0,454.992,454.992,454.992
2025-12-26,UTLSOLAR,INE12UR01024,NSE,215.23,36.27,61385748.3,170703.79027,42.934000000000005,42.315714285714286,42.315714285714286,70634319.93600002,56583072.14142858,56583072.14142858,176248.083932,140806.34824714286,140806.34824714286
2025-12-24,VALINDIA,INE130701019,BSE,19.73,0.0,0.0,641.676,0.0,0.0,0.0,0.0,0.0,0.0,169.852,169.852,169.852
2025-12-26,SURANAT&P,INE130B01031,NSE,20.95,57.79,1226077.8,2149.7602599999996,64.36000000000001,63.55142857142858,63.55142857142858,2071265.166,1636019.7614285715,1636019.7614285715,5865.823094,4445.272334285714,4445.272334285714
2025-12-24,KEYCORP,INE130F01016,BSE,90.9,0.0,0.0,114.283,0.0,0.0,0.0,0.0,0.0,0.0,168.96433333333331,168.96433333333331,168.96433333333331
2025-12-24,ENKEIWHEL,INE130L01014,BSE,508.3,0.0,0.0,185.84,0.0,0.0,0.0,0.0,0.0,0.0,4058.456666666667,4058.456666666667,4058.456666666667
2025-12-26,GMDCLTD,INE131A01031,NSE,589.0,14.77,2209051568.0,14932520.64425,20.502000000000002,22.304285714285715,22.304285714285715,417975213.87,380924786.03571427,380924786.03571427,2194633.909,1879719.3794071428,1879719.3794071428
2025-12-26,RELAXO,INE131B01039,NSE,403.2,52.64,6390720.0,12136.171199999999,47.48,50.357142857142854,50.357142857142854,10637695.92,10833076.478571428,10833076.478571428,22617.00374,21794.813292857143,21794.813292857143
2025-12-24,DISAQ,INE131C01011,BSE,12055.1,0.0,0.0,1738.484,0.0,0.0,0.0,0.0,0.0,0.0,1200.079,1200.079,1200.079
2025-12-24,GKCONS,INE131D01019,BSE,12.44,0.0,0.0,0.681,0.0,0.0,0.0,0.0,0.0,0.0,178.64233333333334,178.64233333333334,178.64233333333334
2025-12-24,INDIANVSH,INE131H01028,BSE,7.95,0.0,0.0,561.059,0.0,0.0,0.0,0.0,0.0,0.0,160.36866666666666,160.36866666666666,160.36866666666666
2025-12-24,SURYALA,INE132C01027,BSE,335.0,0.0,0.0,37.735,0.0,0.0,0.0,0.0,0.0,0.0,312.49666666666667,312.49666666666667,312.49666666666667
2025-12-24,DECPO,INE132E01015,BSE,35.25,0.0,0.0,6.591,0.0,0.0,0.0,0.0,0.0,0.0,1.977,1.977,1.977
2025-12-24,NCLRESE,INE132F01038,BSE,0.5,0.0,0.0,734.164,0.0,0.0,0.0,0.0,0.0,0.0,955.7643333333332,955.7643333333332,955.7643333333332
2025-12-26,AURIONPRO,INE132H01018,NSE,1101.4,49.98,47856931.400000006,96984.854,51.822,48.86857142857143,48.86857142857143,86649329.36,74607087.31428571,74607087.31428571,160809.29829999997,152348.15658571429,152348.15658571429
2025-12-26,AKZOINDIA,INE133A01011,NSE,3123.8,56.52,50252570.6,89286.1087,54.598,50.42142857142858,50.42142857142858,398083405.43999994,2305906871.5285716,2305906871.5285716,767500.46138,5179361.9743428575,5179361.9743428575
2025-12-24,KESARENT,INE133B01027,BSE,6.21,0.0,0.0,450.973,0.0,0.0,0.0,0.0,0.0,0.0,319.14966666666663,319.14966666666663,319.14966666666663
2025-12-24,KESARPE,INE133C01033,BSE,24.58,0.0,0.0,2000.065,0.0,0.0,0.0,0.0,0.0,0.0,1028.9903333333332,1028.9903333333332,1028.9903333333332
2025-12-24,ARTSON,INE133D01023,BSE,150.3,0.0,0.0,262.802,0.0,0.0,0.0,0.0,0.0,0.0,490.00333333333333,490.00333333333333,490.00333333333333
2025-12-26,TI,INE133E01013,NSE,467.05,48.81,62903228.1,129383.48065000001,46.7,48.56142857142858,48.56142857142858,143475732.17999998,128307839.88571426,128307839.88571426,294535.81308999995,258425.1719357143,258425.1719357143
2025-12-26,IFGLEXPOR,INE133Y01011,NSE,203.25,61.72,1448156.25,2365.82642,47.884,53.57428571428572,53.57428571428572,1889301.034,1737012.1514285712,1737012.1514285712,4012.0064319999997,3429.8563014285714,3429.8563014285714
2025-12-26,KECL,INE134B01017,NSE,99.49,54.94,6338408.409999999,11531.607699999999,51.45399999999999,53.00714285714285,53.00714285714285,7300468.536,6037835.962857143,6037835.962857143,14234.702636000002,11613.049762857145,11613.049762857145
2025-12-26,PFC,INE134E01011,NSE,354.6,44.63,646682247.0,1453283.41665,55.444,57.88571428571429,57.88571428571429,1276621317.1399999,1317493765.792857,1317493765.792857,2238526.62435,2212926.2095285715,2212926.2095285715
2025-12-24,PFCBS4,INE134E07109,BSE,16100.0,0.0,0.0,64.2,0.0,0.0,0.0,0.0,0.0,0.0,237.67499999999998,237.67499999999998,237.67499999999998
2025-12-24,PFCBT1S4,INE134E07182,BSE,16500.0,0.0,0.0,625.5,0.0,0.0,0.0,0.0,0.0,0.0,275.492,275.492,275.492
2025-12-24,7PFCL31,INE134E07AN1,BSE,1049.0,0.0,0.0,183.575,0.0,0.0,0.0,0.0,0.0,0.0,257.082,257.082,257.082
2025-12-24,SAHARAHOUS,INE135C01012,BSE,40.5,0.0,0.0,70.545,0.0,0.0,0.0,0.0,0.0,0.0,99.397,99.397,99.397
2025-12-24,TTGIL,INE135H01029,BSE,9.48,0.0,0.0,357.695,0.0,0.0,0.0,0.0,0.0,0.0,201.4913333333333,201.4913333333333,201.4913333333333
2025-12-26,CYIENT,INE136B01020,NSE,1119.4,56.68,448595072.40000004,793342.476,43.376,41.417142857142856,41.417142857142856,237774215.7,217908016.75714284,217908016.75714284,529222.6683199999,565669.7502571429,565669.7502571429
2025-12-24,HPBL,INE136C01044,BSE,173.8,0.0,0.0,1337.738,0.0,0.0,0.0,0.0,0.0,0.0,600.2223333333333,600.2223333333333,600.2223333333333
2025-12-26,NEOGEN,INE136S01016,NSE,1155.4,10.56,83921323.60000001,795756.3454,38.038,33.09142857142857,33.09142857142857,36908991.58,55309175.942857146,55309175.942857146,98091.61910000001,216879.25504285717,216879.25504285717
2025-12-26,ALPHAGEO,INE137C01018,NSE,229.22,62.49,693161.28,1103.23865,66.16,70.1,70.1,696618.042,731713.0871428571,731713.0871428571,1086.443548,1072.9413114285715,1072.9413114285715
2025-12-24,AMITSEC,INE137E01014,BSE,39.9,0.0,0.0,132.503,0.0,0.0,0.0,0.0,0.0,0.0,120.64266666666667,120.64266666666667,120.64266666666667
2025-12-26,GRPLTD,INE137I01015,NSE,1692.7,77.57,4279145.600000001,5544.9902999999995,70.446,66.54,66.54,3293789.8600000003,2678590.5285714283,2678590.5285714283,4757.53132,3978.6608714285717,3978.6608714285717
2025-12-24,SAB,INE137M01017,BSE,117.0,0.0,0.0,2.34,0.0,0.0,0.0,0.0,0.0,0.0,3.267,3.267,3.267
2025-12-26,PENINLAND,INE138A01028,NSE,25.94,58.65,2789172.56,4792.68164,49.392,49.614285714285714,49.614285714285714,2261188.3419999997,2285268.4142857143,2285268.4142857143,4637.141952,4674.469182857142,4674.469182857142
2025-12-24,DUROPACK,INE138B01018,BSE,66.0,0.0,0.0,3.057,0.0,0.0,0.0,0.0,0.0,0.0,46.28,46.28,46.28
2025-12-26,KANORICHEM,INE138C01024,NSE,77.78,70.05,285452.6,406.73887,68.738,66.72428571428571,66.72428571428571,1806885.33,1879795.6371428573,1879795.6371428573,2550.492774,2801.834867142857,2801.834867142857
2025-12-17,0MSFL26,INE138I08075,BSE,120631.0,0.0,0.0,2412.585,0.0,0.0,0.0,0.0,0.0,0.0,2412.585,2412.585,2412.585
2025-12-19,0MSFL26A,INE138I08083,BSE,117667.0,0.0,0.0,470.668,0.0,0.0,0.0,0.0,0.0,0.0,5056.8,5056.8,5056.8
2025-12-24,0MSFL026,INE138I08091,BSE,111191.0,0.0,0.0,667.155,0.0,0.0,0.0,0.0,0.0,0.0,1109.68,1109.68,1109.68
2025-12-24,0MSFL27,INE138I08109,BSE,102810.01,0.0,0.0,205.62,0.0,0.0,0.0,0.0,0.0,0.0,1028.4099999999999,1028.4099999999999,1028.4099999999999
2025-12-24,INDRENEW,INE138O01029,BSE,11.96,0.0,0.0,222.785,0.0,0.0,0.0,0.0,0.0,0.0,143.99233333333333,143.99233333333333,143.99233333333333
2025-12-26,KFINTECH,INE138Y01010,NSE,1100.3,33.62,257109301.6,759839.7128,40.578,41.557142857142864,41.557142857142864,632154871.18,503149976.72857136,503149976.72857136,1652609.58838,1298875.3281285712,1298875.3281285712
2025-12-26,NATIONALUM,INE139A01034,NSE,306.85,27.12,1080859179.75,3950442.3131,45.577999999999996,46.917142857142856,46.917142857142856,1510277375.2,1403516955.0285716,1403516955.0285716,3279099.62928,2994061.3645,2994061.3645
2025-12-26,UCAL,INE139B01016,NSE,111.29,69.46,561012.89,808.96852,78.24600000000001,74.16714285714286,74.16714285714286,514632.70999999996,496410.75285714277,496410.75285714277,656.4984900000001,670.0509185714287,670.0509185714287
2025-12-24,YUVRAAJHPL,INE139D01020,BSE,12.03,0.0,0.0,7886.38,0.0,0.0,0.0,0.0,0.0,0.0,2185.433,2185.433,2185.433
2025-12-24,NIVAKA,INE139E01028,BSE,3.51,0.0,0.0,72.189,0.0,0.0,0.0,0.0,0.0,0.0,36.58766666666667,36.58766666666667,36.58766666666667
2025-12-26,BVCL,INE139I01011,NSE,46.05,85.63,526765.95,614.35743,52.028,58.67571428571428,58.67571428571428,1882696.416,1501934.7271428572,1501934.7271428572,4096.136486,3135.1804828571435,3135.1804828571435
2025-12-26,FUSION,INE139R01012,NSE,161.0,50.86,4026288.0,7937.62151,48.364000000000004,50.84571428571429,50.84571428571429,14205993.018000001,14227955.055714285,14227955.055714285,29006.42473,27935.15838,27935.15838
2025-12-26,SAATVIKGL,INE13B501022,NSE,375.7,50.04,29968086.2,60565.765049999995,45.232,46.11714285714286,46.11714285714286,78055418.86,69636390.15714286,69636390.15714286,198670.48125,171111.22821428571,171111.22821428571
2025-12-24,BEEZAASAN,INE13VU01016,BSE,223.05,0.0,0.0,2119.68,0.0,0.0,0.0,0.0,0.0,0.0,1266.1066666666668,1266.1066666666668,1266.1066666666668
2025-12-23,SKM,INE13YH01017,BSE,144.95,0.0,0.0,1590.05,0.0,0.0,0.0,0.0,0.0,0.0,1061.1750000000002,1061.1750000000002,1061.1750000000002
2025-12-24,SIDDHA,INE140C01012,BSE,5.37,0.0,0.0,5.909,0.0,0.0,0.0,0.0,0.0,0.0,19.557333333333332,19.557333333333332,19.557333333333332
2025-12-24,NHCFOODS,INE141C01036,BSE,0.9,0.0,0.0,3188.643,0.0,0.0,0.0,0.0,0.0,0.0,590.6,590.6,590.6
2025-12-26,TNTELE,INE141D01018,NSE,10.13,60.03,164085.74000000002,271.62645000000003,59.924,59.362857142857145,59.362857142857145,132641.244,125906.75714285715,125906.75714285715,228.62810800000003,217.06457142857147,217.06457142857147
2025-12-26,TEXMOPIPES,INE141K01013,NSE,48.4,64.04,994136.0,1562.80768,72.196,71.21285714285715,71.21285714285715,926870.1,799543.7728571428,799543.7728571428,1289.9565240000002,1121.994542857143,1121.994542857143
2025-12-26,OSWALAGRO,INE142A01012,NSE,57.2,49.42,1756669.2000000002,3594.6224700000002,56.084,57.348571428571425,57.348571428571425,1702071.168,1816032.9414285715,1816032.9414285715,3014.070294,3165.633024285715,3165.633024285715
2025-12-24,BEMHY,INE142E01022,BSE,97.46,0.0,0.0,1510.164,0.0,0.0,0.0,0.0,0.0,0.0,2251.8933333333334,2251.8933333333334,2251.8933333333334
2025-12-26,LYPSAGEMS,INE142K01011,NSE,5.11,66.91,504525.63,754.20505,73.55799999999999,70.18857142857142,70.18857142857142,151540.91,122589.7042857143,122589.7042857143,207.469802,171.3073314285714,171.3073314285714
2025-12-26,TATATECH,INE142M01025,NSE,654.55,35.0,78667746.3,225815.16225,42.38,45.27285714285715,45.27285714285715,128212300.92999999,140605447.8142857,140605447.8142857,296679.81126,304400.80962857144,304400.80962857144
2025-12-26,SULA,INE142Q01026,NSE,227.49,37.67,32913480.69,87087.75458,41.44,45.15857142857142,45.15857142857142,48968010.02,42633406.339999996,42633406.339999996,250690.53307000003,193126.53423000002,193126.53423000002
2025-12-26,ORIENTELEC,INE142Z01019,NSE,177.63,56.16,6655085.58,11922.08947,45.160000000000004,43.305714285714295,43.305714285714295,5838427.504,6362699.24,6362699.24,13021.091492000001,14744.605775714286,14744.605775714286
2025-12-26,OSWALGREEN,INE143A01010,NSE,32.79,68.87,7153302.45,10452.81576,50.336,44.215714285714284,44.215714285714284,4935280.483999999,4053319.2771428567,4053319.2771428567,8936.84891,8397.557007142857,8397.557007142857
2025-12-24,PRECISIO,INE143C01024,BSE,194.95,0.0,0.0,66.19,0.0,0.0,0.0,0.0,0.0,0.0,119.93633333333334,119.93633333333334,119.93633333333334
2025-12-24,PARMCOS-B,INE143I01013,BSE,35.76,0.0,0.0,5.552,0.0,0.0,0.0,0.0,0.0,0.0,51.00633333333334,51.00633333333334,51.00633333333334
2025-12-24,YUNIKM,INE143K01019,BSE,7.98,0.0,0.0,15.317,0.0,0.0,0.0,0.0,0.0,0.0,37.812000000000005,37.812000000000005,37.812000000000005
2025-12-24,JAGANLAM,INE144C01014,BSE,70.33,0.0,0.0,36.859,0.0,0.0,0.0,0.0,0.0,0.0,76.00200000000001,76.00200000000001,76.00200000000001
2025-12-26,CUBEXTUB,INE144D01012,NSE,112.89,39.75,69408045.81,165985.30328,54.49400000000001,51.68857142857143,51.68857142857143,4762350.932,4483011.821428572,4483011.821428572,8721.680638,8855.817397142857,8855.817397142857
2025-12-26,20MICRONS,INE144J01027,NSE,217.71,9.22,216249819.03,2436378.37956,56.232000000000006,54.42285714285715,54.42285714285715,5822879.17,5666806.632857143,5666806.632857143,10277.207224,10366.77939,10366.77939
2025-12-26,TARSONS,INE144Z01023,NSE,230.78,51.86,6865012.66,13364.43534,48.342,47.51428571428572,47.51428571428572,11457820.452000001,14571878.995714288,14571878.995714288,24096.999552,32520.500365714288,32520.500365714288
2025-12-24,CRAVATEX,INE145E01017,BSE,388.0,0.0,0.0,8.36,0.0,0.0,0.0,0.0,0.0,0.0,26.723,26.723,26.723
2025-12-24,GUJTLRM,INE145J01032,BSE,0.74,0.0,0.0,1767.743,0.0,0.0,0.0,0.0,0.0,0.0,1686.3443333333332,1686.3443333333332,1686.3443333333332
2025-12-24,KEERTHI,INE145L01012,BSE,66.99,0.0,0.0,60.056,0.0,0.0,0.0,0.0,0.0,0.0,60.214333333333336,60.214333333333336,60.214333333333336
2025-12-24,SHISHIND,INE145Y01023,BSE,16.22,0.0,0.0,7932.472,0.0,0.0,0.0,0.0,0.0,0.0,215502.16233333337,215502.16233333337,215502.16233333337
2025-12-24,WHITEORG,INE146C01019,BSE,4.0,0.0,0.0,97.345,0.0,0.0,0.0,0.0,0.0,0.0,78.956,78.956,78.956
2025-12-24,CREATIVE,INE146E01015,BSE,597.0,0.0,0.0,125.189,0.0,0.0,0.0,0.0,0.0,0.0,129.34166666666667,129.34166666666667,129.34166666666667
2025-12-24,INDCTST,INE146H01018,BSE,49.83,0.0,0.0,29.05,0.0,0.0,0.0,0.0,0.0,0.0,10.728333333333333,10.728333333333333,10.728333333333333
2025-12-26,KIRLOSENG,INE146L01010,NSE,1269.8,38.1,111906204.2,291472.2493,24.709999999999997,22.27857142857143,22.27857142857143,260913386.34,462764009.6571428,462764009.6571428,1225060.83914,2571530.262285714,2571530.262285714
2025-12-24,FAMILYCARE,INE146N01016,BSE,3.65,0.0,0.0,222.04,0.0,0.0,0.0,0.0,0.0,0.0,289.0036666666667,289.0036666666667,289.0036666666667
2025-12-26,SPIC,INE147A01011,NSE,81.39,42.75,15752057.82,36921.69281,52.714,47.79714285714285,47.79714285714285,26120964.038,24401711.124285717,24401711.124285717,49960.62835,52566.62022,52566.62022
2025-12-24,POOJAENT,INE147C01017,BSE,66.4,0.0,0.0,845.39,0.0,0.0,0.0,0.0,0.0,0.0,488.37433333333337,488.37433333333337,488.37433333333337
2025-12-24,PUROHITCON,INE147J01012,BSE,12.98,0.0,0.0,3.011,0.0,0.0,0.0,0.0,0.0,0.0,4.234,4.234,4.234
2025-12-26,JPOLYINVST,INE147P01019,NSE,1068.7,46.43,3457244.5,7413.1499,53.158,51.642857142857146,51.642857142857146,4797436.279999999,4157859.714285714,4157859.714285714,9073.26168,8048.036671428572,8048.036671428572
2025-12-26,TNPETRO,INE148A01019,NSE,104.13,60.66,10180685.969999999,16861.098,62.0,59.45857142857143,59.45857142857143,9154396.91,9184671.181428572,9184671.181428572,15029.212916,15681.632151428572,15681.632151428572
2025-12-24,MENAMANI,INE148B01033,BSE,7.9,0.0,0.0,2.112,0.0,0.0,0.0,0.0,0.0,0.0,92.80133333333333,92.80133333333333,92.80133333333333
2025-12-26,SAMMAANCAP,INE148I01020,NSE,139.88,46.68,732651993.84,1575553.40153,36.706,34.28857142857142,34.28857142857142,539119132.016,622431526.312857,622431526.312857,1711880.167674,2267472.1958071426,2267472.1958071426
2025-12-24,93SCL24A,INE148I07MZ1,BSE,970.0,0.0,0.0,19.2,0.0,0.0,0.0,0.0,0.0,0.0,19.2,19.2,19.2
2025-12-23,99SCL27,INE148I07TF8,BSE,1020.05,0.0,0.0,20.36,0.0,0.0,0.0,0.0,0.0,0.0,20.36,20.36,20.36
2025-12-24,SCL19325A,INE148I07WC9,BSE,1035.0,0.0,0.0,10.35,0.0,0.0,0.0,0.0,0.0,0.0,10.35,10.35,10.35
2025-12-26,DELHIVERY,INE148O01028,NSE,407.25,42.6,99146234.25,232715.93215,68.02799999999999,63.79571428571428,63.79571428571428,561165862.8,482051622.2571429,482051622.2571429,788356.02816,717202.8843857143,717202.8843857143
2025-12-26,CHOLAHLDNG,INE149A01033,NSE,1858.4,48.68,42243290.4,87580.57990000001,59.58,60.85142857142856,60.85142857142856,212420046.44,201289644.0,201289644.0,342729.8393,320771.66490000003,320771.66490000003
2025-12-26,SANDUMA,INE149K01016,NSE,242.5,17.72,454154485.0,2592966.08891,20.392000000000003,24.45714285714286,24.45714285714286,478242881.324,374924945.3371428,374924945.3371428,2943299.600204,2202267.8966985713,2202267.8966985713
2025-12-26,NIBE,INE149O01018,NSE,1143.3,47.23,8575893.299999999,18171.3929,44.07599999999999,47.73285714285714,47.73285714285714,14271853.16,20014987.157142855,20014987.157142855,33216.184779999996,41971.787,41971.787
2025-12-24,KALYANCAP,INE149Q01021,BSE,7.86,0.0,0.0,77.27,0.0,0.0,0.0,0.0,0.0,0.0,87.81400000000001,87.81400000000001,87.81400000000001
2025-12-26,ABLBL,INE14LE01019,NSE,123.08,89.51,812159011.16,905789.07282,68.088,62.72714285714286,62.72714285714286,651277114.09,498930870.66714287,498930870.66714287,894074.1174899999,705724.14817,705724.14817
2025-12-24,PAJSON,INE14LM01012,BSE,158.15,0.0,0.0,3985.38,0.0,0.0,0.0,0.0,0.0,0.0,26090.879999999997,26090.879999999997,26090.879999999997
2025-12-24,TAKYON,INE14OX01013,BSE,51.5,0.0,0.0,412.6,0.0,0.0,0.0,0.0,0.0,0.0,2024.2,2024.2,2024.2
2025-12-24,AMEENJI,INE14QA01016,BSE,135.05,0.0,0.0,1458.42,0.0,0.0,0.0,0.0,0.0,0.0,1814.78,1814.78,1814.78
2025-12-26,VIDYAWIRES,INE14UN01029,NSE,51.05,33.37,60531261.25,181731.63438,24.071999999999996,21.558571428571423,21.558571428571423,133540552.224,144635726.64285713,144635726.64285713,613066.3643659999,797009.3662628571,797009.3662628571
2025-12-24,JDCABLES,INE14VP01014,BSE,204.25,0.0,0.0,104447.32,0.0,0.0,0.0,0.0,0.0,0.0,84227.14666666667,84227.14666666667,84227.14666666667
2025-12-26,ALKYLAMINE,INE150B01039,NSE,1581.2,62.31,27805402.0,44817.5031,47.02,48.917142857142856,48.917142857142856,15329967.819999998,16932353.07142857,16932353.07142857,32830.770399999994,34792.849942857145,34792.849942857145
2025-12-24,TITANBIO,INE150C01011,BSE,1101.55,0.0,0.0,9616.395,0.0,0.0,0.0,0.0,0.0,0.0,17719.833,17719.833,17719.833
2025-12-24,MUL,INE150D01027,BSE,11.82,0.0,0.0,899.424,0.0,0.0,0.0,0.0,0.0,0.0,505.5163333333333,505.5163333333333,505.5163333333333
2025-12-26,LUXIND,INE150G01020,NSE,1112.6,63.3,11376335.0,18039.9156,49.232000000000006,50.56285714285715,50.56285714285715,8992638.66,9026689.757142857,9026689.757142857,18556.4628,18128.186671428575,18128.186671428575
2025-12-23,SWAGTAM,INE150R01019,BSE,69.75,0.0,0.0,0.139,0.0,0.0,0.0,0.0,0.0,0.0,0.423,0.423,0.423
2025-12-26,TATACOMM,INE151A01013,NSE,1777.6,52.01,88424934.39999999,170554.94369999997,54.508,51.574285714285715,51.574285714285715,143339823.94,150042080.1857143,150042080.1857143,264233.876,306082.5523857143,306082.5523857143
2025-12-24,B2BSOFT,INE151B01011,BSE,28.88,0.0,0.0,83.276,0.0,0.0,0.0,0.0,0.0,0.0,120.54266666666665,120.54266666666665,120.54266666666665
2025-12-26,SHAILY,INE151G01028,NSE,2335.3,45.29,148982798.8,327848.9204,47.178000000000004,47.84428571428572,47.84428571428572,138324357.01999998,150653120.75714284,150653120.75714284,286391.16296,307038.8060142857,307038.8060142857
2025-12-23,MILESTONE,INE151H01018,BSE,26.45,0.0,0.0,4.037,0.0,0.0,0.0,0.0,0.0,0.0,0.904,0.904,0.904
2025-12-26,THERMAX,INE152A01029,NSE,3012.4,66.68,230258818.8,344220.4953,65.55799999999999,63.944285714285705,63.944285714285705,165363367.66000003,142417151.91428572,142417151.91428572,256496.11198,222499.35925714285,222499.35925714285
2025-12-24,ELEFLOR,INE152E01013,BSE,4.93,0.0,0.0,98.542,0.0,0.0,0.0,0.0,0.0,0.0,127.878,127.878,127.878
2025-12-26,TRITURBINE,INE152M01016,NSE,544.8,57.34,59633807.99999999,103946.59195,54.676,53.03428571428571,53.03428571428571,90771070.94,80166670.72857143,80166670.72857143,142569.21731000004,133490.27290000004,133490.27290000004
2025-12-26,MTNL,INE153A01019,NSE,37.09,31.85,24536852.410000004,77273.50772,31.427999999999997,30.052857142857142,30.052857142857142,23759908.84,29480660.07142857,29480660.07142857,89655.942994,141567.39486571428,141567.39486571428
2025-12-24,VINTAGES,INE153C01015,BSE,21.3,0.0,0.0,4.222,0.0,0.0,0.0,0.0,0.0,0.0,9.295,9.295,9.295
2025-12-24,MONGIPA,INE153K01018,BSE,16.11,0.0,0.0,32.701,0.0,0.0,0.0,0.0,0.0,0.0,226.78700000000003,226.78700000000003,226.78700000000003
2025-12-26,BLS,INE153T01027,NSE,320.2,47.98,91980972.2,192959.9571,32.278,36.49999999999999,36.49999999999999,164223013.45,133909276.06428573,133909276.06428573,1016633.12763,761951.1884571429,761951.1884571429
2025-12-26,ITC,INE154A01025,NSE,404.15,64.58,822800902.0,1275562.3225999998,62.407999999999994,63.36857142857142,63.36857142857142,2040443247.48,2216490140.7571425,2216490140.7571425,3274737.4561300003,3512911.0450357147,3512911.0450357147
2025-12-24,MOHITE,INE154B01023,BSE,2.9,0.0,0.0,224.919,0.0,0.0,0.0,0.0,0.0,0.0,406.27400000000006,406.27400000000006,406.27400000000006
2025-12-24,VENMAX,INE154G01022,BSE,27.74,0.0,0.0,62.505,0.0,0.0,0.0,0.0,0.0,0.0,17.298666666666666,17.298666666666666,17.298666666666666
2025-12-24,RAPIDIN,INE154M01012,BSE,95.0,0.0,0.0,1.235,0.0,0.0,0.0,0.0,0.0,0.0,2.947,2.947,2.947
2025-12-26,TMPV,INE155A01022,NSE,358.8,56.79,1750205589.6000001,3069359.6191,56.81400000000001,56.884285714285724,56.884285714285724,5756330958.56,4552036755.807143,4552036755.807143,8577761.94733,6891286.490514286,6891286.490514286
2025-12-26,ALBERTDAVD,INE155C01010,NSE,744.95,61.4,894684.9500000001,1458.7576000000001,71.24199999999999,71.23428571428572,71.23428571428572,784984.32,863287.3499999999,863287.3499999999,1112.5623600000001,1257.8207214285717,1257.8207214285717
2025-12-24,INVPRECQ,INE155E01016,BSE,488.1,0.0,0.0,647.384,0.0,0.0,0.0,0.0,0.0,0.0,923.1786666666667,923.1786666666667,923.1786666666667
2025-12-26,NDTV,INE155G01029,NSE,101.33,12.73,98108516.64,773875.69354,23.274,19.391428571428573,19.391428571428573,16965657.538000003,49083820.09285714,49083820.09285714,74899.225288,472258.8864528571,472258.8864528571
2025-12-19,JETSOLAR,INE155R01018,BSE,16.88,0.0,0.0,203.08,0.0,0.0,0.0,0.0,0.0,0.0,260.92,260.92,260.92
2025-12-26,MACPOWER,INE155Z01011,NSE,1032.85,65.68,5184907.0,7847.0599,51.42800000000001,52.941428571428574,52.941428571428574,8267024.13,6904365.792857142,6904365.792857142,16373.37034,13462.044885714286,13462.044885714286
2025-12-26,INDORAMA,INE156A01020,NSE,48.54,52.26,2207307.96,4233.55481,54.501999999999995,57.32142857142857,57.32142857142857,3396005.3600000003,3300763.72,3300763.72,5961.360654,5613.503994285714,5613.503994285714
2025-12-26,PIONEEREMB,INE156C01018,NSE,28.52,84.27,184296.24,218.64042999999998,72.748,70.53571428571429,70.53571428571429,1415385.3059999999,1032410.9999999999,1032410.9999999999,1969.294584,1436.122357142857,1436.122357142857
2025-12-24,JAIHINDS,INE156E01014,BSE,42.5,0.0,0.0,4014.638,0.0,0.0,0.0,0.0,0.0,0.0,112.01366666666667,112.01366666666667,112.01366666666667
2025-12-24,YURANUS,INE156M01017,BSE,149.75,0.0,0.0,93.144,0.0,0.0,0.0,0.0,0.0,0.0,3731.2329999999997,3731.2329999999997,3731.2329999999997
2025-12-26,KMSUGAR,INE157H01023,NSE,27.49,74.57,1577816.0399999998,2110.99075,62.426,63.39857142857143,63.39857142857143,770472.878,718656.8214285715,718656.8214285715,1231.1560399999998,1139.1624457142855,1139.1624457142855
2025-12-26,HEROMOTOCO,INE158A01026,NSE,5637.0,56.96,802173285.0,1412055.2265,60.128,61.194285714285705,61.194285714285705,2638284218.4,2378293026.928571,2378293026.928571,4194826.4069,3775042.233428571,3775042.233428571
2025-12-26,EIMCOELECO,INE158B01016,NSE,1530.1,52.71,6473853.1,12278.7034,45.414,47.59571428571428,47.59571428571428,10310222.82,17217555.857142854,17217555.857142854,23091.25888,34633.67101428571,34633.67101428571
2025-12-24,CITYONLINE,INE158C01014,BSE,6.54,0.0,0.0,0.654,0.0,0.0,0.0,0.0,0.0,0.0,4.769333333333333,4.769333333333333,4.769333333333333
2025-12-24,ELFORGE,INE158F01017,BSE,13.25,0.0,0.0,285.304,0.0,0.0,0.0,0.0,0.0,0.0,197.81633333333332,197.81633333333332,197.81633333333332
2025-12-24,REMIEDEL,INE158G01015,BSE,133.75,0.0,0.0,1931.463,0.0,0.0,0.0,0.0,0.0,0.0,726.4996666666666,726.4996666666666,726.4996666666666
2025-12-19,DML,INE158R01012,BSE,10.2,0.0,0.0,143.5,0.0,0.0,0.0,0.0,0.0,0.0,143.5,143.5,143.5
2025-12-26,GLAXO,INE159A01016,NSE,2464.3,42.33,34174912.400000006,80867.588,63.169999999999995,63.952857142857134,63.952857142857134,111009252.04,105863219.34285715,105863219.34285715,171554.07738,162252.37054285716,162252.37054285716
2025-12-19,SALGUTI,INE159C01012,BSE,26.3,0.0,0.0,0.5,0.0,0.0,0.0,0.0,0.0,0.0,0.5,0.5,0.5
2025-12-24,MMRUBBR-B,INE159E01026,BSE,79.62,0.0,0.0,37.834,0.0,0.0,0.0,0.0,0.0,0.0,102.20033333333333,102.20033333333333,102.20033333333333
2025-12-24,SVGLOBAL,INE159L01013,BSE,145.0,0.0,0.0,170.66,0.0,0.0,0.0,0.0,0.0,0.0,28.601666666666663,28.601666666666663,28.601666666666663
2025-12-26,VIJIFIN,INE159N01027,NSE,2.56,69.09,270156.8,388.72103999999996,66.806,68.34142857142857,68.34142857142857,223749.104,223445.47142857144,223445.47142857144,378.75243,359.92194571428576,359.92194571428576
2025-12-24,MYSTICELE,INE159O01033,BSE,3.57,0.0,0.0,135.22,0.0,0.0,0.0,0.0,0.0,0.0,73.27766666666668,73.27766666666668,73.27766666666668
2025-12-26,PINELABS,INE15B701018,NSE,237.54,34.8,66332094.839999996,190823.68698,38.606,42.24714285714286,42.24714285714286,228712805.198,204930183.56714287,204930183.56714287,673195.172676,563720.5301385714,563720.5301385714
2025-12-24,ABRIL,INE15MX01014,BSE,42.5,0.0,0.0,594.6,0.0,0.0,0.0,0.0,0.0,0.0,1004.0666666666666,1004.0666666666666,1004.0666666666666
2025-12-24,REPONO,INE15WN01014,BSE,69.69,0.0,0.0,931.26,0.0,0.0,0.0,0.0,0.0,0.0,343.92,343.92,343.92
2025-12-24,APPL,INE15XJ01010,BSE,161.0,0.0,0.0,6806.8,0.0,0.0,0.0,0.0,0.0,0.0,3022.066666666666,3022.066666666666,3022.066666666666
2025-12-26,PNB,INE160A01022,NSE,120.37,48.45,486404938.55,1002577.85581,46.194,44.73,44.73,709059212.0580001,689897322.8142856,689897322.8142856,1436054.200728,1480452.5257985715,1480452.5257985715
2025-12-24,PHCAP,INE160F01013,BSE,311.65,0.0,0.0,1096.073,0.0,0.0,0.0,0.0,0.0,0.0,1408.8469999999998,1408.8469999999998,1408.8469999999998
2025-12-24,PBAINFRA,INE160H01019,BSE,13.09,0.0,0.0,35.563,0.0,0.0,0.0,0.0,0.0,0.0,61.56066666666666,61.56066666666666,61.56066666666666
2025-12-24,BINNYMILLS,INE160L01011,BSE,243.05,0.0,0.0,79.836,0.0,0.0,0.0,0.0,0.0,0.0,14.374666666666664,14.374666666666664,14.374666666666664
2025-12-24,MUKTA,INE160O01031,BSE,2.76,0.0,0.0,37.444,0.0,0.0,0.0,0.0,0.0,0.0,48.52033333333333,48.52033333333333,48.52033333333333
2025-12-24,PATELCHEM,INE161701011,BSE,85.4,0.0,0.0,831.52,0.0,0.0,0.0,0.0,0.0,0.0,3616.768,3616.768,3616.768
2025-12-26,NIITLTD,INE161A01038,NSE,92.99,27.04,18519516.439999998,68958.09512,30.389999999999997,34.82142857142857,34.82142857142857,47570657.904,36492163.19142857,36492163.19142857,503271.821594,365058.2175685714,365058.2175685714
2025-12-24,METALCO,INE161E01014,BSE,68.0,0.0,0.0,200.547,0.0,0.0,0.0,0.0,0.0,0.0,28.424333333333333,28.424333333333333,28.424333333333333
2025-12-24,ANIRIT,INE161F01011,BSE,50.6,0.0,0.0,51.759,0.0,0.0,0.0,0.0,0.0,0.0,537.8906666666667,537.8906666666667,537.8906666666667
2025-12-26,VIKASLIFE,INE161L01027,NSE,1.83,62.45,3897455.31,6226.75717,59.64399999999999,57.894285714285715,57.894285714285715,3378134.182,2898273.9142857143,2898273.9142857143,5711.855532,4997.382891428571,4997.382891428571
2025-12-24,METAINFO,INE162901016,BSE,112.7,0.0,0.0,1826.84,0.0,0.0,0.0,0.0,0.0,0.0,4160.320000000001,4160.320000000001,4160.320000000001
2025-12-26,GIPCL,INE162A01010,NSE,158.71,21.72,23015330.650000002,106017.17504999999,53.932,55.04714285714285,55.04714285714285,22859339.992,19825247.905714285,19825247.905714285,43833.517432,37396.5868,37396.5868
2025-12-26,LUMAXIND,INE162B01018,NSE,5471.5,50.52,22356549.0,44356.834,38.852000000000004,37.487142857142864,37.487142857142864,20768846.6,20627648.35714286,20627648.35714286,54599.679599999996,56816.08892857143,56816.08892857143
2025-12-26,PARASPETRO,INE162C01024,NSE,1.87,83.4,123999.70000000001,147.99020000000002,73.202,74.30999999999999,74.30999999999999,151358.616,141656.7942857143,141656.7942857143,211.583842,194.19489142857142,194.19489142857142
2025-12-24,GANONPRO,INE162L01017,BSE,15.96,0.0,0.0,414.813,0.0,0.0,0.0,0.0,0.0,0.0,281.9343333333333,281.9343333333333,281.9343333333333
2025-12-24,KVSCASTING,INE163701019,BSE,64.0,0.0,0.0,128.0,0.0,0.0,0.0,0.0,0.0,0.0,575.2466666666666,575.2466666666666,575.2466666666666
2025-12-26,NOCIL,INE163A01018,NSE,156.29,63.26,12766392.36,20122.70912,60.32000000000001,59.27428571428572,59.27428571428572,19635105.28,18394550.217142858,18394550.217142858,32691.565346,31115.92613285714,31115.92613285714
2025-12-26,BALMLAWRIE,INE164A01016,NSE,184.36,51.43,10068452.680000002,19567.14158,52.262,55.31285714285714,55.31285714285714,16879021.987999998,16314092.427142857,16314092.427142857,33237.874994,30450.417715714284,30450.417715714284
2025-12-26,KELLTONTEC,INE164B01030,NSE,18.68,43.65,15500178.32,35761.88144,43.303999999999995,47.58857142857143,47.58857142857143,13511007.968,12491237.087142857,12491237.087142857,31679.284382,27479.332288571426,27479.332288571426
2025-12-24,IKOMA,INE164D01010,BSE,29.2,0.0,0.0,358.099,0.0,0.0,0.0,0.0,0.0,0.0,1291.6716666666669,1291.6716666666669,1291.6716666666669
2025-12-26,RSSOFTWARE,INE165B01029,NSE,52.95,67.19,1059158.85,1578.4024,56.54,55.01857142857143,55.01857142857143,1677567.1300000001,1672843.8585714286,1672843.8585714286,2969.0987479999994,3064.648552857143,3064.648552857143
2025-12-24,GEMSPIN,INE165F01020,BSE,4.65,0.0,0.0,2.79,0.0,0.0,0.0,0.0,0.0,0.0,0.487,0.487,0.487
2025-12-24,ASSAMENT,INE165G01010,BSE,771.05,0.0,0.0,3.084,0.0,0.0,0.0,0.0,0.0,0.0,143.73866666666666,143.73866666666666,143.73866666666666
2025-12-24,NATIONSTD,INE166R01015,BSE,1310.55,0.0,0.0,247.907,0.0,0.0,0.0,0.0,0.0,0.0,203.01133333333334,203.01133333333334,203.01133333333334
2025-12-24,ACIIN,INE167B01025,BSE,1.22,0.0,0.0,302.003,0.0,0.0,0.0,0.0,0.0,0.0,868.4520000000001,868.4520000000001,868.4520000000001
2025-12-24,PANCM,INE167E01037,BSE,122.75,0.0,0.0,56.779,0.0,0.0,0.0,0.0,0.0,0.0,85.769,85.769,85.769
2025-12-26,J&KBANK,INE168A01041,NSE,98.52,67.97,77180962.08,113921.53026,55.592,55.802857142857135,55.802857142857135,99088505.328,115143013.57142857,115143013.57142857,182104.913194,209049.93156714286,209049.93156714286
2025-12-24,HILLTONE,INE168C01013,BSE,82.0,0.0,0.0,1035.582,0.0,0.0,0.0,0.0,0.0,0.0,742.0243333333333,742.0243333333333,742.0243333333333
2025-12-24,GCMSECU,INE168O01026,BSE,0.84,0.0,0.0,94.278,0.0,0.0,0.0,0.0,0.0,0.0,178.885,178.885,178.885
2025-12-26,EMCURE,INE168P01015,NSE,1428.0,51.84,78829884.0,151024.643,49.846000000000004,53.49285714285714,53.49285714285714,71799330.47999999,72988727.72857143,72988727.72857143,154751.65261999998,145372.85774285713,145372.85774285713
2025-12-26,COROMANDEL,INE169A01031,NSE,2354.8,49.91,141862571.20000002,285777.5,50.63,51.941428571428574,51.941428571428574,463416256.88,410350278.8428572,410350278.8428572,834292.7381200001,734197.4232571429,734197.4232571429
2025-12-24,NMSRESRC,INE169F01014,BSE,58.08,0.0,0.0,45.934,0.0,0.0,0.0,0.0,0.0,0.0,69.109,69.109,69.109
2025-12-24,SUPERIRON,INE16IQ01014,BSE,41.34,0.0,0.0,349.032,0.0,0.0,0.0,0.0,0.0,0.0,309.712,309.712,309.712
2025-12-26,ORKLAINDIA,INE16NZ01023,NSE,604.05,61.06,76969259.1,126336.32725,54.272000000000006,52.32571428571429,52.32571428571429,58074929.92,48792855.30714286,48792855.30714286,102491.46018,89546.34528571427,89546.34528571427
2025-12-24,STANBIK,INE16QA01011,BSE,32.5,0.0,0.0,2732.0,0.0,0.0,0.0,0.0,0.0,0.0,26481.94,26481.94,26481.94
2025-12-24,INFINITY,INE16XA01017,BSE,379.0,0.0,0.0,303.2,0.0,0.0,0.0,0.0,0.0,0.0,882.4533333333334,882.4533333333334,882.4533333333334
2025-12-24,MODIPON,INE170C01019,BSE,38.9,0.0,0.0,21.281,0.0,0.0,0.0,0.0,0.0,0.0,2.1805,2.1805,2.1805
2025-12-24,APMIN,INE170D01025,BSE,44.01,0.0,0.0,90.425,0.0,0.0,0.0,0.0,0.0,0.0,166.54399999999998,166.54399999999998,166.54399999999998
2025-12-26,SATIA,INE170E01023,NSE,65.99,59.53,1873522.0899999999,3150.24496,61.21400000000001,61.47571428571429,61.47571428571429,2345625.592,2349613.16,2349613.16,3864.783464,3850.8316142857143,3850.8316142857143
2025-12-26,HGS,INE170I01016,NSE,449.85,71.59,1968993.4500000002,2755.5842000000002,53.23199999999999,60.528571428571425,60.528571428571425,4360789.43,4165503.364285714,4165503.364285714,8222.093420000001,7221.803,7221.803
2025-12-24,SURJIND,INE170U01011,BSE,42.5,0.0,0.0,29.862,0.0,0.0,0.0,0.0,0.0,0.0,138.83733333333333,138.83733333333333,138.83733333333333
2025-12-26,SALASAR,INE170V01027,NSE,9.16,73.16,75062416.92,102822.54127,46.534,48.22571428571428,48.22571428571428,21973558.783999998,19629145.284285713,19629145.284285713,48803.227291999996,42395.010977142854,42395.010977142854
2025-12-26,FEDERALBNK,INE171A01029,NSE,262.0,55.43,570916078.0,1029589.6032,62.896,62.38,62.38,1140037619.48,1037199687.3142856,1037199687.3142856,1805940.9521499998,1647130.5450214283,1647130.5450214283
2025-12-26,BDL,INE171Z01026,NSE,1477.9,27.4,940464620.8000001,3484494.9583,25.688,28.055714285714284,28.055714285714284,522002246.3,553921138.0142857,553921138.0142857,2067365.67204,1990250.7209714286,1990250.7209714286
2025-12-26,CASTROLIND,INE172A01027,NSE,193.48,23.44,767532257.8,3298573.923,47.962,50.98142857142857,50.98142857142857,406193085.38,315806545.13714284,315806545.13714284,2017919.8031199998,1485379.05818,1485379.05818
2025-12-24,IECEDU,INE172B01017,BSE,22.12,0.0,0.0,209.035,0.0,0.0,0.0,0.0,0.0,0.0,107.33966666666667,107.33966666666667,107.33966666666667
2025-12-24,CTL,INE172D01021,BSE,28.36,0.0,0.0,790.869,0.0,0.0,0.0,0.0,0.0,0.0,537.2346666666666,537.2346666666666,537.2346666666666
2025-12-24,SMRUTHIORG,INE172E01011,BSE,120.25,0.0,0.0,217.269,0.0,0.0,0.0,0.0,0.0,0.0,423.1466666666667,423.1466666666667,423.1466666666667
2025-12-26,IMAGICAA,INE172N01012,NSE,45.38,65.59,26835599.14,41634.212530000004,52.824,55.15,55.15,9211961.046,10159685.307142857,10159685.307142857,15767.896067999998,17198.63984,17198.63984
2025-12-26,SIL,INE173A01025,NSE,15.96,67.54,169112.16,251.49146,75.77799999999999,79.48714285714286,79.48714285714286,416162.502,349258.01999999996,349258.01999999996,535.401874,442.3857685714286,442.3857685714286
2025-12-24,TEJASSVI,INE173E01019,BSE,21.27,0.0,0.0,2.127,0.0,0.0,0.0,0.0,0.0,0.0,0.5105,0.5105,0.5105
2025-12-24,SRMENERGY,INE173J01018,BSE,17.77,0.0,0.0,512.284,0.0,0.0,0.0,0.0,0.0,0.0,689.7566666666667,689.7566666666667,689.7566666666667
2025-12-24,ONIXSOLAR,INE173M01012,BSE,425.85,0.0,0.0,8364.971,0.0,0.0,0.0,0.0,0.0,0.0,10194.953,10194.953,10194.953
2025-12-24,UMIYA,INE173U01015,BSE,25.47,0.0,0.0,6069.122,0.0,0.0,0.0,0.0,0.0,0.0,1991.3273333333334,1991.3273333333334,1991.3273333333334
2025-12-24,GUJWIND,INE173V01013,BSE,5.81,0.0,0.0,10.657,0.0,0.0,0.0,0.0,0.0,0.0,53.193333333333335,53.193333333333335,53.193333333333335
2025-12-26,JISLJALEQS,INE175A01038,NSE,41.3,38.05,53218684.4,141159.83461000002,59.15,60.255714285714284,60.255714285714284,55550483.404,51910583.9,51910583.9,87043.980574,81757.4737957143,81757.4737957143
2025-12-24,SPENTA,INE175C01018,BSE,93.46,0.0,0.0,73.511,0.0,0.0,0.0,0.0,0.0,0.0,375.2846666666667,375.2846666666667,375.2846666666667
2025-12-24,AERPACE,INE175N01023,BSE,25.98,0.0,0.0,24588.518,0.0,0.0,0.0,0.0,0.0,0.0,18532.854,18532.854,18532.854
2025-12-26,BATAINDIA,INE176A01028,NSE,950.65,43.41,18066152.599999998,41517.329,49.81,50.71142857142858,50.71142857142858,29349826.77,32922443.035714287,32922443.035714287,58085.544019999994,64087.35902857142,64087.35902857142
2025-12-26,HAVELLS,INE176B01034,NSE,1418.2,66.1,203843558.8,309923.7424,57.888,56.955714285714286,56.955714285714286,402065583.04,358144084.17142856,358144084.17142856,666842.9723600001,606344.737957143,606344.737957143
2025-12-24,TNSTLTU,INE176E01012,BSE,43.9,0.0,0.0,338.03,0.0,0.0,0.0,0.0,0.0,0.0,470.295,470.295,470.295
2025-12-24,SICAGEN,INE176J01011,BSE,57.1,0.0,0.0,286.315,0.0,0.0,0.0,0.0,0.0,0.0,361.724,361.724,361.724
2025-12-24,CRANEINFRA,INE176L01017,BSE,16.75,0.0,0.0,8.109,0.0,0.0,0.0,0.0,0.0,0.0,29.699333333333332,29.699333333333332,29.699333333333332
2025-12-24,CASPIAN,INE176N01021,BSE,7.86,0.0,0.0,700.23,0.0,0.0,0.0,0.0,0.0,0.0,301.53266666666667,301.53266666666667,301.53266666666667
2025-12-24,ESPIRE,INE176O01011,BSE,285.6,0.0,0.0,346.718,0.0,0.0,0.0,0.0,0.0,0.0,55.340666666666664,55.340666666666664,55.340666666666664
2025-12-24,RAJKOTINV,INE176R01014,BSE,40.68,0.0,0.0,0.317,0.0,0.0,0.0,0.0,0.0,0.0,23.757333333333335,23.757333333333335,23.757333333333335
2025-12-26,INGERRAND,INE177A01018,NSE,3370.8,55.57,19159627.2,34434.873,58.86600000000001,59.40142857142858,59.40142857142858,17963633.96,18160649.85714286,18160649.85714286,29849.16214,29950.197414285714,29950.197414285714
2025-12-24,BATLIBOI,INE177C01022,BSE,109.9,0.0,0.0,2410.82,0.0,0.0,0.0,0.0,0.0,0.0,2345.8596666666667,2345.8596666666667,2345.8596666666667
2025-12-24,KOVAI,INE177F01017,BSE,5807.25,0.0,0.0,12914.656,0.0,0.0,0.0,0.0,0.0,0.0,18376.970333333335,18376.970333333335,18376.970333333335
2025-12-26,GPIL,INE177H01039,NSE,252.51,42.48,184914840.57,436371.90602999995,46.83,47.215714285714284,47.215714285714284,212513627.412,210506649.90714285,210506649.90714285,525802.231544,505552.21813,505552.21813
2025-12-24,INTEGFD,INE177M01013,BSE,36.1,0.0,0.0,2.148,0.0,0.0,0.0,0.0,0.0,0.0,35.560500000000005,35.560500000000005,35.560500000000005
2025-12-26,CHENNPETRO,INE178A01016,NSE,828.35,32.42,221854495.45000002,689129.7355,34.174,34.058571428571426,34.058571428571426,229345676.83,221893383.54285717,221893383.54285717,671977.06294,652736.21805,652736.21805
2025-12-26,SMARTLINK,INE178C01020,NSE,132.41,50.44,360949.66,717.08237,74.756,72.11142857142859,72.11142857142859,1199313.6739999999,920444.3885714284,920444.3885714284,1542.5009920000002,1195.4160600000002,1195.4160600000002
2025-12-24,SKYLMILAR,INE178E01026,BSE,24.8,0.0,0.0,1.746,0.0,0.0,0.0,0.0,0.0,0.0,129.94133333333332,129.94133333333332,129.94133333333332
2025-12-24,ADVIKCA,INE178T01024,BSE,1.31,0.0,0.0,913.004,0.0,0.0,0.0,0.0,0.0,0.0,9131.794,9131.794,9131.794
2025-12-26,PGHH,INE179A01014,NSE,12950.0,55.6,11758600.0,21195.438,54.448,53.92857142857143,53.92857142857143,40371303.6,37130303.28571428,37130303.28571428,70562.29520000001,65933.56585714286,65933.56585714286
2025-12-26,DAVANGERE,INE179G01029,NSE,3.56,43.73,122592377.16,276105.07731,58.214,58.42142857142857,58.42142857142857,146090343.116,108015462.61142854,108015462.61142854,232988.089916,173565.57050714287,173565.57050714287
2025-12-24,SPRIGHT,INE179O01031,BSE,0.76,0.0,0.0,8394.951,0.0,0.0,0.0,0.0,0.0,0.0,7621.460999999999,7621.460999999999,7621.460999999999
2025-12-24,11DKGFS27,INE179P07597,BSE,9461.0,0.0,0.0,47.305,0.0,0.0,0.0,0.0,0.0,0.0,90.899,90.899,90.899
2025-12-26,MFSL,INE180A01020,NSE,1672.0,48.04,148199392.0,308286.1496,57.39,56.6,56.6,339161756.86,364555520.35714287,364555520.35714287,567518.5049599999,627534.4805857142,627534.4805857142
2025-12-26,CGCL,INE180C01042,NSE,178.69,49.5,41323849.4,83644.60201999999,47.29,44.02571428571429,44.02571428571429,50628442.08400001,49820871.42285714,49820871.42285714,104756.850852,116916.85150428572,116916.85150428572
2025-12-23,89CGCL28,INE180C07171,BSE,986.0,0.0,0.0,9.86,0.0,0.0,0.0,0.0,0.0,0.0,9.86,9.86,9.86
2025-12-24,97CGCL35,INE180C07213,BSE,991.0,0.0,0.0,49.682,0.0,0.0,0.0,0.0,0.0,0.0,27.95,27.95,27.95
2025-12-23,89CGCL27,INE180C07221,BSE,998.5,0.0,0.0,201.697,0.0,0.0,0.0,0.0,0.0,0.0,19.965,19.965,19.965
2025-12-24,LONGSPUR,INE180M01033,BSE,8.04,0.0,0.0,14.086,0.0,0.0,0.0,0.0,0.0,0.0,49.11766666666667,49.11766666666667,49.11766666666667
2025-12-19,PANIDPR,INE181D01014,BSE,50.72,0.0,0.0,1.318,0.0,0.0,0.0,0.0,0.0,0.0,0.056,0.056,0.056
2025-12-24,CFL,INE181U01018,BSE,50.51,0.0,0.0,661.175,0.0,0.0,0.0,0.0,0.0,0.0,638.753,638.753,638.753
2025-12-26,PFIZER,INE182A01018,NSE,5052.3,46.92,22290747.6,47398.4619,53.215999999999994,53.395714285714284,53.395714285714284,40042201.96,37271533.82857143,37271533.82857143,74802.22618,69447.21461428571,69447.21461428571
2025-12-26,MARATHON,INE182D01020,NSE,505.55,45.36,51006456.15,111502.16725,56.160000000000004,59.48571428571429,59.48571428571429,25166693.119999997,20472263.37142857,20472263.37142857,41046.91339000001,33014.86725714286,33014.86725714286
2025-12-26,FINPIPE,INE183A01024,NSE,169.81,57.56,27246184.31,47318.067820000004,52.05799999999999,51.919999999999995,51.919999999999995,27247054.379999995,32105934.74,32105934.74,51742.707462,59481.08015,59481.08015
2025-12-24,CYBELEIND,INE183D01010,BSE,36.1,0.0,0.0,39.746,0.0,0.0,0.0,0.0,0.0,0.0,118.15533333333333,118.15533333333333,118.15533333333333
2025-12-24,CSL,INE183Q01020,BSE,14.05,0.0,0.0,456.016,0.0,0.0,0.0,0.0,0.0,0.0,572.504,572.504,572.504
2025-12-24,PULSRIN,INE183U01022,BSE,1.4,0.0,0.0,6347.605,0.0,0.0,0.0,0.0,0.0,0.0,8113.481333333333,8113.481333333333,8113.481333333333
2025-12-24,SAGARSOFT,INE184B01012,BSE,101.5,0.0,0.0,115.4,0.0,0.0,0.0,0.0,0.0,0.0,170.02666666666667,170.02666666666667,170.02666666666667
2025-12-24,RAJSEC,INE184D01026,BSE,39.99,0.0,0.0,162.17,0.0,0.0,0.0,0.0,0.0,0.0,160.33399999999997,160.33399999999997,160.33399999999997
2025-12-24,UTLINDS,INE184E01024,BSE,2.32,0.0,0.0,8.184,0.0,0.0,0.0,0.0,0.0,0.0,16.988000000000003,16.988000000000003,16.988000000000003
2025-12-26,EKC,INE184H01027,NSE,116.75,49.75,6648328.75,13371.11934,57.366,58.145714285714284,58.145714285714284,11352215.926000003,11312940.574285716,11312940.574285716,19193.744962,19111.180028571427,19111.180028571427
2025-12-26,DIFFNKG,INE184O01015,NSE,332.95,59.76,14848571.15,24656.1172,52.69999999999999,53.64285714285713,53.64285714285713,31313625.589999996,24807315.535714287,24807315.535714287,55941.83433999999,44280.65534285713,44280.65534285713
2025-12-24,FRASER,INE184Q01010,BSE,10.27,0.0,0.0,340.295,0.0,0.0,0.0,0.0,0.0,0.0,514.9376666666667,514.9376666666667,514.9376666666667
2025-12-24,ALSTONE,INE184S01024,BSE,0.27,0.0,0.0,13709.268,0.0,0.0,0.0,0.0,0.0,0.0,6294.614333333332,6294.614333333332,6294.614333333332
2025-12-24,SAPPL,INE185C01017,BSE,239.55,0.0,0.0,186.229,0.0,0.0,0.0,0.0,0.0,0.0,590.8616666666667,590.8616666666667,590.8616666666667
2025-12-24,LEXORAA,INE185D01015,BSE,12.96,0.0,0.0,0.039,0.0,0.0,0.0,0.0,0.0,0.0,4.130999999999999,4.130999999999999,4.130999999999999
2025-12-26,FILATFASH,INE185E01021,NSE,0.35,62.49,27622476.7,45660.293450000005,54.914,49.074285714285715,49.074285714285715,14786563.552000001,12346841.795714287,12346841.795714287,28586.67497,25677.11430428571,25677.11430428571
2025-12-26,CELEBRITY,INE185H01016,NSE,8.79,76.77,268244.43,354.15393,70.952,73.48857142857142,73.48857142857142,210147.21800000002,212326.72,212326.72,294.56843200000003,286.55451428571433,286.55451428571433
2025-12-24,ARNOLD,INE185K01036,BSE,15.21,0.0,0.0,2320.528,0.0,0.0,0.0,0.0,0.0,0.0,677.494,677.494,677.494
2025-12-24,KCDGROUP,INE185U01035,BSE,8.03,0.0,0.0,660.861,0.0,0.0,0.0,0.0,0.0,0.0,208.732,208.732,208.732
2025-12-26,GUJALKALI,INE186A01019,NSE,501.9,71.24,8646231.299999999,12203.470599999999,58.062,57.54571428571428,57.54571428571428,4867664.9799999995,4873229.1928571435,4873229.1928571435,8138.715000000001,8283.03405,8283.03405
2025-12-24,MEFCOMCAP,INE186C01023,BSE,13.16,0.0,0.0,1109.558,0.0,0.0,0.0,0.0,0.0,0.0,163.96433333333334,163.96433333333334,163.96433333333334
2025-12-19,VIKALPS,INE186E01011,BSE,36.35,0.0,0.0,0.181,0.0,0.0,0.0,0.0,0.0,0.0,0.181,0.181,0.181
2025-12-26,BASML,INE186H01022,NSE,26.81,64.64,629552.4199999999,976.86306,70.54599999999999,70.18714285714285,70.18714285714285,1292648.3599999999,1202980.9428571428,1202980.9428571428,1816.771314,1702.9976628571428,1702.9976628571428
2025-12-24,OSIAJEE,INE186R01013,BSE,398.2,0.0,0.0,2551.243,0.0,0.0,0.0,0.0,0.0,0.0,3525.5026666666668,3525.5026666666668,3525.5026666666668
2025-12-26,TALBROAUTO,INE187D01029,NSE,276.95,67.59,10164618.9,15212.231800000001,53.418000000000006,53.28714285714286,53.28714285714286,7643971.07,9332891.714285715,9332891.714285715,14126.66,18483.09007142857,18483.09007142857
2025-12-24,CITL,INE187R01029,BSE,1.07,0.0,0.0,123.386,0.0,0.0,0.0,0.0,0.0,0.0,254.46633333333338,254.46633333333338,254.46633333333338
2025-12-26,FACT,INE188A01015,NSE,888.65,23.14,53215027.949999996,231524.00040000002,26.838000000000005,23.641428571428573,23.641428571428573,38064092.33,69995307.8357143,69995307.8357143,159055.65618,856911.8494785714,856911.8494785714
2025-12-26,IGARASHI,INE188B01013,NSE,441.75,44.18,5424690.0,12277.041150000001,47.59,48.03285714285715,48.03285714285715,7065083.26,7526758.5,7526758.5,14815.79632,15728.1183,15728.1183
2025-12-24,WILLIMFI,INE188E01017,BSE,9.92,0.0,0.0,1.071,0.0,0.0,0.0,0.0,0.0,0.0,5.388000000000001,5.388000000000001,5.388000000000001
2025-12-26,VERTOZ,INE188Y01031,NSE,74.12,16.12,2030665.6400000001,12679.61984,32.53,28.81142857142857,28.81142857142857,5647913.908,4891712.3257142855,4891712.3257142855,15815.818708,15707.158925714286,15707.158925714286
2025-12-26,STYRENIX,INE189B01011,NSE,1979.8,61.47,20112788.2,32853.2744,61.906000000000006,59.08857142857143,59.08857142857143,29865742.580000002,26879318.214285713,26879318.214285713,45737.06416,43289.71215714286,43289.71215714286
2025-12-26,NELCAST,INE189I01024,NSE,105.11,55.56,1342254.7,2423.186,51.75599999999999,53.23285714285714,53.23285714285714,3779757.036,3171541.9200000004,3171541.9200000004,7264.453454,6020.057265714286,6020.057265714286
2025-12-26,EBGNG,INE18JU01028,NSE,314.8,45.35,12163242.4,26722.276449999998,43.698,42.705714285714286,42.705714285714286,9273231.83,10837295.457142856,10837295.457142856,21718.00423,26422.62545,26422.62545
2025-12-23,BHAVIK,INE18PB01017,BSE,140.0,0.0,0.0,140.0,0.0,0.0,0.0,0.0,0.0,0.0,140.0,140.0,140.0
2025-12-24,ARISE,INE190D01015,BSE,23.6,0.0,0.0,409.028,0.0,0.0,0.0,0.0,0.0,0.0,71.00099999999999,71.00099999999999,71.00099999999999
2025-12-24,THAKRAL,INE190F01028,BSE,12.36,0.0,0.0,11.043,0.0,0.0,0.0,0.0,0.0,0.0,8.374,8.374,8.374
2025-12-26,SAKUMA,INE190H01024,NSE,2.16,72.67,2696099.04,3709.04303,70.87,72.61,72.61,1811577.7419999999,1829005.9157142856,1829005.9157142856,2566.2796919999996,2544.037664285714,2544.037664285714
2025-12-24,LGT,INE191201016,BSE,80.36,0.0,0.0,2417.172,0.0,0.0,0.0,0.0,0.0,0.0,7027.996,7027.996,7027.996
2025-12-26,ORCHPHARMA,INE191A01027,NSE,762.6,53.74,19597294.8,36354.09665,46.522,45.472857142857144,45.472857142857144,12126753.419999998,12503394.892857144,12503394.892857144,26961.748499999998,28060.662985714287,28060.662985714287
2025-12-26,WELCORP,INE191B01025,NSE,806.9,56.3,75888138.1,135062.14765,49.059999999999995,49.787142857142854,49.787142857142854,157648421.79,156677960.70714286,156677960.70714286,344124.18649999995,331292.3768357142,331292.3768357142
2025-12-26,PVRINOX,INE191H01014,NSE,1000.9,55.48,282495016.9,511780.20780000003,57.95399999999999,59.238571428571426,59.238571428571426,299964685.47999996,287592945.17142856,287592945.17142856,519106.5658000001,486745.4587714286,486745.4587714286
2025-12-24,ALEXANDER,INE191N01012,BSE,10.96,0.0,0.0,73.295,0.0,0.0,0.0,0.0,0.0,0.0,239.337,239.337,239.337
2025-12-24,LAKHOTIA,INE191O01010,BSE,80.38,0.0,0.0,195.484,0.0,0.0,0.0,0.0,0.0,0.0,3728.102666666667,3728.102666666667,3728.102666666667
2025-12-24,SHIVAEXPO,INE191V01015,BSE,10.15,0.0,0.0,1168.8,0.0,0.0,0.0,0.0,0.0,0.0,312.06666666666666,312.06666666666666,312.06666666666666
2025-12-26,TATACONSUM,INE192A01025,NSE,1175.7,71.06,269625632.40000004,379549.5061,59.242,58.23714285714285,58.23714285714285,448994226.5,575743568.2142856,575743568.2142856,748124.2355,985044.5913428571,985044.5913428571
2025-12-26,WELSPUNLIV,INE192B01031,NSE,132.57,50.76,60609015.449999996,120052.74768,29.149999999999995,31.958571428571425,31.958571428571425,45234260.028,45030958.272857144,45030958.272857144,163229.573132,149178.89548142857,149178.89548142857
2025-12-24,VASINFRA,INE192C01013,BSE,13.98,0.0,0.0,68.299,0.0,0.0,0.0,0.0,0.0,0.0,132.659,132.659,132.659
2025-12-26,GRMOVER,INE192H01020,NSE,167.55,27.78,115894335.00000001,412008.9338,26.544,23.914285714285715,23.914285714285715,137470424.97,117413967.49285714,117413967.49285714,470896.7273999999,446087.0594642857,446087.0594642857
2025-12-26,DMART,INE192R01011,NSE,3787.4,59.88,556899296.0,931753.6298999999,58.262,55.08,55.08,626430245.4399999,694238310.8857143,694238310.8857143,1067785.1766599999,1352367.3764571429,1352367.3764571429
2025-12-26,AYMSYNTEX,INE193B01039,NSE,162.65,62.27,1663746.85,2679.79448,46.194,56.49285714285714,56.49285714285714,1175848.6539999999,1179163.0042857141,1179163.0042857141,2353.386448,2084.516372857143,2084.516372857143
2025-12-24,DRL,INE193D01019,BSE,17.26,0.0,0.0,65.207,0.0,0.0,0.0,0.0,0.0,0.0,73.58933333333333,73.58933333333333,73.58933333333333
2025-12-26,BAJAJELEC,INE193E01025,NSE,482.5,30.34,4783987.5,15850.401199999998,48.81,55.01857142857143,55.01857142857143,16631451.460000003,19380117.32857143,19380117.32857143,33055.066040000005,34374.06030714286,34374.06030714286
2025-12-24,SHESHAINDS,INE193R01019,BSE,23.99,0.0,0.0,35.606,0.0,0.0,0.0,0.0,0.0,0.0,52.637,52.637,52.637
2025-12-24,ASTAR,INE194D01017,BSE,617.7,0.0,0.0,105.2,0.0,0.0,0.0,0.0,0.0,0.0,128.45166666666668,128.45166666666668,128.45166666666668
2025-12-24,GARGFUR,INE194E01015,BSE,132.25,0.0,0.0,148.166,0.0,0.0,0.0,0.0,0.0,0.0,540.6916666666666,540.6916666666666,540.6916666666666
2025-12-24,GENESIS,INE194N01016,BSE,93.85,0.0,0.0,6.276,0.0,0.0,0.0,0.0,0.0,0.0,104.07166666666667,104.07166666666667,104.07166666666667
2025-12-24,FREDUN,INE194R01017,BSE,1685.45,0.0,0.0,18678.957,0.0,0.0,0.0,0.0,0.0,0.0,17572.379333333334,17572.379333333334,17572.379333333334
2025-12-26,SUPREMEIND,INE195A01028,NSE,3273.1,33.44,93276803.8,281526.5834,59.465999999999994,53.215714285714284,53.215714285714284,315919127.58,404171430.5285714,404171430.5285714,511689.24584,925015.8673,925015.8673
2025-12-24,DHANSAFAL,INE195E01020,BSE,3.44,0.0,0.0,215.384,0.0,0.0,0.0,0.0,0.0,0.0,614.489,614.489,614.489
2025-12-24,SELLWIN,INE195F01027,BSE,8.84,0.0,0.0,12895.48,0.0,0.0,0.0,0.0,0.0,0.0,10385.995333333334,10385.995333333334,10385.995333333334
2025-12-24,ABIRAFN,INE195I01013,BSE,38.87,0.0,0.0,17.054,0.0,0.0,0.0,0.0,0.0,0.0,1.718,1.718,1.718
2025-12-26,PNCINFRA,INE195J01029,NSE,251.91,54.66,26918598.78,49376.147520000006,48.936,50.279999999999994,50.279999999999994,20383579.786,23149127.004285716,23149127.004285716,41439.16597,45685.59472714287,45685.59472714287
2025-12-26,MARICO,INE196A01026,NSE,743.3,62.16,460510771.7,738321.6453,67.3,63.807142857142864,63.807142857142864,616766180.1,591663337.0785714,591663337.0785714,906542.29112,946331.6218285715,946331.6218285715
2025-12-26,WORTHPERI,INE196Y01018,NSE,141.93,44.13,183089.7,411.98539,32.846,35.68571428571429,35.68571428571429,480186.7240000001,619943.9314285715,619943.9314285715,1448.5844519999998,1689.025247142857,1689.025247142857
2025-12-26,JYOTISTRUC,INE197A01024,NSE,9.46,54.24,51475246.68000001,96996.8365,49.75,49.32,49.32,35297074.067999996,42850664.898571424,42850664.898571424,72627.48614200001,88695.26627857143,88695.26627857143
2025-12-24,AXELPOLY,INE197C01012,BSE,50.0,0.0,0.0,93.481,0.0,0.0,0.0,0.0,0.0,0.0,51.708999999999996,51.708999999999996,51.708999999999996
2025-12-26,JINDALPOLY,INE197D01010,NSE,482.25,61.92,8553668.25,13900.484050000001,45.35799999999999,47.882857142857134,47.882857142857134,6988090.06,6138472.814285713,6138472.814285713,16084.10127,13583.810164285713,13583.810164285713
2025-12-26,LPDC,INE197J01017,NSE,7.04,64.72,153936.64,236.76704,75.97,73.32857142857142,73.32857142857142,179415.19,170395.5,170395.5,253.83745400000004,245.97264428571432,245.97264428571432
2025-12-26,EUROPRATIK,INE198501012,NSE,300.4,49.7,10241537.2,20548.76135,51.302,51.892857142857146,51.892857142857146,19194920.580000002,19907229.87142857,19907229.87142857,43689.78739,43479.44343571429,43479.44343571429
2025-12-24,CAMEXLTD,INE198C01010,BSE,33.75,0.0,0.0,34.685,0.0,0.0,0.0,0.0,0.0,0.0,22.791666666666668,22.791666666666668,22.791666666666668
2025-12-26,AAREYDRUGS,INE198H01019,NSE,70.77,46.97,2446943.52,5224.4,69.1,71.70285714285714,71.70285714285714,15617819.044,24151050.804285713,24151050.804285713,20563.767902,30226.64913857143,30226.64913857143
2025-12-24,CDG,INE198N01017,BSE,109.25,0.0,0.0,83.563,0.0,0.0,0.0,0.0,0.0,0.0,675.9873333333334,675.9873333333334,675.9873333333334
2025-12-26,PGHL,INE199A01012,NSE,5644.5,67.6,11142243.0,16465.2885,60.068000000000005,62.10857142857144,62.10857142857144,12604743.6,13835952.214285715,13835952.214285715,21119.2197,22236.865214285714,22236.865214285714
2025-12-26,ADVANIHOTR,INE199C01026,NSE,58.57,68.57,2943962.48,4284.16587,58.59599999999999,58.9942857142857,58.9942857142857,1073692.496,1025569.4714285715,1025569.4714285715,2068.141478,1882.4524157142857,1882.4524157142857
2025-12-24,MARBU,INE199D01016,BSE,52.0,0.0,0.0,111.352,0.0,0.0,0.0,0.0,0.0,0.0,22.991333333333333,22.991333333333333,22.991333333333333
2025-12-24,SUNSHIEL,INE199E01014,BSE,900.0,0.0,0.0,3010.645,0.0,0.0,0.0,0.0,0.0,0.0,3089.815,3089.815,3089.815
2025-12-26,JAGRAN,INE199G01027,NSE,71.23,60.49,2224156.75,3671.36322,64.404,64.96857142857142,64.96857142857142,4123884.826,3500145.847142857,3500145.847142857,6358.478426,5373.674805714285,5373.674805714285
2025-12-26,TENNIND,INE19RI01016,NSE,516.45,39.97,952122571.95,2370442.86235,42.96,45.51285714285715,45.51285714285715,416074662.08000004,407641485.55714285,407641485.55714285,960872.2388999999,896996.1325714283,896996.1325714283
2025-12-24,EARKART,INE1A8F01035,BSE,165.3,0.0,0.0,331.3,0.0,0.0,0.0,0.0,0.0,0.0,520.925,520.925,520.925
2025-12-24,UNIFIED,INE1ABX01018,BSE,355.65,0.0,0.0,11903.1,0.0,0.0,0.0,0.0,0.0,0.0,3724.773333333333,3724.773333333333,3724.773333333333
2025-12-26,GKENERGY,INE1AG301022,NSE,153.86,42.4,27289378.900000002,65123.835,42.208000000000006,40.64857142857143,40.64857142857143,66204333.528,63482545.00571428,63482545.00571428,168175.97494599997,165736.8748742857,165736.8748742857
2025-12-26,ADVANCE,INE1B0W01010,NSE,123.32,43.52,9704914.04,22404.06802,37.39200000000001,43.024285714285725,43.024285714285725,14635143.968,12670738.694285715,12670738.694285715,55176.01216399999,43470.37792142857,43470.37792142857
2025-12-24,ZELIO,INE1B3501014,BSE,465.65,0.0,0.0,41442.85,0.0,0.0,0.0,0.0,0.0,0.0,938.4166666666669,938.4166666666669,938.4166666666669
2025-12-26,SHRINGARMS,INE1B3L01017,NSE,225.78,35.11,40785576.54,116504.58596,31.938,36.06285714285714,36.06285714285714,110533707.71200001,142491785.25428572,142491785.25428572,348558.97978,417117.82922142855,417117.82922142855
2025-12-24,CHTR,INE1B4801017,BSE,75.1,0.0,0.0,1785.54,0.0,0.0,0.0,0.0,0.0,0.0,3638.66,3638.66,3638.66
2025-12-26,SHREEJISPG,INE1B6101010,NSE,345.75,33.24,339486738.75,1017511.1748500001,38.878,42.11285714285714,42.11285714285714,200098298.8,167754488.91428572,167754488.91428572,658386.0358200001,518575.2433285715,518575.2433285715
2025-12-24,LOGICIEL,INE1BA901016,BSE,79.75,0.0,0.0,15913.92,0.0,0.0,0.0,0.0,0.0,0.0,34191.11,34191.11,34191.11
2025-12-26,OMFREIGHT,INE1BZC01019,NSE,97.08,65.49,12570015.48,19388.34999,73.06800000000001,73.60285714285715,73.60285714285715,13398411.866,11057695.327142855,11057695.327142855,17397.105625999997,14341.248838571426,14341.248838571426
2025-12-26,EMMVEE,INE1C6T01020,NSE,183.98,46.92,81336454.11999999,174012.63486000002,33.529999999999994,34.52285714285714,34.52285714285714,140110892.474,147334648.33285716,147334648.33285716,437696.826586,441689.66420428565,441689.66420428565
2025-12-24,LUXURY,INE1CJB01013,BSE,103.13,0.0,0.0,660.032,0.0,0.0,0.0,0.0,0.0,0.0,1742.0906666666667,1742.0906666666667,1742.0906666666667
2025-12-24,RDEL,INE1DKT01011,BSE,53.1,0.0,0.0,2166.48,0.0,0.0,0.0,0.0,0.0,0.0,747.652,747.652,747.652
2025-12-24,CITYSQUARE,INE1DRH01011,BSE,128.6,0.0,0.0,812.32,0.0,0.0,0.0,0.0,0.0,0.0,9241.84,9241.84,9241.84
2025-12-24,HRS,INE1E1V01017,BSE,160.79,0.0,0.0,7717.92,0.0,0.0,0.0,0.0,0.0,0.0,118755.666,118755.666,118755.666
2025-12-24,EXATO,INE1E4401010,BSE,391.3,0.0,0.0,114412.4,0.0,0.0,0.0,0.0,0.0,0.0,298038.93333333335,298038.93333333335,298038.93333333335
2025-12-24,SHLOKKA,INE1EUB01016,BSE,37.06,0.0,0.0,177.888,0.0,0.0,0.0,0.0,0.0,0.0,1369.488,1369.488,1369.488
2025-12-26,JKIPL,INE1FF001016,NSE,90.35,71.84,13833669.2,19493.808559999998,71.494,67.82000000000001,67.82000000000001,17057990.672,14318911.951428574,14318911.951428574,23048.157968000003,19968.99593428572,19968.99593428572
2025-12-24,UNISEM,INE1FHV01026,BSE,61.11,0.0,0.0,1114.9,0.0,0.0,0.0,0.0,0.0,0.0,11941.506666666668,11941.506666666668,11941.506666666668
2025-12-24,HELLOJI,INE1FJE01010,BSE,126.55,0.0,0.0,1794.24,0.0,0.0,0.0,0.0,0.0,0.0,770.0,770.0,770.0
2025-12-24,TRADEUNO,INE1GUJ01014,BSE,159.0,0.0,0.0,3261.12,0.0,0.0,0.0,0.0,0.0,0.0,12957.919999999998,12957.919999999998,12957.919999999998
2025-12-24,WORKMATES,INE1I1301016,BSE,403.55,0.0,0.0,23504.4,0.0,0.0,0.0,0.0,0.0,0.0,66046.83,66046.83,66046.83
2025-12-24,ESSEX,INE1IBY01019,BSE,26.0,0.0,0.0,363.54,0.0,0.0,0.0,0.0,0.0,0.0,252.55333333333337,252.55333333333337,252.55333333333337
2025-12-24,KVTOYS,INE1IE301018,BSE,343.75,0.0,0.0,44991.69,0.0,0.0,0.0,0.0,0.0,0.0,52951.52,52951.52,52951.52
2025-12-24,SOLVEX,INE1IIQ01028,BSE,30.7,0.0,0.0,343.728,0.0,0.0,0.0,0.0,0.0,0.0,411.61066666666665,411.61066666666665,411.61066666666665
2025-12-24,GLOBALLOG,INE1ITY01011,BSE,79.29,0.0,0.0,161309.232,0.0,0.0,0.0,0.0,0.0,0.0,161309.232,161309.232,161309.232
2025-12-23,MEHUL,INE1KH601014,BSE,77.0,0.0,0.0,242.48,0.0,0.0,0.0,0.0,0.0,0.0,370.08,370.08,370.08
2025-12-24,SYSTEMATIC,INE1KLZ01011,BSE,189.0,0.0,0.0,2804.19,0.0,0.0,0.0,0.0,0.0,0.0,1789.5500000000002,1789.5500000000002,1789.5500000000002
2025-12-24,TRUECOLORS,INE1LDV01015,BSE,211.3,0.0,0.0,34568.64,0.0,0.0,0.0,0.0,0.0,0.0,23656.809999999998,23656.809999999998,23656.809999999998
2025-12-24,BDI,INE1LJ801017,BSE,110.5,0.0,0.0,791.34,0.0,0.0,0.0,0.0,0.0,0.0,265.59000000000003,265.59000000000003,265.59000000000003
2025-12-19,WOSAL,INE1MF401019,BSE,49.56,0.0,0.0,99.12,0.0,0.0,0.0,0.0,0.0,0.0,99.12,99.12,99.12
2025-12-26,ENRIN,INE1NPP01017,NSE,2625.1,60.53,775604170.6999999,1281559.4614000001,59.58399999999999,56.67714285714285,56.67714285714285,3840986762.6800003,2943377302.885715,2943377302.885715,6505661.15096,5060302.7323,5060302.7323
2025-12-24,NEPLOG,INE1NQ501012,BSE,86.5,0.0,0.0,259.5,0.0,0.0,0.0,0.0,0.0,0.0,364.2,364.2,364.2
2025-12-24,UML,INE1P1A01018,BSE,68.0,0.0,0.0,1210.2,0.0,0.0,0.0,0.0,0.0,0.0,1297.6933333333334,1297.6933333333334,1297.6933333333334
2025-12-24,MPKSTEELS,INE1PJP01015,BSE,145.0,0.0,0.0,1158.4,0.0,0.0,0.0,0.0,0.0,0.0,3704.48,3704.48,3704.48
2025-12-26,KSR,INE1SPP01016,NSE,14.76,63.07,389678.76,615.38634,70.80799999999999,70.65285714285714,70.65285714285714,2350998.268,1881062.3285714288,1881062.3285714288,5356.187648,4117.5262328571425,4117.5262328571425
2025-12-26,RAYMONDREL,INE1SY401010,NSE,490.95,52.79,23065812.9,43614.698549999994,49.608000000000004,54.64142857142857,54.64142857142857,45483104.019999996,42865713.22142857,42865713.22142857,94319.30648,82840.42939285714,82840.42939285714
2025-12-26,TMCV,INE1TAE01010,NSE,408.65,45.28,1670955955.8999999,3705769.95255,59.040000000000006,59.624285714285726,59.624285714285726,4200943521.2400002,3688738846.857143,3688738846.857143,7032822.46867,6145687.506750001,6145687.506750001
2025-12-24,SSMD,INE1U2R01013,BSE,61.3,0.0,0.0,3746.55,0.0,0.0,0.0,0.0,0.0,0.0,4585.083333333333,4585.083333333333,4585.083333333333
2025-12-26,STLNETWORK,INE1VXE01018,NSE,22.19,66.57,17188174.290000003,25760.50719,53.784000000000006,54.501428571428576,54.501428571428576,14470740.372,12343387.78285714,12343387.78285714,31304.306655999993,25950.90401285714,25950.90401285714
2025-12-26,GVT&D,INE200A01026,NSE,3073.1,51.07,369776903.7,729144.319,47.422,51.98142857142857,51.98142857142857,1255324538.8,1055305497.4142857,1055305497.4142857,3173573.6272,2522020.9612285714,2522020.9612285714
2025-12-24,MMWL,INE200D01020,BSE,10.03,0.0,0.0,366.486,0.0,0.0,0.0,0.0,0.0,0.0,210.0043333333333,210.0043333333333,210.0043333333333
2025-12-26,VBL,INE200M01039,NSE,482.85,62.72,1754511765.3000002,2777683.4388,51.658,50.66142857142857,50.66142857142857,1433740754.4799998,1272677264.242857,1272677264.242857,2614480.49503,2389013.148614286,2389013.148614286
2025-12-23,GCMCOMM,INE200P01016,BSE,5.02,0.0,0.0,60.24,0.0,0.0,0.0,0.0,0.0,0.0,60.24,60.24,60.24
2025-12-26,MANALIPETC,INE201A01024,NSE,60.34,47.48,2663890.3200000003,5640.07101,49.104,50.388571428571424,50.388571428571424,4217206.756,4139257.9200000004,4139257.9200000004,8872.947834,8454.51619,8454.51619
2025-12-24,MAJESAUT,INE201B01022,BSE,331.8,0.0,0.0,104.699,0.0,0.0,0.0,0.0,0.0,0.0,148.352,148.352,148.352
2025-12-24,RFSL,INE201C01012,BSE,34.61,0.0,0.0,200.481,0.0,0.0,0.0,0.0,0.0,0.0,21.510666666666665,21.510666666666665,21.510666666666665
2025-12-24,LGBFORGE,INE201J01017,BSE,8.05,0.0,0.0,1342.712,0.0,0.0,0.0,0.0,0.0,0.0,3418.4509999999996,3418.4509999999996,3418.4509999999996
2025-12-26,EXPLEOSOL,INE201K01015,NSE,991.9,75.24,11309643.799999999,15108.883800000001,63.971999999999994,64.57571428571428,64.57571428571428,8435410.580000002,9115230.257142859,9115230.257142859,12723.8787,13574.577871428572,13574.577871428572
2025-12-26,CLEDUCATE,INE201M01029,NSE,84.45,71.69,1975201.05,2775.5988700000003,64.186,65.53428571428572,65.53428571428572,1918253.6800000002,1761266.3014285713,1761266.3014285713,2919.484566,2642.0642000000003,2642.0642000000003
2025-12-26,GRINFRA,INE201P01022,NSE,1013.7,53.65,5636172.0,10523.3987,61.152,63.35857142857143,63.35857142857143,32318071.380000003,25483374.92857143,25483374.92857143,44032.486020000004,35010.092442857145,35010.092442857145
2025-12-26,PIRAMALFIN,INE202B01038,NSE,1631.6,48.84,94822065.6,195093.83740000002,54.910000000000004,50.61571428571428,50.61571428571428,393036840.79999995,317387523.18571424,317387523.18571424,693408.3191,592323.8875571428,592323.8875571428
2025-12-26,IREDA,INE202E01016,NSE,140.99,32.7,1015931783.99,3123669.81702,33.396,34.998571428571424,34.998571428571424,285988438.51799995,252790330.44428566,252790330.44428566,899875.657928,767863.4560157143,767863.4560157143
2025-12-24,880IREDA29,INE202E07138,BSE,1174.99,0.0,0.0,1.174,0.0,0.0,0.0,0.0,0.0,0.0,60.22366666666665,60.22366666666665,60.22366666666665
2025-12-24,753IREDA26,INE202E07211,BSE,1067.0,0.0,0.0,214.668,0.0,0.0,0.0,0.0,0.0,0.0,96.9925,96.9925,96.9925
2025-12-24,768IREDA36,INE202E07237,BSE,1231.0,0.0,0.0,6.155,0.0,0.0,0.0,0.0,0.0,0.0,6.155,6.155,6.155
2025-12-26,KERNEX,INE202H01019,NSE,1241.1,35.35,73322946.89999999,211708.95630000002,34.995999999999995,37.50571428571429,37.50571428571429,133527761.4,104101250.11428572,104101250.11428572,417315.9757,317945.55255714286,317945.55255714286
2025-12-24,ARCFIN,INE202R01026,BSE,0.7,0.0,0.0,775.997,0.0,0.0,0.0,0.0,0.0,0.0,1978.691,1978.691,1978.691
2025-12-26,TSFINV,INE202Z01029,NSE,468.1,87.66,53633025.6,61376.20635,56.614,56.472857142857144,56.472857142857144,13996519.16,12626245.507142857,12626245.507142857,24797.04687,22397.001792857143,22397.001792857143
2025-12-26,ASTRAZEN,INE203A01020,NSE,8879.0,63.6,148820919.0,235282.8025,52.736000000000004,50.50571428571429,50.50571428571429,19461526.8,16181548.5,16181548.5,35191.9102,30009.38657142857,30009.38657142857
2025-12-24,VICTMILL,INE203D01016,BSE,5780.0,0.0,0.0,1726.676,0.0,0.0,0.0,0.0,0.0,0.0,154.75633333333334,154.75633333333334,154.75633333333334
2025-12-26,IGL,INE203G01027,NSE,193.53,43.6,56808989.73,130263.31893000001,41.176,39.79857142857143,39.79857142857143,198451567.986,278905693.10714287,278905693.10714287,583344.0056160002,1446645.0863528573,1446645.0863528573
2025-12-24,SHYMINV,INE203N01015,BSE,12.36,0.0,0.0,6112.482,0.0,0.0,0.0,0.0,0.0,0.0,1295.5486666666666,1295.5486666666666,1295.5486666666666
2025-12-24,UNIAUTO,INE203T01012,BSE,63.05,0.0,0.0,320.398,0.0,0.0,0.0,0.0,0.0,0.0,262.899,262.899,262.899
2025-12-26,IGPL,INE204A01010,NSE,392.65,56.36,2687689.25,4756.42655,54.302,54.824285714285715,54.824285714285715,4357404.02,3890435.514285714,3890435.514285714,10898.01863,9148.676142857143,9148.676142857143
2025-12-24,SHRIDINE,INE204C01024,BSE,236.05,0.0,0.0,85.508,0.0,0.0,0.0,0.0,0.0,0.0,70.81166666666667,70.81166666666667,70.81166666666667
2025-12-24,VENLONENT,INE204D01022,BSE,6.93,0.0,0.0,13.619,0.0,0.0,0.0,0.0,0.0,0.0,5.195,5.195,5.195
2025-12-26,AGARIND,INE204E01012,NSE,732.35,59.18,4408747.0,7480.1218499999995,49.206,48.03142857142858,48.03142857142858,9441093.36,8922722.557142857,8922722.557142857,20918.65709,19930.69648571429,19930.69648571429
2025-12-24,LOOKS,INE204N01013,BSE,6.15,0.0,0.0,974.351,0.0,0.0,0.0,0.0,0.0,0.0,409.0643333333333,409.0643333333333,409.0643333333333
2025-12-24,LELAVOIR,INE204S01012,BSE,208.0,0.0,0.0,487.246,0.0,0.0,0.0,0.0,0.0,0.0,558.8863333333333,558.8863333333333,558.8863333333333
2025-12-24,SBRANDS,INE204Y01010,BSE,12.99,0.0,0.0,25.99,0.0,0.0,0.0,0.0,0.0,0.0,12.93,12.93,12.93
2025-12-26,VEDL,INE205A01025,NSE,600.95,45.39,3305586771.9,7299362.1851,49.711999999999996,46.464285714285715,46.464285714285715,4117990687.4199996,4948151801.685715,4948151801.685715,8351618.79165,11169375.904792858,11169375.904792858
2025-12-26,ELECON,INE205B01031,NSE,478.5,50.31,36728224.5,73451.68490000001,53.28399999999999,54.724285714285706,54.724285714285706,51531265.08,46849856.64285714,46849856.64285714,96250.37090999998,86063.69424999999,86063.69424999999
2025-12-26,POLYMED,INE205C01021,NSE,1756.8,51.71,111857212.8,216542.4582,54.1,54.645714285714284,54.645714285714284,89662811.55999999,76545026.49999999,76545026.49999999,165073.05907999998,139387.6686142857,139387.6686142857
2025-12-24,STLSTRINF,INE205F01016,BSE,24.2,0.0,0.0,58.211,0.0,0.0,0.0,0.0,0.0,0.0,29.41433333333333,29.41433333333333,29.41433333333333
2025-12-26,ZODIACLOTH,INE206B01013,NSE,87.09,69.34,243068.19,351.54970000000003,69.89399999999999,65.92857142857143,65.92857142857143,179419.952,245488.67142857143,245488.67142857143,262.649222,387.87048571428573,387.87048571428573
2025-12-24,PRATIK,INE206C01029,BSE,7.47,0.0,0.0,478.669,0.0,0.0,0.0,0.0,0.0,0.0,476.3243333333333,476.3243333333333,476.3243333333333
2025-12-26,AIIL,INE206F01022,NSE,2883.3,41.37,49488961.2,120448.8077,41.798,43.68571428571429,43.68571428571429,199228306.90000004,210523048.9857143,210523048.9857143,437975.40472,470989.03500000003,470989.03500000003
2025-12-26,RELTD,INE206N01018,NSE,166.61,54.99,10955607.16,19990.01283,54.879999999999995,48.83142857142857,48.83142857142857,11996395.03,11184883.412857143,11184883.412857143,21482.162542000002,22644.31503142857,22644.31503142857
2025-12-24,SUNRETAIL,INE206Z01020,BSE,0.45,0.0,0.0,674.88,0.0,0.0,0.0,0.0,0.0,0.0,38.879999999999995,38.879999999999995,38.879999999999995
2025-12-24,SHARP,INE207B01011,BSE,39.13,0.0,0.0,210.014,0.0,0.0,0.0,0.0,0.0,0.0,24.996,24.996,24.996
2025-12-24,ADINATH,INE207C01019,BSE,21.67,0.0,0.0,11.666,0.0,0.0,0.0,0.0,0.0,0.0,10.214333333333334,10.214333333333334,10.214333333333334
2025-12-26,RAMRAT,INE207E01023,NSE,320.45,49.14,15147030.6,31000.338050000002,60.28599999999999,61.289999999999985,61.289999999999985,20412941.04,15516632.385714287,15516632.385714287,39257.10564000001,29487.039800000002,29487.039800000002
2025-12-24,GNRL,INE207H01018,BSE,89.96,0.0,0.0,11665.577,0.0,0.0,0.0,0.0,0.0,0.0,8578.547333333334,8578.547333333334,8578.547333333334
2025-12-26,ASHOKLEY,INE208A01029,NSE,174.68,43.42,431246315.72,991916.23034,44.178,46.684285714285714,46.684285714285714,1149857017.574,1140679075.26,1140679075.26,2555628.078948,2425320.676731429,2425320.676731429
2025-12-26,AEGISLOG,INE208C01025,NSE,720.8,47.31,40260284.0,85437.01715,52.342,52.34285714285714,52.34285714285714,45972498.09,47717887.135714285,47717887.135714285,87476.30664000001,90643.25697857144,90643.25697857144
2025-12-24,OCTAWARE,INE208U01019,BSE,58.05,0.0,0.0,185.76,0.0,0.0,0.0,0.0,0.0,0.0,84.448,84.448,84.448
2025-12-26,SUNDROP,INE209A01019,NSE,692.05,68.5,6528107.649999999,9512.11775,69.854,68.99714285714286,68.99714285714286,8160909.3,6393856.764285714,6393856.764285714,10783.40228,8532.584464285716,8532.584464285716
2025-12-26,RICOAUTO,INE209B01025,NSE,136.96,9.71,561050065.9200001,5747055.33123,18.449999999999996,18.15,18.15,192805939.394,193931293.80714288,193931293.80714288,1489471.164862,1398659.8253942856,1398659.8253942856
2025-12-24,ALFATRAN,INE209C01015,BSE,37.12,0.0,0.0,837.895,0.0,0.0,0.0,0.0,0.0,0.0,619.5756666666667,619.5756666666667,619.5756666666667
2025-12-26,JWL,INE209L01016,NSE,347.55,8.31,921507624.45,11119436.97515,18.198,26.50714285714286,26.50714285714286,1046205756.2199999,763328030.3285713,763328030.3285713,17010516.733090002,12184443.739314286,12184443.739314286
2025-12-26,WILLAMAGOR,INE210A01017,NSE,29.1,83.3,74728.8,89.22964999999999,73.262,73.76285714285714,73.76285714285714,138111.748,373249.21428571426,373249.21428571426,183.312196,534.4603557142857,534.4603557142857
2025-12-26,AROGRANITE,INE210C01013,NSE,31.38,35.11,76912.38,218.01403,69.016,68.74428571428572,68.74428571428572,290705.46799999994,301227.6642857142,301227.6642857142,451.00891599999994,465.8426528571428,465.8426528571428
2025-12-24,SWATIPRO,INE210F01016,BSE,32.88,0.0,0.0,590.827,0.0,0.0,0.0,0.0,0.0,0.0,346.541,346.541,346.541
2025-12-24,UNISHIRE,INE210P01015,BSE,1.72,0.0,0.0,68.4,0.0,0.0,0.0,0.0,0.0,0.0,87.80000000000001,87.80000000000001,87.80000000000001
2025-12-26,PHOENIXLTD,INE211B01039,NSE,1850.4,31.15,54485028.0,175392.7355,63.656000000000006,65.08714285714287,65.08714285714287,430459164.41999996,468060264.5857143,468060264.5857143,675108.7308799999,716208.2595571429,716208.2595571429
2025-12-24,ALFL,INE211D01027,BSE,1.16,0.0,0.0,17.107,0.0,0.0,0.0,0.0,0.0,0.0,10.066,10.066,10.066
2025-12-26,POWERMECH,INE211R01019,NSE,2343.4,50.64,28195788.8,55882.6846,48.696000000000005,48.17000000000001,48.17000000000001,48553294.86,52216618.64285714,52216618.64285714,98077.88837999999,107711.96767142856,107711.96767142856
2025-12-24,LIBORDFIN,INE212B01011,BSE,19.7,0.0,0.0,37.689,0.0,0.0,0.0,0.0,0.0,0.0,51.41866666666667,51.41866666666667,51.41866666666667
2025-12-26,AIAENG,INE212H01026,NSE,3884.3,43.95,55428961.0,126889.1081,47.352,44.58857142857143,44.58857142857143,148899094.4,122365068.12857142,122365068.12857142,283728.09806000005,245070.6396714286,245070.6396714286
2025-12-26,SPAL,INE212I01016,NSE,698.65,60.1,13894751.2,23106.038,51.35799999999999,52.1,52.1,10487654.53,18753123.692857143,18753123.692857143,20137.34862,33997.71860714286,33997.71860714286
2025-12-24,CHEMTECH,INE212P01011,BSE,79.38,0.0,0.0,497.187,0.0,0.0,0.0,0.0,0.0,0.0,770.0853333333333,770.0853333333333,770.0853333333333
2025-12-26,ONGC,INE213A01029,NSE,234.53,55.42,482355505.7,869844.46689,59.989999999999995,58.90857142857143,58.90857142857143,659129706.79,717062365.4185715,717062365.4185715,1103505.1356040002,1222518.7542085717,1222518.7542085717
2025-12-24,ODYSSEY,INE213B01019,BSE,65.91,0.0,0.0,186.565,0.0,0.0,0.0,0.0,0.0,0.0,255.9623333333333,255.9623333333333,255.9623333333333
2025-12-26,BANCOINDIA,INE213C01025,NSE,690.2,48.25,43604765.400000006,90589.3374,33.63,33.60714285714286,33.60714285714286,46456435.669999994,44211108.75,44211108.75,138382.94601,131644.10387142858,131644.10387142858
2025-12-24,BEEKAY,INE213D01015,BSE,439.15,0.0,0.0,532.059,0.0,0.0,0.0,0.0,0.0,0.0,505.5563333333334,505.5563333333334,505.5563333333334
2025-12-24,TRANSFD,INE213P01027,BSE,420.0,0.0,0.0,201.496,0.0,0.0,0.0,0.0,0.0,0.0,127.58033333333333,127.58033333333333,127.58033333333333
2025-12-24,LAHL,INE213U01019,BSE,7.33,0.0,0.0,6.666,0.0,0.0,0.0,0.0,0.0,0.0,0.7125,0.7125,0.7125
2025-12-24,KARNAWATI,INE214D01021,BSE,2.1,0.0,0.0,520.694,0.0,0.0,0.0,0.0,0.0,0.0,263.89899999999994,263.89899999999994,263.89899999999994
2025-12-24,GRAVISSHO,INE214F01026,BSE,35.4,0.0,0.0,148.242,0.0,0.0,0.0,0.0,0.0,0.0,81.33966666666667,81.33966666666667,81.33966666666667
2025-12-26,LTIM,INE214T01019,NSE,6035.5,44.48,305148844.5,691119.577,49.908,51.895714285714284,51.895714285714284,937804505.8,981936047.2857143,981936047.2857143,1885537.6824,1885487.4212857145,1885487.4212857145
2025-12-26,ORCHASP,INE215B01022,NSE,2.96,86.36,680148.8,785.60883,77.86600000000001,79.30857142857144,79.30857142857144,604496.2100000002,529980.0742857144,529980.0742857144,774.495664,673.1127514285714,673.1127514285714
2025-12-26,MAHEPC,INE215D01010,NSE,127.42,49.08,1107916.9,2255.00154,58.37600000000001,58.30142857142858,58.30142857142858,881642.248,782466.5642857143,782466.5642857143,1580.53118,1407.7471757142855,1407.7471757142855
2025-12-26,WIPL,INE215F01023,NSE,149.9,98.16,224250.4,228.5069,78.60799999999999,79.95571428571428,79.95571428571428,1204059.37,921722.792857143,921722.792857143,1655.8377960000003,1256.0708157142858,1256.0708157142858
2025-12-22,MAANALU,INE215I01027,NSE,170.98,32.72,32229729.999999996,100265.62625,25.405,25.405,25.405,38832392.63,38832392.63,38832392.63,181316.60864,181316.60864,181316.60864
2025-12-26,BRITANNIA,INE216A01030,NSE,6032.5,49.71,197908227.5,398637.202,58.144000000000005,56.83142857142857,56.83142857142857,643757224.4,733094901.1428572,733094901.1428572,1091786.1589,1287240.4169285714,1287240.4169285714
2025-12-24,YASHMGM,INE216B01012,BSE,9.0,0.0,0.0,179.384,0.0,0.0,0.0,0.0,0.0,0.0,62.742333333333335,62.742333333333335,62.742333333333335
2025-12-24,CALCOM,INE216C01010,BSE,126.45,0.0,0.0,343.427,0.0,0.0,0.0,0.0,0.0,0.0,2476.037333333333,2476.037333333333,2476.037333333333
2025-12-24,NEOINFRA,INE216I01017,BSE,35.43,0.0,0.0,60.998,0.0,0.0,0.0,0.0,0.0,0.0,80.03466666666667,80.03466666666667,80.03466666666667
2025-12-26,AAVAS,INE216P01012,NSE,1480.3,50.92,74891337.6,148196.61440000002,57.715999999999994,59.652857142857144,59.652857142857144,173369458.14,250327586.45714283,250327586.45714283,288822.12854,390028.7782857143,390028.7782857143
2025-12-24,MNIL,INE216Q01010,BSE,38.99,0.0,0.0,43.908,0.0,0.0,0.0,0.0,0.0,0.0,979.361,979.361,979.361
2025-12-26,ZUARIIND,INE217A01012,NSE,311.35,54.57,8973729.700000001,16524.847449999997,45.178000000000004,42.604285714285716,42.604285714285716,11899098.39,12247822.921428572,12247822.921428572,26457.380960000002,29570.13438571429,29570.13438571429
2025-12-26,KAJARIACER,INE217B01036,NSE,974.5,59.99,297600606.0,495303.3959,67.20200000000001,62.59000000000001,62.59000000000001,338395213.47999996,259538277.1428571,259538277.1428571,512713.56364,402700.4361142857,402700.4361142857
2025-12-24,BAZELINTER,INE217E01014,BSE,68.47,0.0,0.0,1927.793,0.0,0.0,0.0,0.0,0.0,0.0,58.47133333333334,58.47133333333334,58.47133333333334
2025-12-26,SHRIRAMPPS,INE217L01019,NSE,84.39,57.65,13230073.47,23034.57026,56.876,57.38428571428572,57.38428571428572,12550548.088,11703263.827142855,11703263.827142855,22016.80848,20392.454999999998,20392.454999999998
2025-12-19,APOORVA,INE217S01014,BSE,31.96,0.0,0.0,0.191,0.0,0.0,0.0,0.0,0.0,0.0,0.353,0.353,0.353
2025-12-26,AUSOMENT,INE218C01016,NSE,111.83,59.93,117421.5,197.63776000000001,52.65599999999999,48.32714285714286,48.32714285714286,522815.336,544099.5914285714,544099.5914285714,1071.493514,1218.12384,1218.12384
2025-12-26,PALREDTEC,INE218G01033,NSE,39.25,80.17,278910.5,343.68965999999995,76.91199999999999,80.31285714285714,80.31285714285714,366168.858,348299.76000000007,348299.76000000007,500.288608,456.82442142857144,456.82442142857144
2025-12-26,CRAMC,INE218I01013,NSE,307.95,66.27,166074663.45,249958.8954,30.413999999999998,33.54,33.54,113998247.72999999,94463654.29285714,94463654.29285714,501725.81632000004,391255.9496785714,391255.9496785714
2025-12-24,ZR2,INE218N01021,BSE,284.9,0.0,0.0,17.057,0.0,0.0,0.0,0.0,0.0,0.0,21.57166666666667,21.57166666666667,21.57166666666667
2025-12-24,ATVOENT,INE219M01021,BSE,14.36,0.0,0.0,263.404,0.0,0.0,0.0,0.0,0.0,0.0,533.601,533.601,533.601
2025-12-24,MODINSU,INE219W01012,BSE,186.75,0.0,0.0,16953.361,0.0,0.0,0.0,0.0,0.0,0.0,7464.155999999999,7464.155999999999,7464.155999999999
2025-12-26,RMDRIP,INE219Y01026,NSE,79.78,92.99,101290124.04,107983.69948000001,60.11,64.30571428571429,64.30571428571429,5589852.234,9922269.091428572,9922269.091428572,11042.771856000001,15475.709914285715,15475.709914285715
2025-12-26,KPIL,INE220B01022,NSE,1196.1,46.0,28898972.099999998,62892.9942,60.052,61.89,61.89,136492200.28,124316457.67142858,124316457.67142858,214912.54320000001,194489.6054857143,194489.6054857143
2025-12-24,DHANROTO,INE220C01012,BSE,92.19,0.0,0.0,196.751,0.0,0.0,0.0,0.0,0.0,0.0,138.81466666666665,138.81466666666665,138.81466666666665
2025-12-26,JSL,INE220G01021,NSE,792.05,48.99,65176210.4,133428.8945,52.529999999999994,52.92285714285714,52.92285714285714,143309955.11999997,150907553.85714287,150907553.85714287,270655.77095,279513.9949142857,279513.9949142857
2025-12-26,MUFTI,INE220Q01020,NSE,99.68,62.36,4013714.8800000004,6475.92395,52.0,53.285714285714285,53.285714285714285,3580043.55,3389721.6271428573,3389721.6271428573,6883.641394,6393.798267142856,6393.798267142856
2025-12-24,SHINDL,INE220Z01013,BSE,137.35,0.0,0.0,19457.767,0.0,0.0,0.0,0.0,0.0,0.0,21427.244333333332,21427.244333333332,21427.244333333332
2025-12-26,DYNAMATECH,INE221B01012,NSE,9579.0,19.92,108673755.0,552902.8685,29.197999999999997,29.667142857142856,29.667142857142856,82997377.0,82786114.85714285,82786114.85714285,282458.84770000004,276399.92135714286,276399.92135714286
2025-12-26,GTLINFRA,INE221H01019,NSE,1.2,47.0,26489955.599999998,56631.43258,43.464000000000006,43.16571428571429,43.16571428571429,33403523.847999997,26493445.40142857,26493445.40142857,84771.154344,67364.11623571427,67364.11623571427
2025-12-26,SHARDACROP,INE221J01015,NSE,857.6,46.16,43397990.4,94722.45890000001,45.257999999999996,45.51571428571429,45.51571428571429,55024917.15999999,76852685.25714286,76852685.25714286,119841.79146000001,168533.94096428572,168533.94096428572
2025-12-24,CEMAINFRA,INE222B01028,BSE,4.12,0.0,0.0,0.828,0.0,0.0,0.0,0.0,0.0,0.0,1.434,1.434,1.434
2025-12-24,VTMLTD,INE222F01029,BSE,70.76,0.0,0.0,1263.864,0.0,0.0,0.0,0.0,0.0,0.0,777.7283333333335,777.7283333333335,777.7283333333335
2025-12-17,GOLDENCREST,INE222U01010,BSE,323.0,0.0,0.0,3.876,0.0,0.0,0.0,0.0,0.0,0.0,3.876,3.876,3.876
2025-12-24,NAPL,INE223R01014,BSE,251.0,0.0,0.0,117.145,0.0,0.0,0.0,0.0,0.0,0.0,308.23466666666667,308.23466666666667,308.23466666666667
2025-12-26,GREAVESCOT,INE224A01026,NSE,188.45,43.04,53243343.849999994,124280.87783,34.056,38.77285714285715,38.77285714285715,63811640.279999994,61910777.309999995,61910777.309999995,187500.380144,166510.21423,166510.21423
2025-12-23,INANISEC,INE224C01014,BSE,25.0,0.0,0.0,12.636,0.0,0.0,0.0,0.0,0.0,0.0,54.708,54.708,54.708
2025-12-24,SUNILAGR,INE224D01012,BSE,88.99,0.0,0.0,0.444,0.0,0.0,0.0,0.0,0.0,0.0,3.948,3.948,3.948
2025-12-26,GATECH,INE224E01028,NSE,0.55,47.66,2147550.9000000004,4540.38525,54.248000000000005,52.05714285714286,52.05714285714286,3605820.104,2953090.024285714,2953090.024285714,6710.49081,5614.708670000001,5614.708670000001
2025-12-26,GATECHDVR,INE224E01036,NSE,0.51,77.33,332059.98,430.40136,70.176,67.72142857142858,67.72142857142858,314303.212,290793.8028571429,290793.8028571429,452.84059399999995,429.8166028571428,429.8166028571428
2025-12-24,FERMENTA,INE225B01021,BSE,352.5,0.0,0.0,17771.035,0.0,0.0,0.0,0.0,0.0,0.0,20773.572,20773.572,20773.572
2025-12-26,SYMPHONY,INE225D01027,NSE,861.4,58.78,42910641.0,72409.40425,63.552,63.682857142857145,63.682857142857145,50565541.83,39827510.41428571,39827510.41428571,83351.32874,65313.792499999996,65313.792499999996
2025-12-24,GOWRALE,INE225G01012,BSE,105.1,0.0,0.0,125.074,0.0,0.0,0.0,0.0,0.0,0.0,87.471,87.471,87.471
2025-12-26,VOLTAS,INE226A01021,NSE,1381.1,33.29,129428405.39999999,391700.5898,40.382,44.26857142857143,44.26857142857143,363491047.8,393467256.9285714,393467256.9285714,845280.2166000002,848080.6219,848080.6219
2025-12-23,SADBHAV,INE226H01026,NSE,13.49,57.17,10738053.49,19025.907320000002,68.85400000000001,68.85400000000001,68.85400000000001,8902012.610000001,8902012.610000001,8902012.610000001,14176.806284,14176.806284,14176.806284
2025-12-24,HINDALUMI,INE227B01019,BSE,65.74,0.0,0.0,388.959,0.0,0.0,0.0,0.0,0.0,0.0,265.12399999999997,265.12399999999997,265.12399999999997
2025-12-26,MMFL,INE227C01017,NSE,357.8,46.52,7271927.2,15921.13565,49.33200000000001,45.722857142857144,45.722857142857144,12434809.790000001,17664562.164285712,17664562.164285712,25018.059740000004,56294.61342857143,56294.61342857143
2025-12-24,MKEXIM,INE227F01010,BSE,57.32,0.0,0.0,1655.494,0.0,0.0,0.0,0.0,0.0,0.0,966.7389999999999,966.7389999999999,966.7389999999999
2025-12-26,INDOWIND,INE227G01018,NSE,14.14,50.14,4787846.42,9605.260119999999,32.256,39.57857142857143,39.57857142857143,4775664.586,4077033.0500000003,4077033.0500000003,19506.642765999997,15093.630545714286,15093.630545714286
2025-12-26,KALPATARU,INE227J01012,NSE,344.4,24.25,9722756.399999999,39485.49,64.254,66.13142857142859,66.13142857142859,7469653.6899999995,10968823.064285714,10968823.064285714,11713.28519,15639.693135714288,15639.693135714288
2025-12-26,CLEAN,INE227W01023,NSE,879.8,62.31,118413161.8,191408.93465,46.686,46.69714285714286,46.69714285714286,71659120.25999999,64123270.61428571,64123270.61428571,161132.1966,143011.32919285714,143011.32919285714
2025-12-26,USHAMART,INE228A01035,NSE,442.85,44.12,82405528.0,188109.55680000002,45.812,46.05285714285714,46.05285714285714,91011466.94,87785791.5142857,87785791.5142857,198112.51221000002,188859.64351428574,188859.64351428574
2025-12-26,ASAHISONG,INE228I01012,NSE,270.7,71.06,2022670.4,2895.40695,60.831999999999994,54.949999999999996,54.949999999999996,4595680.73,11079379.62142857,11079379.62142857,8066.44252,26630.36242857143,26630.36242857143
2025-12-26,ONWARDTEC,INE229A01017,NSE,274.95,73.14,3114908.55,4246.17515,62.001999999999995,65.03285714285714,65.03285714285714,4344080.4399999995,4900773.6714285705,4900773.6714285705,7001.47617,7452.801621428573,7452.801621428573
2025-12-26,SAGCEM,INE229C01021,NSE,210.65,71.77,10395998.8,14511.87274,73.87,73.22714285714287,73.22714285714287,7078348.736,6582200.714285715,6582200.714285715,9257.923688,8751.969818571428,8751.969818571428
2025-12-24,RRFIN,INE229D01011,BSE,137.6,0.0,0.0,321.984,0.0,0.0,0.0,0.0,0.0,0.0,3202.06,3202.06,3202.06
2025-12-24,KACL,INE229G01022,BSE,4.7,0.0,0.0,67.69,0.0,0.0,0.0,0.0,0.0,0.0,151.06733333333332,151.06733333333332,151.06733333333332
2025-12-26,NITINSPIN,INE229H01012,NSE,317.65,62.45,8692809.899999999,13925.395199999999,69.004,70.88285714285715,70.88285714285715,7210748.460000001,8460867.314285714,8460867.314285714,10513.59063,11864.126307142857,11864.126307142857
2025-12-24,NEWTRAC,INE229N01010,BSE,5.92,0.0,0.0,47.591,0.0,0.0,0.0,0.0,0.0,0.0,56.49066666666667,56.49066666666667,56.49066666666667
2025-12-24,ARYACAPM,INE229R01011,BSE,476.4,0.0,0.0,125.719,0.0,0.0,0.0,0.0,0.0,0.0,66.03866666666666,66.03866666666666,66.03866666666666
2025-12-26,EIHOTEL,INE230A01023,NSE,367.1,48.48,13628220.4,28031.607399999997,54.194,54.16857142857144,54.16857142857144,98412764.88000001,74668199.51428571,74668199.51428571,117341.59716,91679.74959285713,91679.74959285713
2025-12-26,CREATIVEYE,INE230B01021,NSE,7.06,66.46,296315.26,456.62438000000003,73.158,72.9857142857143,72.9857142857143,163209.68600000002,137056.75,137056.75,259.186042,212.71596857142853,212.71596857142853
2025-12-24,RAINBOWF,INE230F01014,BSE,49.0,0.0,0.0,369.13,0.0,0.0,0.0,0.0,0.0,0.0,608.0933333333334,608.0933333333334,608.0933333333334
2025-12-24,HAWAENG,INE230I01018,BSE,99.65,0.0,0.0,43.651,0.0,0.0,0.0,0.0,0.0,0.0,72.52766666666666,72.52766666666666,72.52766666666666
2025-12-26,RAMASTEEL,INE230R01035,NSE,9.44,69.6,22056616.64,31792.56521,52.632000000000005,53.614285714285714,53.614285714285714,48204153.918,48611723.75714285,48611723.75714285,94401.816806,92422.03068285715,92422.03068285715
2025-12-26,SHREYANIND,INE231C01019,NSE,173.69,80.43,221281.06,276.11258000000004,85.1,87.6657142857143,87.6657142857143,557943.732,580158.0771428571,580158.0771428571,675.2920019999999,677.3881085714285,677.3881085714285
2025-12-26,SASKEN,INE231F01020,NSE,1572.7,17.28,55983401.9,316439.3076,30.387999999999998,36.73714285714285,36.73714285714285,45044177.44,36332327.17142857,36332327.17142857,395514.65556,290700.4894285714,290700.4894285714
2025-12-26,ORBTEXP,INE231G01010,NSE,194.58,67.39,2390804.46,3478.6525899999997,54.306,50.991428571428564,50.991428571428564,750664.7,1024442.25,1024442.25,1572.417698,3845.3768400000004,3845.3768400000004
2025-12-26,SHREDIGCEM,INE232A01011,NSE,90.11,92.48,27860750.46,30123.97057,62.538,65.69857142857143,65.69857142857143,24605117.278,28315396.778571427,28315396.778571427,35782.779724,40633.68491571428,40633.68491571428
2025-12-24,VELJAN,INE232E01013,BSE,1195.0,0.0,0.0,56.098,0.0,0.0,0.0,0.0,0.0,0.0,309.911,309.911,309.911
2025-12-26,SPARC,INE232I01014,NSE,134.03,45.97,30841777.330000002,67279.44244,29.796000000000003,32.160000000000004,32.160000000000004,85615499.044,74862192.57571428,74862192.57571428,304465.03414,253902.39198142855,253902.39198142855
2025-12-24,MYMONEY,INE232L01018,BSE,47.91,0.0,0.0,60.193,0.0,0.0,0.0,0.0,0.0,0.0,4.855,4.855,4.855
2025-12-26,GODREJIND,INE233A01035,NSE,1006.2,45.25,18285672.6,40306.861,43.288,43.769999999999996,43.769999999999996,37442066.16,30404693.585714284,30404693.585714284,78697.90316,64469.92019999999,64469.92019999999
2025-12-26,BLUEDART,INE233B01017,NSE,5443.0,39.84,30099790.0,75870.3265,48.326,50.01,50.01,42301559.0,40802148.35714286,40802148.35714286,79247.1642,76091.0325,76091.0325
2025-12-24,PRIMEPRO,INE233C01023,BSE,27.99,0.0,0.0,57.559,0.0,0.0,0.0,0.0,0.0,0.0,18.940333333333335,18.940333333333335,18.940333333333335
2025-12-24,NATPLAS,INE233D01013,BSE,54.04,0.0,0.0,37.961,0.0,0.0,0.0,0.0,0.0,0.0,43.821666666666665,43.821666666666665,43.821666666666665
2025-12-23,SPTRSHI,INE233P01017,BSE,38.1,0.0,0.0,16.376,0.0,0.0,0.0,0.0,0.0,0.0,1.8815,1.8815,1.8815
2025-12-24,NOVARTIND,INE234A01025,BSE,787.25,0.0,0.0,3461.351,0.0,0.0,0.0,0.0,0.0,0.0,3062.506,3062.506,3062.506
2025-12-24,CRANESSOFT,INE234B01023,BSE,4.44,0.0,0.0,156.56,0.0,0.0,0.0,0.0,0.0,0.0,173.88966666666667,173.88966666666667,173.88966666666667
2025-12-24,DJSSS,INE234E01027,BSE,2.59,0.0,0.0,123.588,0.0,0.0,0.0,0.0,0.0,0.0,96.16333333333334,96.16333333333334,96.16333333333334
2025-12-24,TRIOMERC,INE234G01022,BSE,0.71,0.0,0.0,5.371,0.0,0.0,0.0,0.0,0.0,0.0,16.739,16.739,16.739
2025-12-26,KAUSHALYA,INE234I01028,NSE,875.15,57.7,334307.3,584.2304499999999,59.928,66.73571428571428,66.73571428571428,874472.7799999999,934974.3857142857,934974.3857142857,1368.71651,1352.651985714286,1352.651985714286
2025-12-24,ANSINDUS,INE234J01018,BSE,13.67,0.0,0.0,4.401,0.0,0.0,0.0,0.0,0.0,0.0,3.3996666666666666,3.3996666666666666,3.3996666666666666
2025-12-26,FINCABLES,INE235A01022,NSE,767.2,56.23,36330756.0,64949.6967,55.077999999999996,53.38428571428572,53.38428571428572,88960032.95000002,89991001.97142859,89991001.97142859,145839.15197,159106.63197142858,159106.63197142858
2025-12-24,SIZEMASTER,INE235U01012,BSE,149.95,0.0,0.0,151.779,0.0,0.0,0.0,0.0,0.0,0.0,83.153,83.153,83.153
2025-12-26,HCL-INSYS,INE236A01020,NSE,13.61,75.43,1563557.63,2084.17612,76.43,75.18857142857144,75.18857142857144,1631559.9679999999,1498368.4571428574,1498368.4571428574,2073.645504,1945.817012857143,1945.817012857143
2025-12-26,ELLEN,INE236E01022,NSE,347.5,62.13,12242772.5,19708.3512,54.446000000000005,55.08,55.08,11295391.690000001,11454192.892857144,11454192.892857144,20939.97671,21017.575878571428,21017.575878571428
2025-12-24,ANG,INE236W01016,BSE,29.5,0.0,0.0,8.557,0.0,0.0,0.0,0.0,0.0,0.0,142.30066666666667,142.30066666666667,142.30066666666667
2025-12-26,NGIL,INE236Y01012,NSE,30.43,38.9,34933.64,92.21755999999999,66.524,64.31857142857143,64.31857142857143,552922.312,502049.85714285716,502049.85714285716,831.673948,811.5751714285715,811.5751714285715
2025-12-26,KOTAKBANK,INE237A01028,NSE,2164.2,60.22,962339664.5999999,1596949.5803,69.826,69.07857142857144,69.07857142857144,2595525232.9399996,2548627070.7285714,2548627070.7285714,3638998.0421600007,3632546.8279000004,3632546.8279000004
2025-12-24,JSTL,INE237B01018,BSE,60.7,0.0,0.0,515.841,0.0,0.0,0.0,0.0,0.0,0.0,659.2853333333334,659.2853333333334,659.2853333333334
2025-12-24,KATIPATANG,INE237C01016,BSE,19.0,0.0,0.0,237.006,0.0,0.0,0.0,0.0,0.0,0.0,138.65933333333336,138.65933333333336,138.65933333333336
2025-12-26,AXISBANK,INE238A01034,NSE,1228.2,67.31,1377351379.8,2041981.3739,64.47,62.77,62.77,2737666390.8,3651213834.3285713,3651213834.3285713,4179163.43072,5921235.668242857,5921235.668242857
2025-12-24,TRISHAKT,INE238C01022,BSE,148.7,0.0,0.0,790.714,0.0,0.0,0.0,0.0,0.0,0.0,2869.9426666666664,2869.9426666666664,2869.9426666666664
2025-12-26,NESTLEIND,INE239A01024,NSE,1272.6,66.01,1204578257.3999999,1820318.7174000002,64.624,61.24714285714286,61.24714285714286,583794624.88,565592220.0571429,565592220.0571429,900923.7897200001,929825.3547428573,929825.3547428573
2025-12-17,RFL,INE239B01014,BSE,132.15,0.0,0.0,0.514,0.0,0.0,0.0,0.0,0.0,0.0,0.514,0.514,0.514
2025-12-26,STYLAMIND,INE239C01020,NSE,2215.6,25.61,433395731.59999996,1723371.7565,56.688,55.68714285714286,55.68714285714286,109244965.96000001,89692305.8,89692305.8,185160.04353999998,153572.84964285715,153572.84964285715
2025-12-26,OMINFRAL,INE239D01028,NSE,98.19,70.19,4890058.38,7003.80908,54.848,55.58,55.58,3663110.3019999997,3985567.4485714287,3985567.4485714287,6608.4209,7132.572555714286,7132.572555714286
2025-12-24,ZDHJERK,INE239F01015,BSE,25.62,0.0,0.0,9.274,0.0,0.0,0.0,0.0,0.0,0.0,11.749333333333334,11.749333333333334,11.749333333333334
2025-12-24,PALCO,INE239L01013,BSE,123.0,0.0,0.0,9.425,0.0,0.0,0.0,0.0,0.0,0.0,20.921333333333333,20.921333333333333,20.921333333333333
2025-12-24,MEHIF,INE240B01012,BSE,33.7,0.0,0.0,3.792,0.0,0.0,0.0,0.0,0.0,0.0,5.026,5.026,5.026
2025-12-26,UMESLTD,INE240C01028,NSE,5.13,91.25,116702.37,127.459,82.452,83.36142857142856,83.36142857142856,80284.892,69033.64428571428,69033.64428571428,101.618504,86.22436142857143,86.22436142857143
2025-12-24,PARMAX,INE240T01014,BSE,31.37,0.0,0.0,10.813,0.0,0.0,0.0,0.0,0.0,0.0,11.863333333333335,11.863333333333335,11.863333333333335
2025-12-24,FUTSOL,INE241F01011,BSE,49.94,0.0,0.0,0.199,0.0,0.0,0.0,0.0,0.0,0.0,4.644,4.644,4.644
2025-12-24,SHRIGANG,INE241V01018,BSE,69.01,0.0,0.0,246.968,0.0,0.0,0.0,0.0,0.0,0.0,298.69666666666666,298.69666666666666,298.69666666666666
2025-12-26,IOC,INE242A01010,NSE,160.3,50.36,626638989.2,1243957.7556099999,54.652,54.83142857142857,54.83142857142857,887560624.0680001,1214845400.7085717,1214845400.7085717,1622469.22432,2216878.445214286,2216878.445214286
2025-12-24,NIRAVCOM,INE242B01018,BSE,680.0,0.0,0.0,2.04,0.0,0.0,0.0,0.0,0.0,0.0,2.04,2.04,2.04
2025-12-26,ANANTRAJ,INE242C01024,NSE,554.65,38.44,286472287.8,749800.1129,33.066,33.69571428571429,33.69571428571429,390081160.9,362104390.80714285,362104390.80714285,1087579.6849,1014944.90975,1014944.90975
2025-12-24,JMJFIN,INE242Q01016,BSE,15.27,0.0,0.0,450.504,0.0,0.0,0.0,0.0,0.0,0.0,236.6293333333333,236.6293333333333,236.6293333333333
2025-12-24,PADMALAYAT,INE243B01016,BSE,4.85,0.0,0.0,23.899,0.0,0.0,0.0,0.0,0.0,0.0,7.606999999999999,7.606999999999999,7.606999999999999
2025-12-19,GALADAFIN,INE243E01010,BSE,32.24,0.0,0.0,0.096,0.0,0.0,0.0,0.0,0.0,0.0,4.669,4.669,4.669
2025-12-24,SWADPOL,INE243N01029,BSE,49.67,0.0,0.0,316.405,0.0,0.0,0.0,0.0,0.0,0.0,183.38266666666667,183.38266666666667,183.38266666666667
2025-12-26,DENORA,INE244A01016,NSE,698.15,71.81,873385.65,1221.4158,55.052,56.66285714285715,56.66285714285715,776898.3,746731.0,746731.0,1406.5076,1323.5166499999998,1323.5166499999998
2025-12-26,PATELENG,INE244B01030,NSE,29.41,41.17,103349386.9,252927.8742,37.342,36.137142857142855,36.137142857142855,201395097.074,176914438.90857142,176914438.90857142,484895.88410799997,491721.2765242857,491721.2765242857
2025-12-24,MFLINDIA,INE244C01020,BSE,0.52,0.0,0.0,765.07,0.0,0.0,0.0,0.0,0.0,0.0,629.112,629.112,629.112
2025-12-26,UNIPARTS,INE244O01017,NSE,483.0,47.44,10118367.0,21381.36325,48.308,48.03142857142857,48.03142857142857,15235447.61,14072248.664285716,14072248.664285716,31905.00944,29494.680207142857,29494.680207142857
2025-12-24,VGIL,INE244W01010,BSE,118.15,0.0,0.0,1206.958,0.0,0.0,0.0,0.0,0.0,0.0,16.163999999999998,16.163999999999998,16.163999999999998
2025-12-26,TATAPOWER,INE245A01021,NSE,379.55,57.71,538625857.35,935404.15445,50.76200000000001,50.03000000000001,50.03000000000001,699788399.79,626122381.4357144,626122381.4357144,1369441.5717,1241487.7065214287,1241487.7065214287
2025-12-24,PHOENXINTL,INE245B01011,BSE,39.85,0.0,0.0,42.398,0.0,0.0,0.0,0.0,0.0,0.0,29.764333333333337,29.764333333333337,29.764333333333337
2025-12-23,MTPL,INE245H01018,BSE,42.89,0.0,0.0,3.836,0.0,0.0,0.0,0.0,0.0,0.0,283.1745,283.1745,283.1745
2025-12-24,RDBIPL,INE245L01028,BSE,58.02,0.0,0.0,191933.365,0.0,0.0,0.0,0.0,0.0,0.0,71132.75766666666,71132.75766666666,71132.75766666666
2025-12-26,RAMCOSYS,INE246B01019,NSE,575.3,55.53,17097916.0,31224.5929,40.652,43.96,43.96,17121734.85,22946050.39285714,22946050.39285714,44033.731999999996,52346.873721428565,52346.873721428565
2025-12-17,JAYATMA,INE246D01015,BSE,13.99,0.0,0.0,0.699,0.0,0.0,0.0,0.0,0.0,0.0,0.699,0.699,0.699
2025-12-26,GSPL,INE246F01010,NSE,296.85,55.83,28940203.35,51819.9617,54.794,56.90857142857142,56.90857142857142,67076801.15,65038020.66428571,65038020.66428571,127071.61485000001,118451.73685714287,118451.73685714287
2025-12-24,VIRTUALG,INE247C01023,BSE,0.52,0.0,0.0,257.784,0.0,0.0,0.0,0.0,0.0,0.0,53.724,53.724,53.724
2025-12-26,JINDWORLD,INE247D01039,NSE,29.23,35.57,3099666.12,8701.100410000001,40.43,43.28857142857144,43.28857142857144,4413885.784,4531710.071428572,4531710.071428572,11282.90489,10940.214139999998,10940.214139999998
2025-12-24,ORIBEVER,INE247F01018,BSE,181.2,0.0,0.0,130.507,0.0,0.0,0.0,0.0,0.0,0.0,33.55566666666667,33.55566666666667,33.55566666666667
2025-12-26,SPECIALITY,INE247M01014,NSE,112.67,45.19,15549248.69,35506.941770000005,62.07000000000001,64.01142857142858,64.01142857142858,5918756.034,5538247.081428572,5538247.081428572,9681.598813999999,8944.443655714285,8944.443655714285
2025-12-26,ITI,INE248A01017,NSE,313.95,15.79,133872047.39999999,861486.2025,20.273999999999997,24.74142857142857,24.74142857142857,150354625.4,115369420.35000001,115369420.35000001,2315373.9943399997,1676092.0680785715,1676092.0680785715
2025-12-24,SAWACA,INE248B01023,BSE,0.37,0.0,0.0,460.495,0.0,0.0,0.0,0.0,0.0,0.0,458.6713333333334,458.6713333333334,458.6713333333334
2025-12-24,RIDDHI,INE249D01019,BSE,464.25,0.0,0.0,7313.815,0.0,0.0,0.0,0.0,0.0,0.0,261.2383333333333,261.2383333333333,261.2383333333333
2025-12-26,MAZDOCK,INE249Z01020,NSE,2541.4,13.25,872706594.4,6707571.5383,23.668,25.202857142857145,25.202857142857145,668241280.98,599485419.4428571,599485419.4428571,2950725.8538200003,2530990.357485715,2530990.357485715
2025-12-26,KIRLOSIND,INE250A01039,NSE,3267.5,45.77,2790445.0,6114.5885,56.234,53.627142857142864,53.627142857142864,8316901.8,7798212.7,7798212.7,13741.601900000003,13645.286171428574,13645.286171428574
2025-12-26,VINYLINDIA,INE250B01029,NSE,240.45,65.54,754532.1,1163.89001,62.458000000000006,63.40857142857143,63.40857142857143,1079621.546,914085.68,914085.68,1789.538102,1499.4730471428572,1499.4730471428572
2025-12-24,JAIMATAG,INE250C01027,BSE,1.69,0.0,0.0,52.539,0.0,0.0,0.0,0.0,0.0,0.0,81.081,81.081,81.081
2025-12-23,JAYIND,INE250D01017,BSE,13.02,0.0,0.0,3.906,0.0,0.0,0.0,0.0,0.0,0.0,1.24,1.24,1.24
2025-12-24,UNICK,INE250G01010,BSE,54.75,0.0,0.0,6.017,0.0,0.0,0.0,0.0,0.0,0.0,4.253666666666667,4.253666666666667,4.253666666666667
2025-12-26,DLINKINDIA,INE250K01012,NSE,435.1,27.08,22602139.700000003,83371.4025,52.048,53.51571428571429,53.51571428571429,8854739.93,8755273.62142857,8755273.62142857,17072.88601,16406.874564285714,16406.874564285714
2025-12-24,MEAPL,INE250S01015,BSE,34.28,0.0,0.0,512.548,0.0,0.0,0.0,0.0,0.0,0.0,544.4853333333333,544.4853333333333,544.4853333333333
2025-12-26,INDOUS,INE250Z01010,NSE,123.59,60.15,2562267.88,4216.94296,56.251999999999995,55.01571428571429,55.01571428571429,1610283.486,1399719.7257142856,1399719.7257142856,2892.552068,2547.766567142857,2547.766567142857
2025-12-26,ZENTEC,INE251B01027,NSE,1374.8,40.0,168916176.79999998,427163.1621,34.672000000000004,36.534285714285716,36.534285714285716,140181625.1,130325728.77142857,130325728.77142857,407327.79998,366474.89152857143,366474.89152857143
2025-12-26,ABMINTLLTD,INE251C01025,NSE,42.79,55.26,11467.72,20.800330000000002,57.13000000000001,61.82428571428572,61.82428571428572,17118.358,20607.547142857144,20607.547142857144,29.607826,31.99559857142857,31.99559857142857
2025-12-24,SPELS,INE252A01019,BSE,142.85,0.0,0.0,3126.449,0.0,0.0,0.0,0.0,0.0,0.0,4549.122333333334,4549.122333333334,4549.122333333334
2025-12-24,HINDMOTORS,INE253A01025,BSE,17.34,0.0,0.0,2944.399,0.0,0.0,0.0,0.0,0.0,0.0,3780.0506666666674,3780.0506666666674,3780.0506666666674
2025-12-26,21STCENMGM,INE253B01015,NSE,52.74,100.0,46569.42,46.56942,89.33,87.22857142857141,87.22857142857141,374936.38,451832.9685714286,451832.9685714286,447.84621,540.00609,540.00609
2025-12-24,BLOOM,INE253C01013,BSE,10.69,0.0,0.0,0.064,0.0,0.0,0.0,0.0,0.0,0.0,2.779333333333333,2.779333333333333,2.779333333333333
2025-12-26,HNDFDS,INE254N01026,NSE,517.1,64.26,25429426.700000003,39352.2523,59.598,58.32285714285715,58.32285714285715,32417799.65,24985894.028571427,24985894.028571427,51562.327900000004,40258.40717857143,40258.40717857143
2025-12-26,EPL,INE255A01020,NSE,212.23,59.61,36009488.559999995,60560.119810000004,49.082,51.31857142857143,51.31857142857143,59111099.73200001,68129536.34571429,68129536.34571429,121883.43769999998,132915.17157714284,132915.17157714284
2025-12-24,GALADA,INE255C01026,BSE,2.92,0.0,0.0,0.029,0.0,0.0,0.0,0.0,0.0,0.0,0.07533333333333334,0.07533333333333334,0.07533333333333334
2025-12-26,GULPOLY,INE255D01024,NSE,139.82,82.83,4361545.08,5291.784070000001,54.884,56.86000000000001,56.86000000000001,4949426.804,4266834.791428572,4266834.791428572,9685.189180000001,8107.27721,8107.27721
2025-12-24,VEERENRGY,INE255E01030,BSE,13.85,0.0,0.0,151.488,0.0,0.0,0.0,0.0,0.0,0.0,152.414,152.414,152.414
2025-12-26,MSTCLTD,INE255X01014,NSE,510.8,27.89,81314762.8,293046.5588,44.052,47.75,47.75,24012417.640000004,21159623.25714286,21159623.25714286,63495.20007,52401.7223,52401.7223
2025-12-26,E2E,INE255Z01019,NSE,2050.8,55.86,35692123.2,64196.2332,43.444,46.74571428571428,46.74571428571428,51109626.44,54774124.34285714,54774124.34285714,118654.14316,117531.1638,117531.1638
2025-12-26,ZEEL,INE256A01028,NSE,91.21,49.57,227319399.44,459696.8078,48.86800000000001,50.77571428571429,50.77571428571429,361062086.99999994,343033262.8157143,343033262.8157143,733311.7167140001,677383.4646128572,677383.4646128572
2025-12-26,TRIVENI,INE256C01024,NSE,400.1,52.1,44409899.7,85141.1353,50.876000000000005,44.035714285714285,44.035714285714285,108784350.14000002,106020388.15,106020388.15,225251.34043,296200.51541428576,296200.51541428576
2025-12-24,GENUSPRIME,INE256D01014,BSE,21.31,0.0,0.0,1.242,0.0,0.0,0.0,0.0,0.0,0.0,37.609,37.609,37.609
2025-12-26,DYNPRO,INE256H01015,NSE,267.05,70.82,1375040.45,1945.0927,65.0,65.11571428571429,65.11571428571429,1304797.65,1808873.9285714286,1808873.9285714286,2151.89292,2872.9619428571427,2872.9619428571427
2025-12-24,NAKSH,INE256S01012,BSE,5.09,0.0,0.0,172.989,0.0,0.0,0.0,0.0,0.0,0.0,40.459333333333326,40.459333333333326,40.459333333333326
2025-12-26,AKSHAR,INE256Z01025,NSE,0.52,58.89,206169.6,353.82271999999995,64.176,70.57857142857142,70.57857142857142,294993.21199999994,320200.76857142855,320200.76857142855,465.10920400000003,459.3806214285715,459.3806214285715
2025-12-26,BHEL,INE257A01026,NSE,281.5,29.96,538989457.5,1811296.80645,36.618,34.96714285714286,34.96714285714286,569122416.13,514845929.07857144,514845929.07857144,1505665.6064799998,1407623.036742857,1407623.036742857
2025-12-24,ADTECH,INE257C01014,BSE,68.61,0.0,0.0,161.985,0.0,0.0,0.0,0.0,0.0,0.0,117.10266666666666,117.10266666666666,117.10266666666666
2025-12-24,MAHALXSE,INE257F01017,BSE,8.86,0.0,0.0,5.324,0.0,0.0,0.0,0.0,0.0,0.0,20.629,20.629,20.629
2025-12-26,BEML,INE258A01024,NSE,1877.0,23.74,238003600.0,1014649.5294,32.138,32.77142857142857,32.77142857142857,185827149.01999998,159761217.92857143,159761217.92857143,619554.15156,521316.8988714286,521316.8988714286
2025-12-26,FDC,INE258B01022,NSE,407.25,56.03,9021809.25,16176.6047,61.894000000000005,61.861428571428576,61.861428571428576,10480349.989999998,10142299.342857141,10142299.342857141,17232.406479999998,16500.542835714285,16500.542835714285
2025-12-24,ACCEL,INE258C01038,BSE,16.0,0.0,0.0,403.624,0.0,0.0,0.0,0.0,0.0,0.0,191.76833333333335,191.76833333333335,191.76833333333335
2025-12-26,SUMICHEM,INE258G01013,NSE,462.05,58.12,24994132.7,42933.73525,53.989999999999995,60.771428571428565,60.771428571428565,52669748.04000001,70781781.52142857,70781781.52142857,95195.7858,109477.6555,109477.6555
2025-12-24,FERVENTSYN,INE258M01011,BSE,18.9,0.0,0.0,11.396,0.0,0.0,0.0,0.0,0.0,0.0,73.204,73.204,73.204
2025-12-24,PANORAMA,INE258R01028,BSE,39.25,0.0,0.0,1437.395,0.0,0.0,0.0,0.0,0.0,0.0,1258.985,1258.985,1258.985
2025-12-26,LGHL,INE258Y01016,NSE,288.7,9.82,4447712.2,44237.4065,15.886000000000001,13.594285714285716,13.594285714285716,7045171.43,5697569.885714285,5697569.885714285,40025.26932000001,37135.969064285724,37135.969064285724
2025-12-26,COLPAL,INE259A01022,NSE,2087.4,52.14,203346158.4,392685.42110000004,48.45199999999999,49.89142857142856,49.89142857142856,232614354.67999998,286641181.5142857,286641181.5142857,430704.01782,534743.4230571429,534743.4230571429
2025-12-26,GODFRYPHLP,INE260B01028,NSE,2825.4,33.18,103248592.2,311893.5133,34.604,33.598571428571425,33.598571428571425,114063683.20000002,116850105.82857144,116850105.82857144,327383.42922,352495.7482428571,352495.7482428571
2025-12-26,OLECTRA,INE260D01016,NSE,1237.8,31.83,123766384.19999999,389566.1529,29.920000000000005,34.402857142857144,34.402857142857144,181516297.08,161795433.3,161795433.3,821203.1364200001,656498.983557143,656498.983557143
2025-12-24,SKCIL,INE260E01014,BSE,177.75,0.0,0.0,368.644,0.0,0.0,0.0,0.0,0.0,0.0,196.212,196.212,196.212
2025-12-24,DHABRIYA,INE260R01016,BSE,369.25,0.0,0.0,512.302,0.0,0.0,0.0,0.0,0.0,0.0,963.4163333333332,963.4163333333332,963.4163333333332
2025-12-24,729NABAR26,INE261F07024,BSE,1047.87,0.0,0.0,157.608,0.0,0.0,0.0,0.0,0.0,0.0,216.747,216.747,216.747
2025-12-24,ITHL,INE262B01016,BSE,377.95,0.0,0.0,1841.426,0.0,0.0,0.0,0.0,0.0,0.0,1262.2063333333333,1262.2063333333333,1262.2063333333333
2025-12-24,POLYCON,INE262C01014,BSE,31.83,0.0,0.0,0.381,0.0,0.0,0.0,0.0,0.0,0.0,27.644333333333332,27.644333333333332,27.644333333333332
2025-12-26,PERSISTENT,INE262H01021,NSE,6300.5,58.15,1052542628.5,1816000.979,44.544,45.16714285714285,45.16714285714285,690556176.5,675477216.6428572,675477216.6428572,1549172.0424,1492034.278142857,1492034.278142857
2025-12-26,BEL,INE263A01024,NSE,398.45,42.68,2258907084.2,5346545.49785,51.66799999999999,53.33142857142857,53.33142857142857,1823788865.78,1785470160.1285713,1785470160.1285713,3490637.6594500006,3339176.23,3339176.23
2025-12-24,JAYSYNTH,INE263B01022,BSE,14.8,0.0,0.0,95.213,0.0,0.0,0.0,0.0,0.0,0.0,278.85033333333337,278.85033333333337,278.85033333333337
2025-12-26,RUSTOMJEE,INE263M01029,NSE,526.15,42.14,3816165.9499999997,9052.268699999999,54.077999999999996,53.23,53.23,7823962.68,6511802.114285714,6511802.114285714,13941.767689999999,11745.524978571428,11745.524978571428
2025-12-26,MAHESHWARI,INE263W01010,NSE,50.0,64.98,161450.0,246.63229,77.386,70.61857142857141,70.61857142857141,203118.218,185701.85142857142,185701.85142857142,269.503986,270.44187999999997,270.44187999999997
2025-12-26,CAPACITE,INE264T01014,NSE,256.45,57.58,11030940.299999999,19257.2782,55.676,58.58142857142856,58.58142857142856,17954058.46,17004689.400000002,17004689.400000002,32839.621100000004,29810.04902857143,29810.04902857143
2025-12-24,NITTAGELA,INE265B01019,BSE,807.7,0.0,0.0,1946.074,0.0,0.0,0.0,0.0,0.0,0.0,1646.661,1646.661,1646.661
2025-12-24,GKB,INE265D01015,BSE,52.88,0.0,0.0,6.633,0.0,0.0,0.0,0.0,0.0,0.0,23.988,23.988,23.988
2025-12-26,ENIL,INE265F01028,NSE,112.41,59.0,7101726.569999999,12295.54662,68.22400000000002,66.62428571428572,66.62428571428572,3294883.98,2636206.9971428565,2636206.9971428565,4760.387548000001,3871.920318571429,3871.920318571429
2025-12-24,KINETICENG,INE266B01017,BSE,322.45,0.0,0.0,26470.517,0.0,0.0,0.0,0.0,0.0,0.0,18177.102666666666,18177.102666666666,18177.102666666666
2025-12-24,SGNTE,INE266C01023,BSE,0.77,0.0,0.0,97.389,0.0,0.0,0.0,0.0,0.0,0.0,168.029,168.029,168.029
2025-12-24,GRAUWEIL,INE266D01021,BSE,75.13,0.0,0.0,2579.794,0.0,0.0,0.0,0.0,0.0,0.0,11579.476333333334,11579.476333333334,11579.476333333334
2025-12-26,APTECHT,INE266F01018,NSE,94.8,44.04,7492612.8,17116.72282,50.254000000000005,49.10142857142858,49.10142857142858,17466526.984,15324719.914285716,15324719.914285716,39152.08717,34835.35809142857,34835.35809142857
2025-12-24,CELLA,INE266H01014,BSE,13.99,0.0,0.0,88.713,0.0,0.0,0.0,0.0,0.0,0.0,169.877,169.877,169.877
2025-12-24,WESTLEIRES,INE266P01017,BSE,134.0,0.0,0.0,1.474,0.0,0.0,0.0,0.0,0.0,0.0,0.7343333333333334,0.7343333333333334,0.7343333333333334
2025-12-26,DPABHUSHAN,INE266Y01019,NSE,1485.7,43.79,4868638.9,11222.1855,41.79,44.951428571428565,44.951428571428565,3841897.0,3761963.7428571433,3761963.7428571433,9225.52096,8518.732885714286,8518.732885714286
2025-12-26,HINDZINC,INE267A01025,NSE,636.85,30.05,2576147409.0,8598553.12715,33.218,30.478571428571428,30.478571428571428,2368211570.85,2218394767.1357145,2218394767.1357145,7281403.89232,7490512.427371428,7490512.427371428
2025-12-24,AMBIT,INE267C01013,BSE,10.06,0.0,0.0,23.872,0.0,0.0,0.0,0.0,0.0,0.0,3.7933333333333334,3.7933333333333334,3.7933333333333334
2025-12-19,LIBORD,INE267E01019,BSE,18.02,0.0,0.0,31.818,0.0,0.0,0.0,0.0,0.0,0.0,18.809,18.809,18.809
2025-12-26,KREBSBIO,INE268B01013,NSE,70.55,68.0,684264.45,1003.60478,72.85600000000001,78.92,78.92,153066.534,310181.53857142857,310181.53857142857,218.677124,370.28793285714283,370.28793285714283
2025-12-26,NAVKARURB,INE268H01044,NSE,1.38,100.0,482965.49999999994,482.9655,61.76800000000001,66.84714285714286,66.84714285714286,1934097.5560000003,1929121.3385714288,1929121.3385714288,3384.812302,3115.2858871428575,3115.2858871428575
2025-12-26,SHEKHAWATI,INE268L01046,NSE,19.58,61.25,150433.13999999998,245.11151,53.126,58.00857142857142,58.00857142857142,1622068.044,1210037.4257142858,1210037.4257142858,5118.211412,3729.163884285714,3729.163884285714
2025-12-24,SUPRAPFSL,INE268T01015,BSE,26.97,0.0,0.0,511.104,0.0,0.0,0.0,0.0,0.0,0.0,579.6909999999999,579.6909999999999,579.6909999999999
2025-12-26,SONATSOFTW,INE269A01021,NSE,366.65,49.08,168565137.6,344013.15925,45.038,46.93857142857143,46.93857142857143,117730146.51000002,108243798.66428573,108243798.66428573,250087.16037,224646.03243571427,224646.03243571427
2025-12-26,LMW,INE269B01029,NSE,14883.0,44.38,7754043.0,17525.046,61.35600000000001,58.71,58.71,20208911.6,17807484.0,17807484.0,31519.717600000004,29118.876714285714,29118.876714285714
2025-12-26,ALOKINDS,INE270A01029,NSE,16.28,50.36,24560268.48,48965.740659999996,43.056,48.79857142857143,48.79857142857143,44207125.992,37222397.94857143,37222397.94857143,195385.056934,148556.2556614286,148556.2556614286
2025-12-24,MAFATIND,INE270B01035,BSE,150.85,0.0,0.0,6459.434,0.0,0.0,0.0,0.0,0.0,0.0,7774.226,7774.226,7774.226
2025-12-26,VISHNU,INE270I01022,NSE,553.65,41.72,65133600.599999994,157541.7739,52.946000000000005,53.354285714285716,53.354285714285716,30037074.139999997,30536846.85714286,30536846.85714286,57877.28491,59734.88457142857,59734.88457142857
2025-12-26,MAHSEAMLES,INE271B01025,NSE,551.2,68.59,72082077.60000001,105156.06605,61.782,58.79142857142857,58.79142857142857,52397859.56,45581781.24285715,45581781.24285715,85165.1011,77929.67321428572,77929.67321428572
2025-12-26,DLF,INE271C01023,NSE,695.0,46.58,397100065.0,851596.88555,47.653999999999996,48.76142857142857,48.76142857142857,534174589.48,534342041.9428572,534342041.9428572,1128998.2909099997,1106057.5926357142,1106057.5926357142
2025-12-24,SUNGOLD,INE271D01013,BSE,3.46,0.0,0.0,17.901,0.0,0.0,0.0,0.0,0.0,0.0,20.369,20.369,20.369
2025-12-24,DEEPAKSP,INE272C01013,BSE,122.0,0.0,0.0,964.998,0.0,0.0,0.0,0.0,0.0,0.0,146.28166666666667,146.28166666666667,146.28166666666667
2025-12-24,MAHACORP,INE272E01027,BSE,0.45,0.0,0.0,1075.888,0.0,0.0,0.0,0.0,0.0,0.0,727.4903333333333,727.4903333333333,727.4903333333333
2025-12-24,PARLEIND,INE272G01014,BSE,8.98,0.0,0.0,408.087,0.0,0.0,0.0,0.0,0.0,0.0,560.7316666666667,560.7316666666667,560.7316666666667
2025-12-26,SURANASOL,INE272L01022,NSE,27.1,66.51,998689.2000000001,1509.59175,66.172,64.20857142857143,64.20857142857143,853638.418,780349.1900000001,780349.1900000001,1291.039792,1212.5244942857141,1212.5244942857141
2025-12-24,APLAB,INE273A01015,BSE,76.08,0.0,0.0,806.376,0.0,0.0,0.0,0.0,0.0,0.0,163.01633333333334,163.01633333333334,163.01633333333334
2025-12-26,VGL,INE273D01019,NSE,146.65,62.26,4009557.6500000004,6576.15142,58.486000000000004,54.48285714285714,54.48285714285714,2569172.0379999997,3533920.4385714284,3533920.4385714284,5390.017044,6860.662748571429,6860.662748571429
2025-12-24,ALANSCOTT,INE273F01022,BSE,345.9,0.0,0.0,519.88,0.0,0.0,0.0,0.0,0.0,0.0,3450.979666666666,3450.979666666666,3450.979666666666
2025-12-26,WENDT,INE274C01019,NSE,7962.5,68.22,16737175.0,24611.642,47.942,49.05142857142857,49.05142857142857,16091163.6,15910926.285714285,15910926.285714285,34242.1817,32965.477857142854,32965.477857142854
2025-12-24,INDIAHOME,INE274E01015,BSE,36.82,0.0,0.0,100.241,0.0,0.0,0.0,0.0,0.0,0.0,347.39733333333334,347.39733333333334,347.39733333333334
2025-12-26,WESTLIFE,INE274F01020,NSE,543.55,55.36,8211409.85,14803.407449999999,42.92999999999999,44.17857142857143,44.17857142857143,21101291.1,19788396.885714285,19788396.885714285,41510.74368,38836.24309285714,38836.24309285714
2025-12-26,OIL,INE274J01014,NSE,402.75,54.57,372907433.25,686452.7626,53.806,53.28857142857142,53.28857142857142,320338875.28000003,271154886.6,271154886.6,562132.72734,485153.54027857137,485153.54027857137
2025-12-24,BTTL,INE274K01012,BSE,37.5,0.0,0.0,110.467,0.0,0.0,0.0,0.0,0.0,0.0,165.01333333333335,165.01333333333335,165.01333333333335
2025-12-24,COMFINCAP,INE274M01026,BSE,7.26,0.0,0.0,68.238,0.0,0.0,0.0,0.0,0.0,0.0,252.99666666666667,252.99666666666667,252.99666666666667
2025-12-26,SHANKARA,INE274V01019,NSE,109.1,58.82,1637809.2,2781.42631,56.238,55.05428571428571,55.05428571428571,3044363.4839999997,2986332.304285714,2986332.304285714,5468.952267999999,5446.184372857142,5446.184372857142
2025-12-26,AJAXENGG,INE274Y01021,NSE,591.55,62.45,11277900.75,18122.617100000003,55.83,58.67285714285713,58.67285714285713,14954608.26,14005204.62142857,14005204.62142857,28392.390990000004,25331.74342142857,25331.74342142857
2025-12-26,HUHTAMAKI,INE275B01026,NSE,208.66,52.61,5226933.0,9964.91824,52.412,54.77571428571429,54.77571428571429,7486844.664,6973316.222857143,6973316.222857143,14261.338983999998,12792.56727,12792.56727
2025-12-26,AMNPLST,INE275D01022,NSE,191.71,68.83,412368.21,606.92623,42.11200000000001,33.20142857142857,33.20142857142857,1402364.8539999998,4040796.0928571434,4040796.0928571434,4728.008172,32699.40020714286,32699.40020714286
2025-12-26,GARFIBRES,INE276A01018,NSE,699.25,60.37,16416991.5,27161.49615,54.274,58.55142857142857,58.55142857142857,16706199.9,23217314.685714286,23217314.685714286,30653.357149999996,36583.37046428571,36583.37046428571
2025-12-26,EIHAHOTELS,INE276C01014,NSE,358.2,54.89,1380144.5999999999,2510.52265,54.68000000000001,56.174285714285716,56.174285714285716,1608108.3699999999,1450092.5928571427,1450092.5928571427,2951.32557,2616.952185714286,2616.952185714286
2025-12-24,ARCEEIN,INE276D01012,BSE,6.68,0.0,0.0,15.538,0.0,0.0,0.0,0.0,0.0,0.0,1.097,1.097,1.097
2025-12-26,ASIANENE,INE276G01015,NSE,290.25,57.23,3691689.75,6531.70095,48.495999999999995,49.675714285714285,49.675714285714285,6619170.24,6616046.207142858,6616046.207142858,13548.819410000002,13327.769042857146,13327.769042857146
2025-12-23,NIDHGRN,INE276H01013,BSE,424.8,0.0,0.0,8.493,0.0,0.0,0.0,0.0,0.0,0.0,161.4895,161.4895,161.4895
2025-12-24,GUJCONT,INE276I01011,BSE,169.15,0.0,0.0,202.19,0.0,0.0,0.0,0.0,0.0,0.0,394.4225,394.4225,394.4225
2025-12-24,TULASEEBIOE,INE276N01011,BSE,41.06,0.0,0.0,4.106,0.0,0.0,0.0,0.0,0.0,0.0,4.106,4.106,4.106
2025-12-26,SWARAJENG,INE277A01016,NSE,3599.7,63.21,16922189.7,26821.7835,54.90999999999999,56.79,56.79,20301330.96,17783356.057142857,17783356.057142857,36319.37286,31360.739971428575,31360.739971428575
2025-12-26,PUNJABCHEM,INE277B01014,NSE,1195.1,43.6,4689572.399999999,10825.6564,56.366,55.005714285714284,55.005714285714284,8314903.340000002,7061389.671428573,7061389.671428573,12543.52652,11530.988785714286,11530.988785714286
2025-12-26,REGENCERAM,INE277C01012,NSE,45.91,40.06,112709.04999999999,269.51822999999996,73.506,72.69000000000001,72.69000000000001,212674.88999999998,418393.95999999996,418393.95999999996,276.28972,518.7231057142858,518.7231057142858
2025-12-26,RAMANEWS,INE278B01020,NSE,30.94,66.73,1380449.98,2117.86021,53.374,53.55285714285714,53.55285714285714,446008.15,429519.2428571428,429519.2428571428,814.5543759999999,788.1458771428571,788.1458771428571
2025-12-24,SHETR,INE278C01010,BSE,132.85,0.0,0.0,253.352,0.0,0.0,0.0,0.0,0.0,0.0,384.2273333333333,384.2273333333333,384.2273333333333
2025-12-24,BDH,INE278D01018,BSE,430.95,0.0,0.0,1068.747,0.0,0.0,0.0,0.0,0.0,0.0,1008.2446666666666,1008.2446666666666,1008.2446666666666
2025-12-26,CYBERMEDIA,INE278G01037,NSE,17.5,65.64,244422.5,374.19396,87.22666666666667,87.22666666666667,87.22666666666667,251352.68000000002,251352.68000000002,251352.68000000002,288.36657333333335,288.36657333333335,288.36657333333335
2025-12-26,SANDHAR,INE278H01035,NSE,549.4,43.2,39095853.4,91655.98445,43.706,42.79,42.79,74433657.17,60185113.678571425,60185113.678571425,185188.44727,151149.84511428574,151149.84511428574
2025-12-26,NAVKARCORP,INE278M01019,NSE,101.78,30.51,7546681.66,24921.084079999997,42.01800000000001,43.994285714285716,43.994285714285716,16413446.322,13714674.895714285,13714674.895714285,52103.313047999996,41313.343845714284,41313.343845714284
2025-12-23,GANGAPA,INE278O01015,BSE,86.9,0.0,0.0,0.347,0.0,0.0,0.0,0.0,0.0,0.0,2.3895,2.3895,2.3895
2025-12-26,CAMPUS,INE278Y01022,NSE,261.5,45.38,16841907.5,37088.77585,53.138,52.24285714285714,52.24285714285714,70887894.24000001,58301998.95,58301998.95,122900.24272000001,101257.07755714285,101257.07755714285
2025-12-26,UNIVCABLES,INE279A01012,NSE,881.55,43.96,22615283.7,51571.9649,43.336,45.574285714285715,45.574285714285715,32359781.98,33338951.721428573,33338951.721428573,77480.40355999999,74653.18527857143,74653.18527857143
2025-12-26,TITAN,INE280A01028,NSE,3992.0,50.32,2235659720.0,4429946.017100001,62.218,63.17285714285715,63.17285714285715,1288195865.1200001,1716680917.3,1716680917.3,2091037.57898,2700250.341528571,2700250.341528571
2025-12-24,ELANTAS,INE280B01018,BSE,9752.7,0.0,0.0,7504.862,0.0,0.0,0.0,0.0,0.0,0.0,4113.971666666667,4113.971666666667,4113.971666666667
2025-12-24,SATTVASUKU,INE280E01038,BSE,0.68,0.0,0.0,1868.272,0.0,0.0,0.0,0.0,0.0,0.0,1115.0426666666665,1115.0426666666665,1115.0426666666665
2025-12-24,JAINEX,INE280F01019,BSE,126.0,0.0,0.0,447.262,0.0,0.0,0.0,0.0,0.0,0.0,113.88066666666667,113.88066666666667,113.88066666666667
2025-12-26,SAHYADRI,INE280H01015,NSE,256.05,79.37,456025.05000000005,573.1235,67.436,66.69142857142859,66.69142857142859,627963.2,570029.6857142857,570029.6857142857,924.76369,865.2685571428572,865.2685571428572
2025-12-26,LLOYDSME,INE281B01032,NSE,1369.8,58.39,144623484.0,248407.317,58.048,62.08857142857143,62.08857142857143,881545508.9400002,1270076030.057143,1270076030.057143,1286373.4733,1665556.6517999999,1665556.6517999999
2025-12-24,MINID,INE281E01028,BSE,24.95,0.0,0.0,1343.12,0.0,0.0,0.0,0.0,0.0,0.0,2137.6389999999997,2137.6389999999997,2137.6389999999997
2025-12-24,LWSKNIT,INE281M01013,BSE,15.63,0.0,0.0,123.44,0.0,0.0,0.0,0.0,0.0,0.0,89.31933333333332,89.31933333333332,89.31933333333332
2025-12-23,ABHIINFRA,INE281P01016,BSE,6.73,0.0,0.0,0.006,0.0,0.0,0.0,0.0,0.0,0.0,8.529499999999999,8.529499999999999,8.529499999999999
2025-12-26,PRECOT,INE283A01014,NSE,423.15,73.89,301705.95,410.76784999999995,71.244,69.4557142857143,69.4557142857143,218603.1,187944.05714285714,187944.05714285714,324.39349999999996,289.48654999999997,289.48654999999997
2025-12-24,ANJANIFIN,INE283D01018,BSE,11.46,0.0,0.0,57.128,0.0,0.0,0.0,0.0,0.0,0.0,29.499,29.499,29.499
2025-12-26,ROHLTD,INE283H01019,NSE,408.25,37.96,7436682.0,19601.23475,50.104,49.949999999999996,49.949999999999996,7956349.459999999,8543173.5,8543173.5,16286.276600000003,17247.89759285714,17247.89759285714
2025-12-26,ESABINDIA,INE284A01012,NSE,6093.5,48.61,8500432.5,17508.558,39.705999999999996,38.04428571428571,38.04428571428571,16335755.9,15100730.357142856,15100730.357142856,44694.460100000004,42078.323,42078.323
2025-12-24,TGVSL,INE284B01028,BSE,113.35,0.0,0.0,5459.635,0.0,0.0,0.0,0.0,0.0,0.0,9915.354,9915.354,9915.354
2025-12-24,LAKSELEC,INE284C01018,BSE,757.7,0.0,0.0,1267.88,0.0,0.0,0.0,0.0,0.0,0.0,750.3023333333334,750.3023333333334,750.3023333333334
2025-12-26,DAMCAPITAL,INE284H01025,NSE,211.22,58.04,42425437.98,73525.3247,44.269999999999996,45.01142857142857,45.01142857142857,30229093.683999997,28214386.668571424,28214386.668571424,70251.647612,64493.213388571436,64493.213388571436
2025-12-26,SJS,INE284S01014,NSE,1749.0,47.41,43135587.0,90887.0049,44.272000000000006,46.52285714285715,46.52285714285715,73377090.25999999,72225544.45714284,72225544.45714284,172085.52166,160453.56464285715,160453.56464285715
2025-12-26,ELGIEQUIP,INE285A01027,NSE,462.8,64.4,50007391.2,77937.0629,62.65,60.98571428571428,60.98571428571428,84124293.22,93241445.44285715,93241445.44285715,132582.6788,152857.6534142857,152857.6534142857
2025-12-24,SPICEJET,INE285B01017,BSE,31.12,0.0,0.0,177148.428,0.0,0.0,0.0,0.0,0.0,0.0,248917.83566666665,248917.83566666665,248917.83566666665
2025-12-24,VOITHPAPR,INE285C01015,BSE,1678.5,0.0,0.0,1269.832,0.0,0.0,0.0,0.0,0.0,0.0,1005.0173333333333,1005.0173333333333,1005.0173333333333
2025-12-26,SIS,INE285J01028,NSE,339.4,49.73,7102623.8,14229.1723,73.202,70.83,70.83,12337132.58,10814794.0,10814794.0,16435.97701,14839.583235714284,14839.583235714284
2025-12-26,TECHNOE,INE285K01026,NSE,1085.6,56.03,36113569.599999994,65116.9885,49.129999999999995,51.43,51.43,105335367.35999998,95934463.08571427,95934463.08571427,232479.27908,201544.98871428572,201544.98871428572
2025-12-24,KIMIABL,INE285U01025,BSE,32.62,0.0,0.0,66.438,0.0,0.0,0.0,0.0,0.0,0.0,84.66066666666667,84.66066666666667,84.66066666666667
2025-12-23,OLYOI,INE286E01019,BSE,26.59,0.0,0.0,0.319,0.0,0.0,0.0,0.0,0.0,0.0,0.823,0.823,0.823
2025-12-24,PRISMX,INE286N01028,BSE,0.67,0.0,0.0,100.015,0.0,0.0,0.0,0.0,0.0,0.0,83.07900000000001,83.07900000000001,83.07900000000001
2025-12-26,SUBROS,INE287B01021,NSE,857.9,57.94,18784578.4,32606.41375,41.083999999999996,45.70428571428572,45.70428571428572,20488785.389999997,18381313.949999996,18381313.949999996,54212.53337999999,45335.54099285713,45335.54099285713
2025-12-26,MICEL,INE287C01037,NSE,44.94,48.97,14983310.58,30908.49741,41.606,44.38857142857143,44.38857142857143,14780944.05,13609320.67857143,13609320.67857143,37373.767674,32629.74326,32629.74326
2025-12-26,MAHSCOOTER,INE288A01013,NSE,14142.0,53.97,16517856.0,30528.51,56.444,56.96857142857143,56.96857142857143,22252909.4,22132296.85714286,22132296.85714286,39629.6756,39016.48042857143,39016.48042857143
2025-12-26,DEEPAKNTR,INE288B01029,NSE,1765.2,56.1,242307238.8,430865.87810000003,41.114,46.021428571428565,46.021428571428565,185459394.18,163322028.1714286,163322028.1714286,509126.81278,415988.41308571433,415988.41308571433
2025-12-26,NAHARINDUS,INE289A01011,NSE,108.47,59.16,492670.74,835.6822,62.552,63.69428571428572,63.69428571428572,898841.1640000001,852252.9485714287,852252.9485714287,1455.012406,1358.9736557142858,1358.9736557142858
2025-12-26,GICHSGFIN,INE289B01019,NSE,179.85,43.97,17519907.9,40306.21129,58.186,56.862857142857145,56.862857142857145,10902939.923999999,11801158.108571427,11801158.108571427,18907.428322,20969.996729999995,20969.996729999995
2025-12-26,TEAMGTY,INE289C01025,NSE,288.2,54.22,2768737.4,5144.19495,63.09599999999999,64.23571428571428,64.23571428571428,682795.6,802362.6857142857,802362.6857142857,1334.5557199999998,1406.1078642857142,1406.1078642857142
2025-12-24,JAYUSH,INE289D01015,BSE,933.2,0.0,0.0,56.214,0.0,0.0,0.0,0.0,0.0,0.0,180.72666666666666,180.72666666666666,180.72666666666666
2025-12-24,JOLYPLS,INE289M01016,BSE,56.5,0.0,0.0,5.65,0.0,0.0,0.0,0.0,0.0,0.0,13.18,13.18,13.18
2025-12-26,ADVENTHTL,INE28GN01010,NSE,233.1,50.1,22582028.7,45864.28357,33.862,36.21,36.21,27463099.830000002,23040588.924285714,23040588.924285714,87076.184308,70422.32352285713,70422.32352285713
2025-12-26,NAHARSPING,INE290A01027,NSE,195.3,40.95,637263.9,1571.23281,58.15599999999999,59.59285714285714,59.59285714285714,2003122.0760000001,1930047.417142857,1930047.417142857,3354.0270959999993,3214.0084357142855,3214.0084357142855
2025-12-24,YOGI,INE290E01011,BSE,161.65,0.0,0.0,557.611,0.0,0.0,0.0,0.0,0.0,0.0,442.51800000000003,442.51800000000003,442.51800000000003
2025-12-26,CARTRADE,INE290S01011,NSE,2752.6,27.0,86844530.0,323859.8976,32.138,32.45285714285714,32.45285714285714,202832707.83999997,205833642.7142857,205833642.7142857,599590.15844,616109.6992857142,616109.6992857142
2025-12-26,GRWRHITECH,INE291A01017,NSE,3135.9,48.62,54608562.6,113274.68,44.596,42.77571428571429,42.77571428571429,111461586.58,98082254.54285714,98082254.54285714,251690.62216000003,228310.0707,228310.0707
2025-12-26,KDDL,INE291D01011,NSE,2387.5,44.67,12114175.0,27443.1065,60.7,57.269999999999996,57.269999999999996,21818672.52,17653876.828571428,17653876.828571428,33248.59819999999,28054.024742857142,28054.024742857142
2025-12-24,PML,INE291E01019,BSE,604.2,0.0,0.0,74.622,0.0,0.0,0.0,0.0,0.0,0.0,210.73566666666667,210.73566666666667,210.73566666666667
2025-12-23,ATHCON,INE291R01011,BSE,4.5,0.0,0.0,11.25,0.0,0.0,0.0,0.0,0.0,0.0,12.475,12.475,12.475
2025-12-26,HBLENGINE,INE292B01021,NSE,897.5,22.9,488686955.0,2139242.4039000003,24.502000000000002,30.135714285714283,30.135714285714283,660056674.94,623962680.4,623962680.4,3303775.9781099996,2739316.7151285713,2739316.7151285713
2025-12-24,AUROLAB,INE292C01011,BSE,265.9,0.0,0.0,2228.891,0.0,0.0,0.0,0.0,0.0,0.0,1513.5146666666667,1513.5146666666667,1513.5146666666667
2025-12-26,HAVISHA,INE293B01029,NSE,1.89,74.75,73759.14,101.26421,75.966,68.79285714285714,68.79285714285714,36397.302,34268.19285714286,34268.19285714286,47.242650000000005,52.03046142857143,52.03046142857143
2025-12-24,ASHRAM,INE293C01019,BSE,5.27,0.0,0.0,0.063,0.0,0.0,0.0,0.0,0.0,0.0,4.3950000000000005,4.3950000000000005,4.3950000000000005
2025-12-24,KIRANSY-B,INE293D01017,BSE,13.77,0.0,0.0,4.075,0.0,0.0,0.0,0.0,0.0,0.0,13.177333333333332,13.177333333333332,13.177333333333332
2025-12-24,CROPSTER,INE293E01031,BSE,19.86,0.0,0.0,594.679,0.0,0.0,0.0,0.0,0.0,0.0,864.7023333333333,864.7023333333333,864.7023333333333
2025-12-24,CRSTCHM,INE293N01016,BSE,116.6,0.0,0.0,175.584,0.0,0.0,0.0,0.0,0.0,0.0,82.87233333333333,82.87233333333333,82.87233333333333
2025-12-26,SMLMAH,INE294B01019,NSE,3629.1,49.04,66173009.4,136655.29869999998,43.33,44.18999999999999,44.18999999999999,94743875.8,81752937.07142857,81752937.07142857,230208.43191999997,194869.66254285714,194869.66254285714
2025-12-26,ROML,INE294G01026,NSE,51.89,46.0,514800.69,1109.3077700000001,67.248,66.24857142857142,66.24857142857142,394615.69999999995,306144.8571428571,306144.8571428571,620.472008,480.5563828571429,480.5563828571429
2025-12-26,ANUP,INE294Z01018,NSE,2223.9,59.62,19163346.3,31997.961199999998,54.025999999999996,57.18428571428571,57.18428571428571,20596674.0,25122878.057142857,25122878.057142857,37539.72463999999,42872.8955,42872.8955
2025-12-26,EVERESTIND,INE295A01018,NSE,531.95,56.29,4491785.800000001,7855.3008,66.672,67.42571428571429,67.42571428571429,3259978.04,3034840.8214285714,3034840.8214285714,4918.8691,4424.160792857143,4424.160792857143
2025-12-24,SWOJAS,INE295B01016,BSE,10.21,0.0,0.0,429.244,0.0,0.0,0.0,0.0,0.0,0.0,445.40899999999993,445.40899999999993,445.40899999999993
2025-12-24,VIRATCRA,INE295C01014,BSE,39.37,0.0,0.0,55.875,0.0,0.0,0.0,0.0,0.0,0.0,98.81433333333332,98.81433333333332,98.81433333333332
2025-12-22,NACLIND,INE295D01020,NSE,161.5,67.86,9346166.5,13625.18634,69.64,69.64,69.64,21198650.384999998,21198650.384999998,21198650.384999998,31500.876357499998,31500.876357499998,31500.876357499998
2025-12-26,BUTTERFLY,INE295F01017,NSE,661.25,49.1,866237.5,1759.9872,53.248000000000005,56.67857142857143,56.67857142857143,2761086.17,3313213.3428571424,3313213.3428571424,4810.09499,5464.7348142857145,5464.7348142857145
2025-12-24,PARVATI,INE295Z01015,BSE,7.13,0.0,0.0,20.376,0.0,0.0,0.0,0.0,0.0,0.0,160.74433333333334,160.74433333333334,160.74433333333334
2025-12-26,BAJFINANCE,INE296A01032,NSE,1000.0,59.36,3093367000.0,5224036.369600001,57.576,58.68,58.68,2643609209.3199997,2639601552.028571,2639601552.028571,4626542.11486,4529380.621485715,4529380.621485715
2025-12-24,BFLZC26,INE296A07RY7,BSE,1269191.0,0.0,0.0,57113.595,0.0,0.0,0.0,0.0,0.0,0.0,57113.595,57113.595,57113.595
2025-12-26,FIBERWEB,INE296C01020,NSE,36.51,58.56,873209.6699999999,1473.4074699999999,72.038,71.68142857142857,71.68142857142857,501236.16800000006,488271.41857142857,488271.41857142857,697.9295260000001,686.5735342857143,686.5735342857143
2025-12-24,NOL,INE296D01010,BSE,78.0,0.0,0.0,344.545,0.0,0.0,0.0,0.0,0.0,0.0,568.2946666666667,568.2946666666667,568.2946666666667
2025-12-24,RAJPALAYAM,INE296E01026,BSE,813.65,0.0,0.0,1257.846,0.0,0.0,0.0,0.0,0.0,0.0,557.953,557.953,557.953
2025-12-26,MUTHOOTCAP,INE296G01013,NSE,275.35,67.68,2287057.1,3392.3508500000003,65.736,68.34,68.34,4542197.68,3769059.3214285714,3769059.3214285714,6235.55704,5159.303428571428,5159.303428571428
2025-12-24,99MCSL26,INE296G07192,BSE,5000.0,0.0,0.0,85.0,0.0,0.0,0.0,0.0,0.0,0.0,16.281,16.281,16.281
2025-12-19,10MCSL026,INE296G07242,BSE,99200.0,0.0,0.0,99.2,0.0,0.0,0.0,0.0,0.0,0.0,99.2,99.2,99.2
2025-12-17,10MCSL27B,INE296G07259,BSE,9850.0,0.0,0.0,197.0,0.0,0.0,0.0,0.0,0.0,0.0,197.0,197.0,197.0
2025-12-26,MONEYBOXX,INE296Q01012,NSE,63.4,68.54,1909164.2,2777.55752,40.769999999999996,41.878571428571426,41.878571428571426,2857949.3759999997,2252976.9871428567,2252976.9871428567,7485.127803999999,5891.5504628571425,5891.5504628571425
2025-12-24,PRIMAGR,INE297D01018,BSE,20.56,0.0,0.0,10.831,0.0,0.0,0.0,0.0,0.0,0.0,1.8936666666666666,1.8936666666666666,1.8936666666666666
2025-12-26,GALLANTT,INE297H01019,NSE,517.95,42.48,19537591.950000003,46252.69825,32.81400000000001,31.97666666666667,31.97666666666667,36283037.760000005,62744481.15,62744481.15,123032.69019999998,222526.27374999996,222526.27374999996
2025-12-24,TIRSARJ,INE297J01023,BSE,11.18,0.0,0.0,17.43,0.0,0.0,0.0,0.0,0.0,0.0,181.44566666666665,181.44566666666665,181.44566666666665
2025-12-26,CUMMINSIND,INE298A01020,NSE,4346.4,66.6,1123600903.1999998,1693710.3207999999,59.748000000000005,61.70714285714286,61.70714285714286,993440463.7,943146986.3,943146986.3,1662404.71666,1538620.567357143,1538620.567357143
2025-12-24,SOUTHERNIN,INE298B01010,BSE,24.25,0.0,0.0,25.483,0.0,0.0,0.0,0.0,0.0,0.0,20.64,20.64,20.64
2025-12-24,RESTILE,INE298E01022,BSE,6.88,0.0,0.0,65.525,0.0,0.0,0.0,0.0,0.0,0.0,76.08666666666666,76.08666666666666,76.08666666666666
2025-12-26,AJMERA,INE298G01027,NSE,965.0,50.66,16881710.0,33366.132399999995,51.68399999999999,53.19285714285713,53.19285714285713,25419021.8,27280822.5,27280822.5,48454.84888,50819.959214285715,50819.959214285715
2025-12-26,ARIES,INE298I01015,NSE,320.7,45.83,3537321.0,7701.081450000001,53.21600000000001,54.57000000000001,54.57000000000001,3631602.05,3640305.6,3640305.6,6781.54654,6668.534307142857,6668.534307142857
2025-12-26,NAM-INDIA,INE298J01013,NSE,867.15,50.95,151819754.85,300316.32425,53.727999999999994,62.77571428571428,62.77571428571428,1196951244.46,1007880731.0857143,1007880731.0857143,2234146.4546800004,1774825.596514286,1774825.596514286
2025-12-24,CHEMCRUX,INE298W01016,BSE,107.55,0.0,0.0,601.324,0.0,0.0,0.0,0.0,0.0,0.0,363.0156666666667,363.0156666666667,363.0156666666667
2025-12-24,HAMPTON,INE299D01022,BSE,15.08,0.0,0.0,920.017,0.0,0.0,0.0,0.0,0.0,0.0,327.93433333333337,327.93433333333337,327.93433333333337
2025-12-26,WAAREERTL,INE299N01021,NSE,966.4,38.74,55678169.6,144312.4205,36.622,36.90571428571428,36.90571428571428,88116239.84,89825447.94285715,89825447.94285715,244992.28678000002,248739.7390142857,248739.7390142857
2025-12-26,CROMPTON,INE299U01018,NSE,256.85,38.6,140903543.55,365898.6605,41.908,43.66428571428571,43.66428571428571,421675810.03000003,358758096.30714285,358758096.30714285,1375002.2707699998,1102098.37685,1102098.37685
2025-12-24,VIVANTA,INE299W01022,BSE,2.09,0.0,0.0,721.907,0.0,0.0,0.0,0.0,0.0,0.0,269.90833333333336,269.90833333333336,269.90833333333336
2025-12-26,SKFINDUS,INE2J8701016,NSE,2559.4,57.39,16469739.0,28647.852899999998,71.48249999999999,71.48249999999999,71.48249999999999,36299737.8,36299737.8,36299737.8,50459.164124999996,50459.164124999996,50459.164124999996
2025-12-24,GOODRICKE,INE300A01016,BSE,170.25,0.0,0.0,587.638,0.0,0.0,0.0,0.0,0.0,0.0,441.89366666666666,441.89366666666666,441.89366666666666
2025-12-24,INDINFO,INE300B01022,BSE,0.73,0.0,0.0,1127.744,0.0,0.0,0.0,0.0,0.0,0.0,1165.3093333333334,1165.3093333333334,1165.3093333333334
2025-12-26,RAYMOND,INE301A01014,NSE,421.7,45.7,93793670.6,206937.1908,49.260000000000005,47.67285714285715,47.67285714285715,58754825.89,61149690.307142854,61149690.307142854,123967.41912,133072.33912142858,133072.33912142858
2025-12-24,KKALPANAIND,INE301C01028,BSE,8.69,0.0,0.0,604.58,0.0,0.0,0.0,0.0,0.0,0.0,623.0103333333334,623.0103333333334,623.0103333333334
2025-12-26,RUBYMILLS,INE301D01026,NSE,226.7,65.23,897958.7,1376.22652,66.36800000000001,63.20714285714286,63.20714285714286,807661.166,758581.6085714287,758581.6085714287,1210.196868,1195.210455714286,1195.210455714286
2025-12-26,EXIDEIND,INE302A01020,NSE,365.15,44.22,73800831.64999999,167620.1437,45.918000000000006,45.68714285714287,45.68714285714287,196797308.07999998,192645962.04999998,192645962.04999998,427055.05847999995,420264.1337,420264.1337
2025-12-24,KREONFIN,INE302C01018,BSE,32.8,0.0,0.0,2.82,0.0,0.0,0.0,0.0,0.0,0.0,180.79466666666667,180.79466666666667,180.79466666666667
2025-12-24,RIR,INE302D01024,BSE,213.55,0.0,0.0,77234.923,0.0,0.0,0.0,0.0,0.0,0.0,27231.71133333333,27231.71133333333,27231.71133333333
2025-12-24,SAKTHIFIN,INE302E01014,BSE,37.22,0.0,0.0,338.132,0.0,0.0,0.0,0.0,0.0,0.0,51.440666666666665,51.440666666666665,51.440666666666665
2025-12-23,9SFL027A,INE302E07888,BSE,965.0,0.0,0.0,19.32,0.0,0.0,0.0,0.0,0.0,0.0,19.32,19.32,19.32
2025-12-23,SFL290825E,INE302E07938,BSE,970.0,0.0,0.0,29.1,0.0,0.0,0.0,0.0,0.0,0.0,29.1,29.1,29.1
2025-12-24,LINKPH,INE302F01011,BSE,31.5,0.0,0.0,22.909,0.0,0.0,0.0,0.0,0.0,0.0,38.045,38.045,38.045
2025-12-24,GTNTEX,INE302H01017,BSE,8.75,0.0,0.0,2.975,0.0,0.0,0.0,0.0,0.0,0.0,7.675999999999999,7.675999999999999,7.675999999999999
2025-12-23,HIKLASS,INE302R01024,BSE,22.39,0.0,0.0,0.223,0.0,0.0,0.0,0.0,0.0,0.0,3200.139,3200.139,3200.139
2025-12-26,DICIND,INE303A01010,NSE,481.5,71.2,461758.5,655.42165,64.638,64.95428571428572,64.95428571428572,593394.7100000001,678038.8357142858,678038.8357142858,928.65141,1050.3439214285715,1050.3439214285715
2025-12-26,KALYANKJIL,INE303R01014,NSE,491.15,36.58,217530826.14999998,596195.8097000001,42.967999999999996,40.11142857142857,40.11142857142857,370090383.17,361840154.4642858,361840154.4642858,847531.57558,866304.0455285715,866304.0455285715
2025-12-26,MUKANDLTD,INE304A01026,NSE,132.7,64.65,5415619.699999999,8463.34837,53.104,58.231428571428566,58.231428571428566,5256082.012,5167008.865714286,5167008.865714286,9602.827368,8854.91007,8854.91007
2025-12-24,SAMBANDAM,INE304D01012,BSE,109.8,0.0,0.0,10.98,0.0,0.0,0.0,0.0,0.0,0.0,47.57633333333334,47.57633333333334,47.57633333333334
2025-12-24,SAVFI,INE304E01010,BSE,15.88,0.0,0.0,471.841,0.0,0.0,0.0,0.0,0.0,0.0,7.845,7.845,7.845
2025-12-26,BLUESTONE,INE304W01038,NSE,493.3,37.88,23969940.3,63896.82215,50.32600000000001,47.191428571428574,47.191428571428574,40799590.510000005,40090897.84285714,40090897.84285714,79877.88163,86690.71220000002,86690.71220000002
2025-12-26,TFCILTD,INE305A01023,NSE,64.14,52.95,80973927.84,153210.36888,58.943999999999996,56.115714285714276,56.115714285714276,179293296.10399997,197201894.85714287,197201894.85714287,317858.48138199997,369147.33568285714,369147.33568285714
2025-12-26,PANAMAPET,INE305C01029,NSE,288.85,56.56,1483533.6,2622.0928,55.83,58.54285714285714,58.54285714285714,6809884.919999999,7270228.814285712,7270228.814285712,12573.534380000001,12693.853642857142,12693.853642857142
2025-12-24,SARUPINDUS,INE305D01019,BSE,148.25,0.0,0.0,39.138,0.0,0.0,0.0,0.0,0.0,0.0,158.80333333333334,158.80333333333334,158.80333333333334
2025-12-26,BAJAJHIND,INE306A01021,NSE,18.43,46.93,32343746.93,69447.01186,47.44799999999999,48.17428571428571,48.17428571428571,41971095.416,39628439.22857143,39628439.22857143,89934.40092799999,83553.13420285714,83553.13420285714
2025-12-24,SRMCL,INE306D01017,BSE,42.56,0.0,0.0,78.375,0.0,0.0,0.0,0.0,0.0,0.0,15.195333333333332,15.195333333333332,15.195333333333332
2025-12-26,QUICKHEAL,INE306L01010,NSE,273.75,32.08,6256556.25,19776.17275,39.14399999999999,41.58428571428571,41.58428571428571,6370864.890000001,7078691.528571429,7078691.528571429,16465.243949999996,16879.535685714283,16879.535685714283
2025-12-26,INTELLECT,INE306R01017,NSE,991.4,53.2,58437081.6,110839.16709999999,41.834,40.02571428571429,40.02571428571429,74223595.7,79848973.95714286,79848973.95714286,185316.7764,215355.83011428572,215355.83011428572
2025-12-24,STDSFAC,INE307D01015,BSE,50.0,0.0,0.0,6.761,0.0,0.0,0.0,0.0,0.0,0.0,1.3399999999999999,1.3399999999999999,1.3399999999999999
2025-12-24,ASTALLTD,INE307N01014,BSE,88.06,0.0,0.0,1109.082,0.0,0.0,0.0,0.0,0.0,0.0,771.735,771.735,771.735
2025-12-26,NAHARPOLY,INE308A01027,NSE,239.4,41.64,1537905.6,3732.043,36.821999999999996,32.998571428571424,32.998571428571424,1354206.5,1202474.8,1202474.8,3626.6389000000004,3592.7292571428575,3592.7292571428575
2025-12-24,ERPSOFT,INE308B01017,BSE,94.0,0.0,0.0,4.794,0.0,0.0,0.0,0.0,0.0,0.0,2.521,2.521,2.521
2025-12-24,SOUTHMG,INE308N01012,BSE,90.0,0.0,0.0,333.247,0.0,0.0,0.0,0.0,0.0,0.0,60.67733333333333,60.67733333333333,60.67733333333333
2025-12-24,HITKITGLO,INE309B01023,BSE,1.11,0.0,0.0,25.933,0.0,0.0,0.0,0.0,0.0,0.0,52.93233333333333,52.93233333333333,52.93233333333333
2025-12-24,SUGALDAM,INE309D01011,BSE,70.16,0.0,0.0,16.432,0.0,0.0,0.0,0.0,0.0,0.0,39.23433333333333,39.23433333333333,39.23433333333333
2025-12-24,VISAGAR,INE309H01038,BSE,0.42,0.0,0.0,278.308,0.0,0.0,0.0,0.0,0.0,0.0,280.86533333333335,280.86533333333335,280.86533333333335
2025-12-26,PREMIERPOL,INE309M01020,NSE,40.05,66.67,1609489.3499999999,2435.69078,36.32,36.667142857142856,36.667142857142856,1309739.632,1130463.307142857,1130463.307142857,3838.161748,3334.9729128571425,3334.9729128571425
2025-12-26,NILKAMAL,INE310A01015,NSE,1386.1,60.88,4504825.0,7409.6139,71.06800000000001,69.63857142857144,69.63857142857144,3909923.4200000004,3182477.6714285715,3182477.6714285715,5856.80374,4785.0247714285715,4785.0247714285715
2025-12-24,DANLAW,INE310B01013,BSE,796.9,0.0,0.0,611.451,0.0,0.0,0.0,0.0,0.0,0.0,809.7383333333333,809.7383333333333,809.7383333333333
2025-12-26,HINDCOMPOS,INE310C01029,NSE,443.75,60.54,837356.25,1379.51905,60.00600000000001,59.42,59.42,1564953.76,1270205.5,1270205.5,2161.73055,1813.486692857143,1813.486692857143
2025-12-24,SWITCHTE,INE311D01017,BSE,59.09,0.0,0.0,6.62,0.0,0.0,0.0,0.0,0.0,0.0,207.31499999999997,207.31499999999997,207.31499999999997
2025-12-24,ELAND,INE311H01018,BSE,13.5,0.0,0.0,104.105,0.0,0.0,0.0,0.0,0.0,0.0,98.04533333333332,98.04533333333332,98.04533333333332
2025-12-24,SHRADDHA,INE311M01018,BSE,205.1,0.0,0.0,2074.213,0.0,0.0,0.0,0.0,0.0,0.0,2099.5049999999997,2099.5049999999997,2099.5049999999997
2025-12-24,SUMUKA,INE311N01016,BSE,209.45,0.0,0.0,14825.26,0.0,0.0,0.0,0.0,0.0,0.0,17247.108333333334,17247.108333333334,17247.108333333334
2025-12-26,SYNCOMF,INE312C01025,NSE,14.44,55.37,11812107.719999999,21447.989960000003,53.556,55.94571428571429,55.94571428571429,10677130.234000001,10178711.24,10178711.24,20445.601418,18753.13700142857,18753.13700142857
2025-12-24,COROENGG,INE312J01012,BSE,99.29,0.0,0.0,17042.298,0.0,0.0,0.0,0.0,0.0,0.0,11181.988,11181.988,11181.988
2025-12-24,MADHUVEER,INE312M01016,BSE,199.9,0.0,0.0,138.408,0.0,0.0,0.0,0.0,0.0,0.0,13308.188000000002,13308.188000000002,13308.188000000002
2025-12-24,970MGICL34,INE312X08034,BSE,100000.0,0.0,0.0,200.0,0.0,0.0,0.0,0.0,0.0,0.0,200.0,200.0,200.0
2025-12-24,DHOOTIN,INE313G01016,BSE,216.6,0.0,0.0,80.711,0.0,0.0,0.0,0.0,0.0,0.0,101.586,101.586,101.586
2025-12-24,EVEXIA,INE313M01030,BSE,1.64,0.0,0.0,3755.59,0.0,0.0,0.0,0.0,0.0,0.0,4944.306,4944.306,4944.306
2025-12-24,TIRUSTA,INE314D01011,BSE,170.0,0.0,0.0,134.977,0.0,0.0,0.0,0.0,0.0,0.0,40.43866666666667,40.43866666666667,40.43866666666667
2025-12-26,KALYANIFRG,INE314G01014,NSE,626.15,75.47,423903.55,565.4398,72.598,66.13428571428572,66.13428571428572,445893.00999999995,361204.9428571428,361204.9428571428,617.9802999999999,526.9937214285713,526.9937214285713
2025-12-24,TECHNVISN,INE314H01012,BSE,7493.15,0.0,0.0,1657.628,0.0,0.0,0.0,0.0,0.0,0.0,3604.5856666666673,3604.5856666666673,3604.5856666666673
2025-12-24,NOVELIX,INE314I01036,BSE,57.67,0.0,0.0,418.448,0.0,0.0,0.0,0.0,0.0,0.0,904.7676666666666,904.7676666666666,904.7676666666666
2025-12-23,INDSOYA,INE314N01028,BSE,7.6,0.0,0.0,0.076,0.0,0.0,0.0,0.0,0.0,0.0,0.076,0.076,0.076
2025-12-26,GOKULAGRO,INE314T01033,NSE,182.3,43.41,17311390.3,40158.65971,39.298,39.86,39.86,16914267.218000002,21681734.537142854,21681734.537142854,43763.508688,53856.23028285714,53856.23028285714
2025-12-19,ECSTSTL,INE315F01013,BSE,22.8,0.0,0.0,20.52,0.0,0.0,0.0,0.0,0.0,0.0,20.52,20.52,20.52
2025-12-24,SALSAIN,INE315N01017,BSE,69.1,0.0,0.0,0.691,0.0,0.0,0.0,0.0,0.0,0.0,0.5986666666666666,0.5986666666666666,0.5986666666666666
2025-12-24,ECORECO,INE316A01038,BSE,461.6,0.0,0.0,4197.104,0.0,0.0,0.0,0.0,0.0,0.0,9711.803333333333,9711.803333333333,9711.803333333333
2025-12-24,VERTEX,INE316D01024,BSE,3.85,0.0,0.0,50.428,0.0,0.0,0.0,0.0,0.0,0.0,27.235,27.235,27.235
2025-12-24,PANCHSHEEL,INE316G01019,BSE,136.9,0.0,0.0,467.026,0.0,0.0,0.0,0.0,0.0,0.0,537.9576666666666,537.9576666666666,537.9576666666666
2025-12-26,BHARATWIRE,INE316L01019,NSE,178.93,43.76,30779717.53,71679.1279,46.220000000000006,47.80857142857143,47.80857142857143,49697191.668,39541143.66285714,39541143.66285714,127182.98154799998,98513.81449142855,98513.81449142855
2025-12-19,APIL,INE316O01021,BSE,32.14,0.0,0.0,24.824,0.0,0.0,0.0,0.0,0.0,0.0,4669.256,4669.256,4669.256
2025-12-24,NOUVEAU,INE317B01042,BSE,0.49,0.0,0.0,1.66,0.0,0.0,0.0,0.0,0.0,0.0,1.2676666666666667,1.2676666666666667,1.2676666666666667
2025-12-24,VRWODAR,INE317D01014,BSE,58.13,0.0,0.0,43.706,0.0,0.0,0.0,0.0,0.0,0.0,120.368,120.368,120.368
2025-12-26,NESCO,INE317F01035,NSE,1223.0,59.96,13625443.0,22850.8992,50.69199999999999,55.12285714285714,55.12285714285714,18826497.479999997,18613307.814285714,18613307.814285714,37058.68088,34268.601814285714,34268.601814285714
2025-12-26,METROBRAND,INE317I01021,NSE,1145.4,52.1,17662068.0,33942.4901,49.581999999999994,48.32857142857142,48.32857142857142,20202973.920000006,23043627.085714288,23043627.085714288,40035.72895999999,47726.823885714286,47726.823885714286
2025-12-24,MITSU,INE317V01016,BSE,101.92,0.0,0.0,1294.101,0.0,0.0,0.0,0.0,0.0,0.0,393.99066666666664,393.99066666666664,393.99066666666664
2025-12-26,PIDILITIND,INE318A01026,NSE,1458.6,64.28,225928388.39999998,351432.0235,61.16799999999999,60.50142857142857,60.50142857142857,278785702.58,271064858.0857143,271064858.0857143,443977.05040000007,439855.2978142858,439855.2978142858
2025-12-24,SAYAJIHOTL,INE318C01014,BSE,295.85,0.0,0.0,714.362,0.0,0.0,0.0,0.0,0.0,0.0,2793.261,2793.261,2793.261
2025-12-26,ZENITHSTL,INE318D01020,NSE,7.18,79.32,519652.5,647.87937,84.67999999999999,81.94285714285715,81.94285714285715,610966.544,509385.2614285714,509385.2614285714,753.290844,645.9099914285715,645.9099914285715
2025-12-24,SPSL,INE318K01025,BSE,13.44,0.0,0.0,0.234,0.0,0.0,0.0,0.0,0.0,0.0,19.822000000000003,19.822000000000003,19.822000000000003
2025-12-24,METSL,INE318N01011,BSE,128.85,0.0,0.0,183.225,0.0,0.0,0.0,0.0,0.0,0.0,442.0466666666666,442.0466666666666,442.0466666666666
2025-12-24,FLORACORP,INE318U01016,BSE,8.05,0.0,0.0,3.06,0.0,0.0,0.0,0.0,0.0,0.0,89.10166666666667,89.10166666666667,89.10166666666667
2025-12-26,BYKE,INE319B01014,NSE,51.92,52.19,2103850.3200000003,4024.37,57.584,56.45428571428572,56.45428571428572,1256554.494,1174407.4457142858,1174407.4457142858,2082.74752,2012.0582742857143,2012.0582742857143
2025-12-24,TUSALDAH,INE319M01011,BSE,149.1,0.0,0.0,148.343,0.0,0.0,0.0,0.0,0.0,0.0,32.687,32.687,32.687
2025-12-24,INDOEURO,INE319N01019,BSE,12.0,0.0,0.0,89.077,0.0,0.0,0.0,0.0,0.0,0.0,11.27233333333333,11.27233333333333,11.27233333333333
2025-12-24,BRPL,INE319Q01012,BSE,105.1,0.0,0.0,553.778,0.0,0.0,0.0,0.0,0.0,0.0,789.502,789.502,789.502
2025-12-24,MERCTRD,INE319T01016,BSE,7.72,0.0,0.0,67.194,0.0,0.0,0.0,0.0,0.0,0.0,472.13866666666667,472.13866666666667,472.13866666666667
2025-12-24,CONTAINER,INE319U01022,BSE,21.05,0.0,0.0,43.576,0.0,0.0,0.0,0.0,0.0,0.0,12.401666666666666,12.401666666666666,12.401666666666666
2025-12-26,TIRUPATIFL,INE319Y01024,NSE,33.9,60.38,25827765.9,42785.907159999995,66.81400000000001,65.86857142857143,65.86857142857143,5628867.206,4862804.01,4862804.01,8604.891888,7471.241924285714,7471.241924285714
2025-12-26,CENTUM,INE320B01020,NSE,2456.4,46.35,22311481.2,48008.5239,35.592,38.49142857142857,38.49142857142857,28076531.32,23725723.57142857,23725723.57142857,114192.60574,89665.23721428572,89665.23721428572
2025-12-24,BRAHMINFRA,INE320I01017,BSE,125.0,0.0,0.0,3735.8,0.0,0.0,0.0,0.0,0.0,0.0,3942.848666666667,3942.848666666667,3942.848666666667
2025-12-26,RITES,INE320J01015,NSE,252.65,19.76,333778441.5,1695052.92429,30.574,37.824285714285715,37.824285714285715,81752050.096,66476933.03428572,66476933.03428572,580761.0403799999,429330.4828871428,429330.4828871428
2025-12-26,DHUNINV,INE320L01011,NSE,1305.6,49.29,592742.3999999999,1213.7481,59.007999999999996,57.50999999999999,57.50999999999999,1514121.7600000002,1172055.0000000002,1172055.0000000002,2861.11938,2227.438357142857,2227.438357142857
2025-12-24,STARSOURCE,INE320M01019,BSE,106.55,0.0,0.0,42.793,0.0,0.0,0.0,0.0,0.0,0.0,217.979,217.979,217.979
2025-12-24,AGVENTURES,INE321D01016,BSE,129.0,0.0,0.0,550.578,0.0,0.0,0.0,0.0,0.0,0.0,659.9233333333333,659.9233333333333,659.9233333333333
2025-12-24,SONAL,INE321M01017,BSE,113.9,0.0,0.0,25.722,0.0,0.0,0.0,0.0,0.0,0.0,1635.9923333333336,1635.9923333333336,1635.9923333333336
2025-12-19,10IFSL26,INE321N07293,BSE,1073.2,0.0,0.0,76.197,0.0,0.0,0.0,0.0,0.0,0.0,76.197,76.197,76.197
2025-12-26,DOMS,INE321T01012,NSE,2572.0,42.89,17489600.0,40713.8146,47.81999999999999,48.69571428571428,48.69571428571428,22921295.1,22427062.271428574,22427062.271428574,46220.28214,45062.86977142857,45062.86977142857
2025-12-26,GILLETTE,INE322A01010,NSE,8467.0,29.62,157824880.0,530183.6835,45.974000000000004,46.120000000000005,46.120000000000005,95733532.6,89274137.71428572,89274137.71428572,268010.64989999996,237470.8922857143,237470.8922857143
2025-12-24,AANCHALISP,INE322R01022,BSE,10.2,0.0,0.0,3.049,0.0,0.0,0.0,0.0,0.0,0.0,1.8796666666666668,1.8796666666666668,1.8796666666666668
2025-12-26,BOSCHLTD,INE323A01026,NSE,35855.0,47.15,252634330.0,538051.84,56.32000000000001,52.617142857142866,52.617142857142866,402656073.0,333204212.14285713,333204212.14285713,684983.687,594618.9014285716,594618.9014285716
2025-12-26,AVONMORE,INE323B01024,NSE,18.59,78.38,1757145.39,2280.8671099999997,64.16,66.23,66.23,7005004.025999999,5566147.89,5566147.89,10797.001773999998,8579.11933142857,8579.11933142857
2025-12-26,INDIANHUME,INE323C01030,NSE,415.65,56.39,4755451.649999999,8535.47765,56.312,56.769999999999996,56.769999999999996,7071040.45,6313411.435714285,6313411.435714285,12513.155009999999,11053.715814285712,11053.715814285712
2025-12-24,POLYLINK,INE323D01020,BSE,20.25,0.0,0.0,31.211,0.0,0.0,0.0,0.0,0.0,0.0,79.91866666666667,79.91866666666667,79.91866666666667
2025-12-26,PURVA,INE323I01011,NSE,246.8,31.21,23173286.0,74241.37078,32.174,35.08142857142857,35.08142857142857,71226939.838,52243162.49428571,52243162.49428571,1110871.696588,796641.7644742858,796641.7644742858
2025-12-26,SOMICONVEY,INE323J01019,NSE,125.46,80.72,814360.86,1012.21235,54.498000000000005,58.30285714285715,58.30285714285715,477423.678,762259.1728571429,762259.1728571429,1050.359322,1380.3285171428572,1380.3285171428572
2025-12-24,KABRADG,INE323K01017,BSE,29.4,0.0,0.0,15297.784,0.0,0.0,0.0,0.0,0.0,0.0,1534.301666666667,1534.301666666667,1534.301666666667
2025-12-26,JINDALSAW,INE324A01032,NSE,166.12,47.89,45897959.28,96217.47413,47.538,48.712857142857146,48.712857142857146,100560282.61199999,87176407.25999999,87176407.25999999,227840.679262,192245.15128285714,192245.15128285714
2025-12-26,LGEINDIA,INE324D01010,NSE,1522.2,65.53,390340790.40000004,596890.9777,57.5,57.644285714285715,57.644285714285715,576789953.1,562112990.4142858,562112990.4142858,993026.4445400002,964420.2516857145,964420.2516857145
2025-12-26,RPPINFRA,INE324L01013,NSE,103.54,57.52,4411632.32,7701.92902,45.206,45.29285714285714,45.29285714285714,7272171.978,6314726.844285714,6314726.844285714,18588.697121999998,15804.481825714285,15804.481825714285
2025-12-26,SARVESHWAR,INE324X01026,NSE,4.36,51.76,6173982.36,11932.95934,51.726,43.98857142857143,43.98857142857143,10934999.608,10933460.841428569,10933460.841428569,21317.598152,27457.71244,27457.71244
2025-12-26,TIMKEN,INE325A01013,NSE,2988.0,62.4,27122076.0,43811.3803,59.6,59.660000000000004,59.660000000000004,37475861.0,38420373.75714286,38420373.75714286,62290.31562000001,64480.784542857145,64480.784542857145
2025-12-26,DOLLAR,INE325C01035,NSE,358.45,73.55,7709901.05,10573.7613,63.788,60.972857142857144,60.972857142857144,7085394.5200000005,10403463.985714287,10403463.985714287,11247.648149999999,17039.21059285714,17039.21059285714
2025-12-26,SINDHUTRAD,INE325D01025,NSE,19.6,40.86,14632634.8,36531.77951,67.44000000000001,64.48428571428572,64.48428571428572,8952223.190000001,8566438.574285714,8566438.574285714,13281.166889999999,13547.705365714284,13547.705365714284
2025-12-24,AVAILFC,INE325G01010,BSE,154.95,0.0,0.0,785.769,0.0,0.0,0.0,0.0,0.0,0.0,2246.0423333333333,2246.0423333333333,2246.0423333333333
2025-12-24,RIDDHICORP,INE325X01015,BSE,64.88,0.0,0.0,21.174,0.0,0.0,0.0,0.0,0.0,0.0,361.7223333333333,361.7223333333333,361.7223333333333
2025-12-26,LUPIN,INE326A01037,NSE,2112.4,81.7,1704320230.8000002,2081211.1224,59.977999999999994,61.30285714285714,61.30285714285714,582671866.1200001,680698769.4571428,680698769.4571428,963464.6653400001,1105442.0488000002,1105442.0488000002
2025-12-26,ALMONDZ,INE326B01035,NSE,16.99,64.51,623906.7799999999,975.59664,71.03399999999999,74.45,74.45,1880683.2859999998,1830146.9871428572,1830146.9871428572,2652.9469040000004,2487.6107214285717,2487.6107214285717
2025-12-24,ACKNIT,INE326C01017,BSE,262.55,0.0,0.0,24.946,0.0,0.0,0.0,0.0,0.0,0.0,132.45366666666663,132.45366666666663,132.45366666666663
2025-12-26,NIRAJISPAT,INE326T01011,NSE,205.89,100.0,21618.449999999997,21.645580000000002,74.138,69.41285714285713,69.41285714285713,28065.43,30448.94857142857,30448.94857142857,42.403346,53.35756142857143,53.35756142857143
2025-12-24,GOLKONDA,INE327C01031,BSE,7.51,0.0,0.0,99.647,0.0,0.0,0.0,0.0,0.0,0.0,72.52766666666666,72.52766666666666,72.52766666666666
2025-12-24,KARANWO,INE327D01013,BSE,11.95,0.0,0.0,15.718,0.0,0.0,0.0,0.0,0.0,0.0,27.813333333333336,27.813333333333336,27.813333333333336
2025-12-24,SAYAJIIND,INE327G01032,BSE,66.4,0.0,0.0,30.487,0.0,0.0,0.0,0.0,0.0,0.0,88.17833333333334,88.17833333333334,88.17833333333334
2025-12-24,PEETISEC,INE328D01011,BSE,23.25,0.0,0.0,39.556,0.0,0.0,0.0,0.0,0.0,0.0,8.1695,8.1695,8.1695
2025-12-24,ESHAMEDIA,INE328F01016,BSE,41.5,0.0,0.0,624.898,0.0,0.0,0.0,0.0,0.0,0.0,736.1730000000001,736.1730000000001,736.1730000000001
2025-12-24,TRANSCOR,INE330E01023,BSE,23.32,0.0,0.0,25.599,0.0,0.0,0.0,0.0,0.0,0.0,65.33699999999999,65.33699999999999,65.33699999999999
2025-12-26,HAPPYFORGE,INE330T01021,NSE,1088.7,49.68,13358349.0,26847.6967,54.327999999999996,56.60428571428571,56.60428571428571,22957087.18,20684021.471428573,20684021.471428573,41564.93004,36390.329685714285,36390.329685714285
2025-12-26,RAMCOCEM,INE331A01037,NSE,1063.2,57.71,216842829.60000002,379551.0474,63.948,65.83000000000001,65.83000000000001,195466297.78000003,193926215.0857143,193926215.0857143,296867.4815,283064.0536142857,283064.0536142857
2025-12-24,WELCURE,INE331C01025,BSE,0.45,0.0,0.0,6012.407,0.0,0.0,0.0,0.0,0.0,0.0,6446.077,6446.077,6446.077
2025-12-24,SESHACHAL,INE331F01028,BSE,47.72,0.0,0.0,2.147,0.0,0.0,0.0,0.0,0.0,0.0,3.395666666666667,3.395666666666667,3.395666666666667
2025-12-24,MSRINDIA,INE331L01026,BSE,3.44,0.0,0.0,144.325,0.0,0.0,0.0,0.0,0.0,0.0,102.69766666666668,102.69766666666668,102.69766666666668
2025-12-26,THOMASCOOK,INE332A01027,NSE,142.85,44.54,20278557.45,45560.49942,48.32,49.035714285714285,49.035714285714285,38417961.184,38449786.37857143,38449786.37857143,77013.348658,76685.41155285714,76685.41155285714
2025-12-24,REFEXRENEW,INE332F01018,BSE,286.15,0.0,0.0,834.935,0.0,0.0,0.0,0.0,0.0,0.0,1908.9256666666668,1908.9256666666668,1908.9256666666668
2025-12-26,INDOTECH,INE332H01014,NSE,1550.6,51.15,9027593.2,17779.2885,54.166,53.39714285714285,53.39714285714285,7124525.38,7168219.214285715,7168219.214285715,12985.048060000001,13359.251371428572,13359.251371428572
2025-12-24,KAPILRAJ,INE332Q01023,BSE,3.19,0.0,0.0,302.301,0.0,0.0,0.0,0.0,0.0,0.0,408.45200000000006,408.45200000000006,408.45200000000006
2025-12-24,INDLEASE,INE333C01013,BSE,9.38,0.0,0.0,2.874,0.0,0.0,0.0,0.0,0.0,0.0,4.590333333333334,4.590333333333334,4.590333333333334
2025-12-24,UNIQUEO,INE333E01019,BSE,95.65,0.0,0.0,179.219,0.0,0.0,0.0,0.0,0.0,0.0,172.0533333333333,172.0533333333333,172.0533333333333
2025-12-24,MRCAGRO,INE333Y01017,BSE,48.93,0.0,0.0,5734.938,0.0,0.0,0.0,0.0,0.0,0.0,5458.648,5458.648,5458.648
2025-12-26,STERTOOLS,INE334A01023,NSE,276.5,51.03,11618806.5,23076.534600000003,47.346,48.32,48.32,8712827.91,7174863.471428572,7174863.471428572,19437.116179999997,15723.82649285714,15723.82649285714
2025-12-24,EVERESTO,INE334C01029,BSE,476.0,0.0,0.0,766.705,0.0,0.0,0.0,0.0,0.0,0.0,551.5536666666667,551.5536666666667,551.5536666666667
2025-12-24,VBIND,INE334E01017,BSE,5.99,0.0,0.0,248.573,0.0,0.0,0.0,0.0,0.0,0.0,208.35566666666662,208.35566666666662,208.35566666666662
2025-12-26,SURYAROSNI,INE335A01020,NSE,267.05,55.24,25500871.55,46332.74935,55.874,55.10142857142858,55.10142857142858,52963000.019999996,51591486.3,51591486.3,92859.31921999999,92392.0262,92392.0262
2025-12-24,EXPLICITFIN,INE335G01019,BSE,11.77,0.0,0.0,10.57,0.0,0.0,0.0,0.0,0.0,0.0,2.2173333333333334,2.2173333333333334,2.2173333333333334
2025-12-26,COFFEEDAY,INE335K01011,NSE,35.3,53.57,5831065.8,10935.219949999999,51.414,55.965714285714284,55.965714285714284,11987721.546,25915687.532857146,25915687.532857146,23223.737584,39555.96438142857,39555.96438142857
2025-12-24,RNITAI,INE335Q01026,BSE,51.74,0.0,0.0,9905.029,0.0,0.0,0.0,0.0,0.0,0.0,4482.617333333334,4482.617333333334,4482.617333333334
2025-12-26,GANGESSECU,INE335W01016,NSE,137.72,98.17,192532.56,195.27285,66.21000000000001,69.14714285714287,69.14714285714287,192279.226,274517.1542857143,274517.1542857143,306.48721200000006,419.81772,419.81772
2025-12-26,IRCTC,INE335Y01020,NSE,705.5,25.62,1297690350.5,5041029.947600001,47.215999999999994,47.85857142857143,47.85857142857143,313775488.6,253723751.95000002,253723751.95000002,689215.20358,553662.9622571429,553662.9622571429
2025-12-24,RATHIST,INE336C01016,BSE,27.4,0.0,0.0,4456.2,0.0,0.0,0.0,0.0,0.0,0.0,1580.3126666666667,1580.3126666666667,1580.3126666666667
2025-12-24,ANNAINFRA,INE336D01014,BSE,27.08,0.0,0.0,8.042,0.0,0.0,0.0,0.0,0.0,0.0,8.042,8.042,8.042
2025-12-26,TOTAL,INE336X01012,NSE,76.73,39.58,113100.02,289.90999,59.28599999999999,65.15857142857142,65.15857142857142,399998.252,518901.5514285714,518901.5514285714,879.645868,928.1863400000001,928.1863400000001
2025-12-26,LGBBROSLTD,INE337A01034,NSE,1788.1,56.89,47220144.8,83600.4645,40.833999999999996,41.964285714285715,41.964285714285715,37491773.5,38643285.1,38643285.1,89902.3989,90848.76439999999,90848.76439999999
2025-12-24,VIKRAMTH,INE337E01010,BSE,163.0,0.0,0.0,399.577,0.0,0.0,0.0,0.0,0.0,0.0,390.4646666666667,390.4646666666667,390.4646666666667
2025-12-26,TIRUMALCHM,INE338A01024,NSE,239.84,55.51,19916553.44,35546.431,48.89,48.86714285714286,48.86714285714286,19138401.235999998,16487646.85142857,16487646.85142857,44291.981199999995,37416.66240714286,37416.66240714286
2025-12-24,ASHSI,INE338C01012,BSE,29.4,0.0,0.0,3.992,0.0,0.0,0.0,0.0,0.0,0.0,11.395333333333333,11.395333333333333,11.395333333333333
2025-12-26,BODALCHEM,INE338D01028,NSE,53.67,56.49,3207372.87,5660.45955,57.160000000000004,56.768571428571434,56.768571428571434,2669474.5200000005,2518644.257142857,2518644.257142857,4719.253194,4470.015047142858,4470.015047142858
2025-12-24,KLBRENG-B,INE338F01015,BSE,568.9,0.0,0.0,66429.162,0.0,0.0,0.0,0.0,0.0,0.0,35566.693999999996,35566.693999999996,35566.693999999996
2025-12-26,CONCORDBIO,INE338H01029,NSE,1340.0,69.93,24674760.0,35302.9853,55.7,55.955714285714286,55.955714285714286,44330072.660000004,43601238.15714286,43601238.15714286,76524.66578,76055.9283,76055.9283
2025-12-26,MOTILALOFS,INE338I01027,NSE,863.35,44.67,315954156.05,714056.06985,42.93600000000001,46.55857142857143,46.55857142857143,380559758.57,347969868.12142855,347969868.12142855,950959.93769,816818.5920714287,816818.5920714287
2025-12-17,93MOFSL34,INE338I07115,BSE,1060.0,0.0,0.0,318.0,0.0,0.0,0.0,0.0,0.0,0.0,318.0,318.0,318.0
2025-12-23,885MOFSL26,INE338I07131,BSE,1051.78,0.0,0.0,10.517,0.0,0.0,0.0,0.0,0.0,0.0,10.517,10.517,10.517
2025-12-23,91MOFSL27,INE338I07149,BSE,1016.1,0.0,0.0,50.805,0.0,0.0,0.0,0.0,0.0,0.0,50.805,50.805,50.805
2025-12-24,925MOFSL32,INE338I07172,BSE,104600.0,0.0,0.0,104.6,0.0,0.0,0.0,0.0,0.0,0.0,418.0,418.0,418.0
2025-12-24,EVERFIN,INE339D01034,BSE,116.95,0.0,0.0,0.787,0.0,0.0,0.0,0.0,0.0,0.0,5.2316666666666665,5.2316666666666665,5.2316666666666665
2025-12-24,POLSON,INE339F01021,BSE,11167.0,0.0,0.0,33.501,0.0,0.0,0.0,0.0,0.0,0.0,175.54966666666667,175.54966666666667,175.54966666666667
2025-12-26,BIRLACORPN,INE340A01012,NSE,1076.3,50.06,35469466.5,70567.3423,55.63800000000001,61.45571428571429,61.45571428571429,26545099.859999996,36695555.17142857,36695555.17142857,47504.53348,57101.63708571428,57101.63708571428
2025-12-24,GARWSYN,INE340D01016,BSE,14.8,0.0,0.0,7.651,0.0,0.0,0.0,0.0,0.0,0.0,9.942333333333334,9.942333333333334,9.942333333333334
2025-12-24,DUNCANENG,INE340F01011,BSE,452.1,0.0,0.0,14.987,0.0,0.0,0.0,0.0,0.0,0.0,146.048,146.048,146.048
2025-12-24,MMLF,INE340O01021,BSE,0.78,0.0,0.0,167.731,0.0,0.0,0.0,0.0,0.0,0.0,287.737,287.737,287.737
2025-12-24,AUTOINT,INE340U01010,BSE,646.7,0.0,0.0,3658.372,0.0,0.0,0.0,0.0,0.0,0.0,358.026,358.026,358.026
2025-12-24,LKPSEC,INE341H01023,BSE,16.69,0.0,0.0,296.55,0.0,0.0,0.0,0.0,0.0,0.0,364.6376666666667,364.6376666666667,364.6376666666667
2025-12-26,DTIL,INE341R01014,NSE,160.74,69.22,184690.26,267.91745000000003,68.976,69.70285714285714,69.70285714285714,178687.226,214070.88999999998,214070.88999999998,257.099768,306.0092514285715,306.0092514285715
2025-12-24,BHATIA,INE341Z01025,BSE,23.77,0.0,0.0,2352.154,0.0,0.0,0.0,0.0,0.0,0.0,924.8483333333334,924.8483333333334,924.8483333333334
2025-12-24,INDGELA,INE342D01012,BSE,336.55,0.0,0.0,78.077,0.0,0.0,0.0,0.0,0.0,0.0,99.44733333333333,99.44733333333333,99.44733333333333
2025-12-26,NIITMTS,INE342G01023,NSE,437.0,46.56,14221291.0,30568.6676,36.496,39.244285714285716,39.244285714285716,15649365.020000001,15482082.514285715,15482082.514285715,50949.895580000004,45522.44340714286,45522.44340714286
2025-12-26,ZFCVINDIA,INE342J01019,NSE,14767.0,58.25,124013266.0,213383.552,53.826,55.73857142857143,55.73857142857143,265635937.4,339792902.4285714,339792902.4285714,486275.9956,568984.4835714286,568984.4835714286
2025-12-19,AIHL,INE342U01016,BSE,42.12,0.0,0.0,37.872,0.0,0.0,0.0,0.0,0.0,0.0,8.078,8.078,8.078
2025-12-24,MPL,INE343A01016,BSE,8.08,0.0,0.0,127.083,0.0,0.0,0.0,0.0,0.0,0.0,39.507,39.507,39.507
2025-12-24,RAJESHEXPO,INE343B01030,NSE,223.97,24.71,181001355.5,731509.6169,34.726,37.736666666666665,37.736666666666665,237613038.99799997,203176432.56499997,203176432.56499997,2093192.6043019998,1754150.6140766665,1754150.6140766665
2025-12-24,GROVY,INE343C01012,BSE,49.0,0.0,0.0,65.322,0.0,0.0,0.0,0.0,0.0,0.0,115.59266666666667,115.59266666666667,115.59266666666667
2025-12-26,BHARTIHEXA,INE343G01021,NSE,1828.0,52.05,58013408.0,111043.3474,54.541999999999994,51.33571428571428,51.33571428571428,113408623.44000001,119905086.60000001,119905086.60000001,211855.4986,245722.7002857143,245722.7002857143
2025-12-26,SOLARINDS,INE343H01029,NSE,12437.0,36.02,580198487.0,1626959.265,45.01,45.029999999999994,45.029999999999994,719163915.4,624992066.8571428,624992066.8571428,1660239.2354000001,1432250.355,1432250.355
2025-12-24,MEERA,INE343X01018,BSE,63.0,0.0,0.0,195.123,0.0,0.0,0.0,0.0,0.0,0.0,385.849,385.849,385.849
2025-12-24,KAMANWALA,INE344D01018,BSE,17.02,0.0,0.0,48.178,0.0,0.0,0.0,0.0,0.0,0.0,21.121,21.121,21.121
2025-12-24,SHUKJEW,INE344E01016,BSE,8.08,0.0,0.0,8.08,0.0,0.0,0.0,0.0,0.0,0.0,2.31,2.31,2.31
2025-12-24,SONALAD,INE344I01017,BSE,43.37,0.0,0.0,212.037,0.0,0.0,0.0,0.0,0.0,0.0,66.73066666666666,66.73066666666666,66.73066666666666
2025-12-26,INFOBEAN,INE344S01016,NSE,780.6,24.85,49366705.2,194586.8808,26.436,27.272857142857145,27.272857142857145,50424173.78,54201586.73571428,54201586.73571428,210433.17658000003,217878.45010714285,217878.45010714285
2025-12-26,BELLACASA,INE344T01014,NSE,371.85,61.96,1140463.95,1855.5761499999999,66.52600000000001,65.09857142857143,65.09857142857143,1575019.11,1512300.2928571429,1512300.2928571429,2359.486,2328.962807142857,2328.962807142857
2025-12-24,CHOTHANI,INE344X01016,BSE,18.43,0.0,0.0,92.15,0.0,0.0,0.0,0.0,0.0,0.0,2956.975,2956.975,2956.975
2025-12-26,HINDOILEXP,INE345A01011,NSE,154.83,59.63,13817648.520000001,23149.273920000003,47.651999999999994,48.015714285714274,48.015714285714274,13442638.959999999,14810552.09,14810552.09,28260.039156000003,30620.859395714284,30620.859395714284
2025-12-26,CIFL,INE345H01024,NSE,38.53,47.09,17215204.0,36611.204840000006,53.6,54.04571428571428,54.04571428571428,9947485.29,8474386.304285714,8474386.304285714,18530.732654,15737.973338571426,15737.973338571426
2025-12-24,HCKKVENTURE,INE345Q01017,BSE,32.5,0.0,0.0,1.335,0.0,0.0,0.0,0.0,0.0,0.0,151.22866666666667,151.22866666666667,151.22866666666667
2025-12-26,ICICIAMC,INE346A01027,NSE,2629.8,48.38,877798312.2,1813091.044,60.3575,60.3575,60.3575,17504691066.975002,17504691066.975002,17504691066.975002,26285863.0662,26285863.0662,26285863.0662
2025-12-24,NCML,INE346R01013,BSE,124.7,0.0,0.0,13188.64,0.0,0.0,0.0,0.0,0.0,0.0,3286.72,3286.72,3286.72
2025-12-26,APEX,INE346W01013,NSE,275.75,23.69,17009087.25,72075.80709999999,28.976,24.390000000000004,24.390000000000004,34717951.739999995,62936827.43571428,62936827.43571428,192833.95449,860278.6820285714,860278.6820285714
2025-12-26,MANGLMCEM,INE347A01017,NSE,768.75,76.36,41706993.75,54663.968,66.682,64.4057142857143,64.4057142857143,39051386.77,31779473.78571429,31779473.78571429,57891.17375,48016.87727142858,48016.87727142858
2025-12-24,RUNGTAIR,INE347C01013,BSE,60.0,0.0,0.0,13.898,0.0,0.0,0.0,0.0,0.0,0.0,58.653999999999996,58.653999999999996,58.653999999999996
2025-12-24,LERTHAI,INE347D01011,BSE,560.55,0.0,0.0,0.56,0.0,0.0,0.0,0.0,0.0,0.0,1.6940000000000002,1.6940000000000002,1.6940000000000002
2025-12-26,PETRONET,INE347G01014,NSE,281.7,46.52,108636196.5,233643.54965,60.854,60.69,60.69,281376103.53999996,271718416.9642857,271718416.9642857,455704.53381000005,442966.12770714285,442966.12770714285
2025-12-24,INDICAP,INE347H01012,BSE,4.85,0.0,0.0,10.045,0.0,0.0,0.0,0.0,0.0,0.0,21.706333333333333,21.706333333333333,21.706333333333333
2025-12-24,VLL,INE347L01022,BSE,43.0,0.0,0.0,1.121,0.0,0.0,0.0,0.0,0.0,0.0,0.279,0.279,0.279
2025-12-26,MAGADSUGAR,INE347W01011,NSE,508.95,77.96,563407.65,724.3655500000001,65.56800000000001,64.9857142857143,64.9857142857143,871160.03,1063734.3785714286,1063734.3785714286,1312.9252000000001,1618.2000142857141,1618.2000142857141
2025-12-26,ASHAPURMIN,INE348A01023,NSE,894.95,25.6,383027860.6,1504551.35955,35.256,36.49571428571429,36.49571428571429,424667087.78999996,358860757.5642857,358860757.5642857,1272620.31629,1050628.011092857,1050628.011092857
2025-12-26,CENTURYPLY,INE348B01021,NSE,826.9,41.88,8695680.4,20813.682699999998,41.342,41.77285714285715,41.77285714285715,21352826.55,19805770.900000002,19805770.900000002,57601.2466,51872.86990714285,51872.86990714285
2025-12-24,MUNOTHFI,INE348D01019,BSE,40.57,0.0,0.0,1.297,0.0,0.0,0.0,0.0,0.0,0.0,1.297,1.297,1.297
2025-12-24,BERVINL,INE348I01018,BSE,58.0,0.0,0.0,15.18,0.0,0.0,0.0,0.0,0.0,0.0,6.272666666666667,6.272666666666667,6.272666666666667
2025-12-26,MASFIN,INE348L01012,NSE,315.85,60.16,14842739.05,24762.69255,57.998000000000005,58.46,58.46,22447124.68,20617193.028571427,20617193.028571427,38775.38984,35427.84042142857,35427.84042142857
2025-12-19,94MFSL26,INE348L07258,BSE,9888.83,0.0,0.0,9.888,0.0,0.0,0.0,0.0,0.0,0.0,49.535,49.535,49.535
2025-12-24,91MFSL27,INE348L07332,BSE,10000.0,0.0,0.0,10.0,0.0,0.0,0.0,0.0,0.0,0.0,10.0,10.0,10.0
2025-12-24,MANBRO,INE348N01034,BSE,390.0,0.0,0.0,564.141,0.0,0.0,0.0,0.0,0.0,0.0,9.033666666666667,9.033666666666667,9.033666666666667
2025-12-26,NRBBEARING,INE349A01021,NSE,273.8,47.44,46266176.4,98091.82895000001,54.65599999999999,57.699999999999996,57.699999999999996,36047275.85,38585583.071428575,38585583.071428575,62796.77438999999,62449.8865,62449.8865
2025-12-26,AVADHSUGAR,INE349W01017,NSE,370.15,50.5,3558992.25,7063.64425,55.996,57.410000000000004,57.410000000000004,7791566.42,8709211.371428572,8709211.371428572,13964.103200000001,15251.698335714285,15251.698335714285
2025-12-26,IDEAFORGE,INE349Y01013,NSE,483.05,19.31,47906483.75,248451.57725,20.056000000000004,28.461428571428574,28.461428571428574,132781650.82000001,100456259.38571429,100456259.38571429,1549057.2632000002,1117897.9432428572,1117897.9432428572
2025-12-26,OPTIEMUS,INE350C01017,NSE,496.7,63.12,26131387.0,41872.7535,53.886,53.54714285714285,53.54714285714285,25625958.8,22965887.042857144,22965887.042857144,47677.80928,42880.86669285714,42880.86669285714
2025-12-24,RAPICUT,INE350D01015,BSE,125.36,0.0,0.0,1097.811,0.0,0.0,0.0,0.0,0.0,0.0,737.078,737.078,737.078
2025-12-26,BLKASHYAP,INE350H01032,NSE,50.2,71.9,9031733.0,12624.639720000001,50.788,43.05428571428571,43.05428571428571,7625797.6219999995,18125172.28857143,18125172.28857143,15054.527815999998,81893.85843428572,81893.85843428572
2025-12-26,GLOSTERLTD,INE350Z01018,NSE,652.25,64.43,1215794.0,1872.73345,72.25,71.21714285714286,71.21714285714286,3591380.03,2978728.6071428573,2978728.6071428573,4724.56117,3909.8918714285714,3909.8918714285714
2025-12-26,UNICHEMLAB,INE351A01035,NSE,445.3,72.44,2525296.3000000003,3485.9311000000002,59.664,60.44714285714286,60.44714285714286,3979105.1,3755337.8357142857,3755337.8357142857,6418.131289999999,6043.396242857144,6043.396242857144
2025-12-26,JPPOWER,INE351F01018,NSE,17.31,54.58,284928502.71,525968.12858,39.676,41.25142857142857,41.25142857142857,207545777.546,202827002.67000002,202827002.67000002,535956.786404,505349.5569571429,505349.5569571429
2025-12-24,SEATV,INE351L01016,BSE,4.32,0.0,0.0,6.127,0.0,0.0,0.0,0.0,0.0,0.0,8.675333333333333,8.675333333333333,8.675333333333333
2025-12-26,BETA,INE351Y01019,NSE,1554.2,73.68,5271846.4,7191.0972,62.251999999999995,61.980000000000004,61.980000000000004,4612165.4,3928198.557142857,3928198.557142857,7318.1007,6367.710685714286,6367.710685714286
2025-12-26,NDLVENTURE,INE353A01023,NSE,88.95,86.88,253774.35,291.34779,73.432,74.74142857142859,74.74142857142859,1021275.76,899551.2285714286,899551.2285714286,1328.221546,1162.9079814285712,1162.9079814285712
2025-12-26,SGL,INE353H01010,NSE,12.82,71.27,40703.5,56.853370000000005,74.87400000000001,62.81000000000001,62.81000000000001,118991.60800000001,154280.98714285714,154280.98714285714,163.70945,521.6886342857143,521.6886342857143
2025-12-26,ITDC,INE353K01014,NSE,593.35,15.34,37755453.85,252847.99055000002,46.098,48.011428571428574,48.011428571428574,5387123.88,4788661.157142857,4788661.157142857,11655.16134,10203.932035714286,10203.932035714286
2025-12-24,JENBURPH,INE354A01013,BSE,1088.95,0.0,0.0,1247.629,0.0,0.0,0.0,0.0,0.0,0.0,434.7166666666667,434.7166666666667,434.7166666666667
2025-12-26,BHAGERIA,INE354C01027,NSE,182.91,47.82,2786999.67,5846.14993,54.20400000000001,54.50428571428572,54.50428571428572,5888277.8100000005,6023851.242857142,6023851.242857142,10552.66975,10856.042095714283,10856.042095714283
2025-12-24,SIMRAN,INE354D01017,BSE,171.15,0.0,0.0,529.034,0.0,0.0,0.0,0.0,0.0,0.0,233.35566666666668,233.35566666666668,233.35566666666668
2025-12-24,ATHARVENT,INE354E01031,BSE,3.2,0.0,0.0,446.18,0.0,0.0,0.0,0.0,0.0,0.0,248.30899999999997,248.30899999999997,248.30899999999997
2025-12-26,SOMANYCERA,INE355A01028,NSE,411.4,67.4,3365663.4,4981.3561,68.954,66.89142857142856,66.89142857142856,5788583.9799999995,5493008.8071428565,5493008.8071428565,8267.8958,7847.8231428571435,7847.8231428571435
2025-12-24,BNRUDY,INE355C01016,BSE,42.59,0.0,0.0,8.556,0.0,0.0,0.0,0.0,0.0,0.0,8.398333333333333,8.398333333333333,8.398333333333333
2025-12-24,TAVERNIER,INE355H01015,BSE,68.62,0.0,0.0,322.403,0.0,0.0,0.0,0.0,0.0,0.0,40.78933333333333,40.78933333333333,40.78933333333333
2025-12-26,MPHASIS,INE356A01018,NSE,2850.6,47.78,207019123.79999998,435244.41589999996,51.45,51.10142857142858,51.10142857142858,754466414.5,639731837.0714285,639731837.0714285,1481799.5086800002,1258982.509242857,1258982.509242857
2025-12-26,SYSTMTXC,INE356B01024,NSE,152.19,19.21,2163685.23,11357.08516,13.284,12.381428571428572,12.381428571428572,1439812.9899999998,1442154.5985714286,1442154.5985714286,10726.429246,11628.788081428573,11628.788081428573
2025-12-24,BKV,INE356C01022,BSE,9.41,0.0,0.0,43.124,0.0,0.0,0.0,0.0,0.0,0.0,13.369,13.369,13.369
2025-12-24,JINDCAP,INE356F01017,BSE,34.58,0.0,0.0,171.986,0.0,0.0,0.0,0.0,0.0,0.0,79.66266666666667,79.66266666666667,79.66266666666667
2025-12-24,RAMINFO,INE357B01022,BSE,71.19,0.0,0.0,122.779,0.0,0.0,0.0,0.0,0.0,0.0,563.052,563.052,563.052
2025-12-26,ABBOTINDIA,INE358A01014,NSE,28905.0,46.97,52375860.0,111067.675,59.374,57.15,57.15,168467973.0,130986755.71428572,130986755.71428572,231333.61599999998,186122.9314285714,186122.9314285714
2025-12-24,CEEJAY,INE358C01010,BSE,164.7,0.0,0.0,44.62,0.0,0.0,0.0,0.0,0.0,0.0,65.36399999999999,65.36399999999999,65.36399999999999
2025-12-24,TAIIND,INE358D01018,BSE,28.03,0.0,0.0,19.042,0.0,0.0,0.0,0.0,0.0,0.0,14.161666666666667,14.161666666666667,14.161666666666667
2025-12-19,SERIND,INE358F01013,BSE,785.2,0.0,0.0,21.985,0.0,0.0,0.0,0.0,0.0,0.0,1313.352,1313.352,1313.352
2025-12-26,ZOTA,INE358U01012,NSE,1536.6,63.42,60571235.4,95825.21340000001,64.05800000000002,62.537142857142875,62.537142857142875,75135133.3,77184309.45714286,77184309.45714286,120851.59802,126480.8692,126480.8692
2025-12-24,INVIGO,INE359A01012,BSE,6.09,0.0,0.0,11.858,0.0,0.0,0.0,0.0,0.0,0.0,35.455999999999996,35.455999999999996,35.455999999999996
2025-12-24,VEDAVAAG,INE359B01010,BSE,30.51,0.0,0.0,842.532,0.0,0.0,0.0,0.0,0.0,0.0,3869.3486666666668,3869.3486666666668,3869.3486666666668
2025-12-24,INLCM,INE359D01024,BSE,1698.25,0.0,0.0,2450.02,0.0,0.0,0.0,0.0,0.0,0.0,3346.3356666666664,3346.3356666666664,3346.3356666666664
2025-12-24,LANCER,INE359U01028,BSE,13.76,0.0,0.0,1786.54,0.0,0.0,0.0,0.0,0.0,0.0,2429.1903333333335,2429.1903333333335,2429.1903333333335
2025-12-26,DPSCLTD,INE360C01024,NSE,9.92,64.31,1027166.4,1593.43008,81.95,78.73714285714286,78.73714285714286,976973.9459999999,961662.7999999999,961662.7999999999,1167.511676,1211.9589457142858,1211.9589457142858
2025-12-24,TRANSFRE,INE360D01014,BSE,22.86,0.0,0.0,58.358,0.0,0.0,0.0,0.0,0.0,0.0,110.38866666666667,110.38866666666667,110.38866666666667
2025-12-24,SURYAAMBA,INE360J01011,BSE,120.15,0.0,0.0,84.835,0.0,0.0,0.0,0.0,0.0,0.0,14.955666666666664,14.955666666666664,14.955666666666664
2025-12-26,FMNL,INE360L01017,NSE,9.04,79.9,423126.23999999993,525.5615,75.936,78.86857142857143,78.86857142857143,667765.9480000001,598075.6142857143,598075.6142857143,923.41081,806.9145457142857,806.9145457142857
2025-12-24,ARYAVAN,INE360S01012,BSE,39.03,0.0,0.0,54.33,0.0,0.0,0.0,0.0,0.0,0.0,341.27133333333336,341.27133333333336,341.27133333333336
2025-12-24,MHFLZC26,INE360T07082,BSE,1840.21,0.0,0.0,511.578,0.0,0.0,0.0,0.0,0.0,0.0,507.275,507.275,507.275
2025-12-26,DIVISLAB,INE361B01024,NSE,6427.5,70.79,1149789765.0,1631035.2765,57.532,60.817142857142855,60.817142857142855,1309931034.5,1162319779.5,1162319779.5,2442486.9906,2073886.4379285716,2073886.4379285716
2025-12-24,UNIABEXAL,INE361D01012,BSE,3053.5,0.0,0.0,1624.541,0.0,0.0,0.0,0.0,0.0,0.0,3068.1983333333337,3068.1983333333337,3068.1983333333337
2025-12-24,GODAVARI,INE362C01012,BSE,81.78,0.0,0.0,67.196,0.0,0.0,0.0,0.0,0.0,0.0,171.6353333333333,171.6353333333333,171.6353333333333
2025-12-24,VIJSOLX,INE362D01010,BSE,704.05,0.0,0.0,178.793,0.0,0.0,0.0,0.0,0.0,0.0,33.407333333333334,33.407333333333334,33.407333333333334
2025-12-26,ASIANHOTNR,INE363A01022,NSE,315.1,16.09,732292.4,4558.29645,35.576,32.144285714285715,32.144285714285715,1529053.6,1364083.607142857,1364083.607142857,4341.700290000001,4257.952564285714,4257.952564285714
2025-12-24,SBFL,INE363D01018,BSE,25.0,0.0,0.0,0.299,0.0,0.0,0.0,0.0,0.0,0.0,14.663333333333334,14.663333333333334,14.663333333333334
2025-12-24,SYNTHFO,INE363L01045,BSE,1646.2,0.0,0.0,2187.799,0.0,0.0,0.0,0.0,0.0,0.0,2075.4159999999997,2075.4159999999997,2075.4159999999997
2025-12-26,SHEMAROO,INE363M01019,NSE,106.11,67.09,136033.02,204.03154,53.94,61.26428571428571,61.26428571428571,323396.3,461822.77428571426,461822.77428571426,654.7265540000001,758.6590157142857,758.6590157142857
2025-12-26,JAYSREETEA,INE364A01020,NSE,86.97,62.95,1116781.77,1769.49431,62.65,62.02428571428572,62.02428571428572,1464122.1759999997,1601324.2628571428,1601324.2628571428,2322.025498,2565.1872585714286,2565.1872585714286
2025-12-24,ANJANI,INE364D01032,BSE,24.08,0.0,0.0,258.031,0.0,0.0,0.0,0.0,0.0,0.0,308.7483333333334,308.7483333333334,308.7483333333334
2025-12-19,RGIL,INE364S01014,BSE,143.15,0.0,0.0,1.574,0.0,0.0,0.0,0.0,0.0,0.0,14.9,14.9,14.9
2025-12-26,ADANIGREEN,INE364U01010,NSE,1018.1,31.52,267642200.4,851510.5055,43.589999999999996,41.230000000000004,41.230000000000004,588544183.74,541795305.1571429,541795305.1571429,1276846.1148,1256836.8132142858,1256836.8132142858
2025-12-26,REPL,INE364Z01019,NSE,119.04,67.38,589128.9600000001,885.94722,63.762,65.26428571428572,65.26428571428572,601680.3200000001,563772.7800000001,563772.7800000001,997.736378,907.4211185714286,907.4211185714286
2025-12-26,DATAMATICS,INE365B01017,NSE,825.65,52.76,16734274.2,31981.90955,47.44199999999999,46.308571428571426,46.308571428571426,27525497.76,22657776.14285714,22657776.14285714,61621.43415999999,50880.287599999996,50880.287599999996
2025-12-26,ASHIANA,INE365D01021,NSE,294.55,51.59,2829447.3000000003,5473.7565,61.57000000000001,58.667142857142856,58.667142857142856,3814414.04,3795848.6071428573,3795848.6071428573,6363.77771,6637.069257142857,6637.069257142857
2025-12-26,NBIFIN,INE365I01020,NSE,2243.3,41.6,116651.6,278.2992,76.12799999999999,78.79857142857142,78.79857142857142,616671.68,530878.1285714286,530878.1285714286,739.41272,635.5101428571428,635.5101428571428
2025-12-24,ABANSENT,INE365O01028,BSE,31.2,0.0,0.0,5.134,0.0,0.0,0.0,0.0,0.0,0.0,72.98566666666666,72.98566666666666,72.98566666666666
2025-12-24,THINKINK,INE365S01045,BSE,0.25,0.0,0.0,1983.549,0.0,0.0,0.0,0.0,0.0,0.0,762.9290000000001,762.9290000000001,762.9290000000001
2025-12-24,BPLPHARMA,INE365Y01019,BSE,1222.05,0.0,0.0,901.98,0.0,0.0,0.0,0.0,0.0,0.0,842.084,842.084,842.084
2025-12-26,DWARKESH,INE366A01041,NSE,37.31,45.29,6058136.630000001,13393.79973,47.51199999999999,50.29142857142857,50.29142857142857,12632037.84,11010496.757142857,11010496.757142857,25919.376804000003,22027.799635714287,22027.799635714287
2025-12-24,ACSTECH,INE366C01021,BSE,37.61,0.0,0.0,778.677,0.0,0.0,0.0,0.0,0.0,0.0,5072.599333333333,5072.599333333333,5072.599333333333
2025-12-24,SUCROSA,INE366G01022,BSE,9.03,0.0,0.0,620.24,0.0,0.0,0.0,0.0,0.0,0.0,183.843,183.843,183.843
2025-12-26,VRLLOG,INE366I01010,NSE,264.5,73.18,17497997.5,24008.78665,60.576,59.14142857142857,59.14142857142857,21961044.3,19206183.349999998,19206183.349999998,32480.033990000004,29556.360464285717,29556.360464285717
2025-12-24,MORARKFI,INE367A01015,BSE,84.0,0.0,0.0,10.709,0.0,0.0,0.0,0.0,0.0,0.0,53.845666666666666,53.845666666666666,53.845666666666666
2025-12-24,SEL,INE367E01033,BSE,34.72,0.0,0.0,9.54,0.0,0.0,0.0,0.0,0.0,0.0,53.96966666666666,53.96966666666666,53.96966666666666
2025-12-26,PFOCUS,INE367G01038,NSE,244.88,27.27,317777347.68,1161309.17915,22.326,20.2,20.2,424381553.40400004,396245044.21714294,396245044.21714294,1936852.909688,2014763.0161585715,2014763.0161585715
2025-12-23,RSTL,INE367U01013,BSE,237.0,0.0,0.0,706.5,0.0,0.0,0.0,0.0,0.0,0.0,1883.7,1883.7,1883.7
2025-12-24,MARUTISE,INE368C01019,BSE,50.74,0.0,0.0,146.885,0.0,0.0,0.0,0.0,0.0,0.0,208.8756666666667,208.8756666666667,208.8756666666667
2025-12-24,CHANDRAP,INE368D01025,BSE,9.82,0.0,0.0,134.696,0.0,0.0,0.0,0.0,0.0,0.0,128.38833333333332,128.38833333333332,128.38833333333332
2025-12-24,BCLENTERPR,INE368E01023,BSE,0.46,0.0,0.0,123.73,0.0,0.0,0.0,0.0,0.0,0.0,21.596333333333334,21.596333333333334,21.596333333333334
2025-12-26,NIRAJ,INE368I01016,NSE,40.75,66.87,4785435.5,7146.413519999999,46.50999999999999,45.07714285714285,45.07714285714285,11333755.096,8867134.811428573,8867134.811428573,26781.952532000003,20989.788005714283,20989.788005714283
2025-12-26,EXCELINDUS,INE369A01029,NSE,934.5,38.93,1448475.0,3742.3453,53.45,51.011428571428574,51.011428571428574,3162946.5300000003,2809494.121428571,2809494.121428571,6036.49227,5552.769364285714,5552.769364285714
2025-12-24,OMNIAX,INE369B01019,BSE,4.0,0.0,0.0,25.277,0.0,0.0,0.0,0.0,0.0,0.0,140.494,140.494,140.494
2025-12-24,CONTPTR,INE369D01023,BSE,113.15,0.0,0.0,109.493,0.0,0.0,0.0,0.0,0.0,0.0,126.40566666666666,126.40566666666666,126.40566666666666
2025-12-24,GANVERSE,INE369Q01017,BSE,28.81,0.0,0.0,1520.075,0.0,0.0,0.0,0.0,0.0,0.0,294.6185,294.6185,294.6185
2025-12-24,MODRNSH,INE370A01019,BSE,41.8,0.0,0.0,13.285,0.0,0.0,0.0,0.0,0.0,0.0,19.366,19.366,19.366
2025-12-24,POPULARES,INE370C01015,BSE,20.56,0.0,0.0,0.02,0.0,0.0,0.0,0.0,0.0,0.0,0.9293333333333335,0.9293333333333335,0.9293333333333335
2025-12-26,MANORG,INE370D01013,NSE,481.95,68.67,2456499.15,3598.38075,76.454,77.74285714285713,77.74285714285713,879302.3,872093.75,872093.75,1205.6076699999999,1168.0832642857142,1168.0832642857142
2025-12-26,VIVIDHA,INE370E01029,NSE,0.67,76.98,137980.47,180.31296,77.072,73.3,73.3,200931.67599999998,178623.3257142857,178623.3257142857,257.88983599999995,240.32718857142854,240.32718857142854
2025-12-24,NEXUSSURGL,INE370Q01015,BSE,13.26,0.0,0.0,19.574,0.0,0.0,0.0,0.0,0.0,0.0,14.879333333333333,14.879333333333333,14.879333333333333
2025-12-26,GRAPHITE,INE371A01025,NSE,582.8,35.46,183843677.2,516662.50139999995,33.85,35.91428571428571,35.91428571428571,130971412.59,104904541.2,104904541.2,398662.64291000005,312269.7268285714,312269.7268285714
2025-12-26,PODDARMENT,INE371C01013,NSE,263.9,37.17,459713.8,1245.5186999999999,67.694,60.1857142857143,60.1857142857143,515103.02,787210.5571428572,787210.5571428572,854.63974,2250.636714285714,2250.636714285714
2025-12-24,CHANDRIMA,INE371F01024,BSE,9.61,0.0,0.0,59.985,0.0,0.0,0.0,0.0,0.0,0.0,69.80033333333334,69.80033333333334,69.80033333333334
2025-12-26,AMBER,INE371P01015,NSE,6652.0,28.51,171395432.0,602974.3125,27.354000000000003,28.31142857142857,28.31142857142857,230982341.7,290803233.64285713,290803233.64285713,819620.3716000001,986438.6173571429,986438.6173571429
2025-12-26,APARINDS,INE372A01015,NSE,8625.0,59.7,170714625.0,286158.852,52.517999999999994,51.29142857142857,51.29142857142857,264809994.2,235133978.2857143,235133978.2857143,519162.4113999999,465720.6570714285,465720.6570714285
2025-12-26,PRECWIRE,INE372C01037,NSE,237.45,47.18,29270698.95,62145.4453,41.09000000000001,42.57714285714287,42.57714285714287,27564455.4,28265515.457142856,28265515.457142856,69641.11064,67718.44497857142,67718.44497857142
2025-12-24,GUJCRAFT,INE372D01019,BSE,115.9,0.0,0.0,35.354,0.0,0.0,0.0,0.0,0.0,0.0,118.65133333333334,118.65133333333334,118.65133333333334
2025-12-24,BIRLAPREC,INE372E01025,BSE,45.42,0.0,0.0,765.265,0.0,0.0,0.0,0.0,0.0,0.0,421.39300000000003,421.39300000000003,421.39300000000003
2025-12-24,ASHNOOR,INE372I01018,BSE,45.01,0.0,0.0,77.553,0.0,0.0,0.0,0.0,0.0,0.0,63.802,63.802,63.802
2025-12-24,ARCL,INE372M01010,BSE,390.7,0.0,0.0,466.066,0.0,0.0,0.0,0.0,0.0,0.0,1898.58,1898.58,1898.58
2025-12-26,BASF,INE373A01013,NSE,3893.6,52.03,28909980.0,55592.0365,52.245999999999995,52.42857142857142,52.42857142857142,25410838.32,23977047.742857147,23977047.742857147,48439.82932,45595.09649999999,45595.09649999999
2025-12-24,QUANTDIA,INE373C01019,BSE,25.1,0.0,0.0,94.075,0.0,0.0,0.0,0.0,0.0,0.0,37.851333333333336,37.851333333333336,37.851333333333336
2025-12-24,GUJINV,INE373D01017,BSE,21.12,0.0,0.0,0.021,0.0,0.0,0.0,0.0,0.0,0.0,5.704666666666667,5.704666666666667,5.704666666666667
2025-12-24,BLOIN,INE373E01015,BSE,38.0,0.0,0.0,3.8,0.0,0.0,0.0,0.0,0.0,0.0,3.231666666666667,3.231666666666667,3.231666666666667
2025-12-24,BLUECLOUDS,INE373T01047,BSE,25.04,0.0,0.0,38878.724,0.0,0.0,0.0,0.0,0.0,0.0,29540.193333333333,29540.193333333333,29540.193333333333
2025-12-26,MUKTAARTS,INE374B01019,NSE,64.01,71.27,650789.67,924.74662,54.74400000000001,56.097142857142856,56.097142857142856,355808.042,302437.4514285714,302437.4514285714,654.809898,552.2021728571428,552.2021728571428
2025-12-24,RAJSPTR,INE374C01017,BSE,11.83,0.0,0.0,29.04,0.0,0.0,0.0,0.0,0.0,0.0,42.1655,42.1655,42.1655
2025-12-24,BMW,INE374E01021,BSE,38.61,0.0,0.0,2956.944,0.0,0.0,0.0,0.0,0.0,0.0,3742.895666666667,3742.895666666667,3742.895666666667
2025-12-24,SAMPRE,INE375C01022,BSE,24.8,0.0,0.0,2863.85,0.0,0.0,0.0,0.0,0.0,0.0,3682.7603333333336,3682.7603333333336,3682.7603333333336
2025-12-24,KAIRA,INE375D01012,BSE,1467.9,0.0,0.0,13.22,0.0,0.0,0.0,0.0,0.0,0.0,41.294999999999995,41.294999999999995,41.294999999999995
2025-12-24,PANINDIAC,INE376A01032,BSE,2.33,0.0,0.0,1805.766,0.0,0.0,0.0,0.0,0.0,0.0,102.83699999999999,102.83699999999999,102.83699999999999
2025-12-26,BIOCON,INE376G01013,NSE,395.45,58.73,455788947.34999996,778660.9977999999,47.614,47.37571428571429,47.37571428571429,557480395.08,458416529.82857144,458416529.82857144,1176042.3359400001,968834.3559357143,968834.3559357143
2025-12-24,RAJKSYN,INE376L01013,BSE,40.8,0.0,0.0,113.03,0.0,0.0,0.0,0.0,0.0,0.0,160.34633333333332,160.34633333333332,160.34633333333332
2025-12-24,SRECR,INE377C01010,BSE,33.07,0.0,0.0,13.071,0.0,0.0,0.0,0.0,0.0,0.0,6.2,6.2,6.2
2025-12-24,ARUNIS,INE377D01018,BSE,141.9,0.0,0.0,119217.792,0.0,0.0,0.0,0.0,0.0,0.0,37285.26933333333,37285.26933333333,37285.26933333333
2025-12-26,WAAREEENER,INE377N01017,NSE,3046.7,31.32,317886584.59999996,1017916.4628999999,32.054,32.35,32.35,769968604.1600001,665766449.7142857,665766449.7142857,2335802.01088,2020684.1243714285,2020684.1243714285
2025-12-26,BAJAJHFL,INE377Y01014,NSE,95.13,55.57,193982436.89999998,349209.49644,56.282000000000004,54.92142857142857,54.92142857142857,234146852.02800003,223881032.1357143,223881032.1357143,412880.854692,405346.04904857144,405346.04904857144
2025-12-26,MADHUCON,INE378D01032,NSE,6.24,92.29,50712.48,56.078300000000006,70.578,74.54285714285713,74.54285714285713,90879.85,89164.87571428572,89164.87571428572,116.95656799999999,112.12051,112.12051
2025-12-26,ITCHOTELS,INE379A01028,NSE,198.49,58.29,304804419.84000003,521265.72284,55.504,56.97714285714286,56.97714285714286,188783991.18600002,192426598.35999998,192426598.35999998,340982.33345,338315.88219571434,338315.88219571434
2025-12-24,VERITAS,INE379J01029,BSE,173.3,0.0,0.0,771.054,0.0,0.0,0.0,0.0,0.0,0.0,1754.751,1754.751,1754.751
2025-12-24,VAMSHIRU,INE380C01014,BSE,47.95,0.0,0.0,428.194,0.0,0.0,0.0,0.0,0.0,0.0,20.713,20.713,20.713
2025-12-23,MODWOOL,INE380D01012,BSE,71.99,0.0,0.0,0.071,0.0,0.0,0.0,0.0,0.0,0.0,1.334,1.334,1.334
2025-12-24,ZWELCAST,INE380G01015,BSE,840.8,0.0,0.0,17.658,0.0,0.0,0.0,0.0,0.0,0.0,36.815333333333335,36.815333333333335,36.815333333333335
2025-12-24,VIVOBIOT,INE380K01017,BSE,32.06,0.0,0.0,1280.651,0.0,0.0,0.0,0.0,0.0,0.0,823.5116666666667,823.5116666666667,823.5116666666667
2025-12-24,ACTIVE,INE380Z01015,BSE,103.95,0.0,0.0,5485.113,0.0,0.0,0.0,0.0,0.0,0.0,1121.4260000000002,1121.4260000000002,1121.4260000000002
2025-12-24,TELECANOR,INE381G01013,BSE,35.0,0.0,0.0,895.37,0.0,0.0,0.0,0.0,0.0,0.0,3358.9473333333335,3358.9473333333335,3358.9473333333335
2025-12-24,TRIUMPIN,INE382B01012,BSE,19.86,0.0,0.0,76.744,0.0,0.0,0.0,0.0,0.0,0.0,122.48966666666668,122.48966666666668,122.48966666666668
2025-12-26,UFBL,INE382M01027,NSE,187.15,49.86,3953918.0500000003,7980.44396,48.618,52.1,52.1,8173203.43,6881823.367142857,6881823.367142857,24457.242018,19186.721137142857,19186.721137142857
2025-12-26,GVPTECH,INE382T01030,NSE,9.05,71.77,619318.65,867.98638,58.394000000000005,54.84142857142858,54.84142857142858,1202955.0739999998,952881.3499999999,952881.3499999999,3168.537136,2440.7532728571427,2440.7532728571427
2025-12-26,GRSE,INE382Z01011,NSE,2496.2,18.12,624866257.4,3453371.4198000003,19.548000000000002,22.117142857142856,22.117142857142856,725306153.9399999,684056796.2714285,684056796.2714285,3695399.0156000005,3238113.910571429,3238113.910571429
2025-12-26,INDIACEM,INE383A01012,NSE,441.3,29.51,41000741.7,139421.01580000002,31.754,30.687142857142856,30.687142857142856,148821384.64000002,142788992.02142856,142788992.02142856,502610.67258,708204.5657285714,708204.5657285714
2025-12-26,MALUPAPER,INE383H01017,NSE,35.28,64.77,158583.6,245.98414000000002,66.99000000000001,71.17285714285715,71.17285714285715,323191.38,291165.68857142853,291165.68857142853,491.10776000000004,424.7951757142858,424.7951757142858
2025-12-24,PARNAXLAB,INE383L01019,BSE,129.6,0.0,0.0,808.434,0.0,0.0,0.0,0.0,0.0,0.0,1236.7096666666666,1236.7096666666666,1236.7096666666666
2025-12-26,RANEHOLDIN,INE384A01010,NSE,1352.4,58.22,8361889.2,14275.9772,57.489999999999995,55.392857142857146,55.392857142857146,8399391.46,6732036.371428572,6732036.371428572,14464.083840000001,11755.533485714288,11755.533485714288
2025-12-26,YUKEN,INE384C01016,NSE,858.8,84.03,6818013.199999999,8021.446900000001,64.39599999999999,66.55714285714285,66.55714285714285,2627563.93,2209920.4214285715,2209920.4214285715,4285.14179,3521.6734642857145,3521.6734642857145
2025-12-24,SANPA,INE384D01022,BSE,184.05,0.0,0.0,29.636,0.0,0.0,0.0,0.0,0.0,0.0,31.9745,31.9745,31.9745
2025-12-26,SARDAEN,INE385C01021,NSE,523.15,36.99,105677346.3,288504.14015,41.553999999999995,43.879999999999995,43.879999999999995,118984702.04,107850739.34285715,107850739.34285715,299624.65135000006,260504.56014285717,260504.56014285717
2025-12-24,TAHMARENT,INE385D01029,BSE,10.03,0.0,0.0,68.172,0.0,0.0,0.0,0.0,0.0,0.0,57.65766666666667,57.65766666666667,57.65766666666667
2025-12-26,SGMART,INE385F01024,NSE,373.15,67.22,51959271.75,78491.08684999999,68.86200000000001,69.04428571428572,69.04428571428572,72024632.26,57909214.18571429,57909214.18571429,108214.00854,86016.26071428573,86016.26071428573
2025-12-26,ALPA,INE385I01010,NSE,76.36,76.48,696479.5599999999,917.47675,63.138,62.00714285714286,62.00714285714286,908753.2880000001,1373112.1400000001,1373112.1400000001,1450.648862,2253.0174014285712,2253.0174014285712
2025-12-24,SHRDAIS,INE385M01012,BSE,185.0,0.0,0.0,95.238,0.0,0.0,0.0,0.0,0.0,0.0,35.531333333333336,35.531333333333336,35.531333333333336
2025-12-26,DCAL,INE385W01011,NSE,249.43,50.96,12100098.73,24047.87588,37.153999999999996,39.097142857142856,39.097142857142856,25209150.968000002,44853132.30142857,44853132.30142857,77536.779958,140707.02193571426,140707.02193571426
2025-12-24,10DCAL27,INE385W07042,BSE,99745.36,0.0,0.0,695.217,0.0,0.0,0.0,0.0,0.0,0.0,695.217,695.217,695.217
2025-12-26,VESUVIUS,INE386A01023,NSE,482.15,61.22,16142864.149999999,26366.784,60.56600000000001,59.532857142857154,59.532857142857154,12814566.71,12879368.542857144,12879368.542857144,20386.36671,21164.068821428573,21164.068821428573
2025-12-26,ASTRAMICRO,INE386C01029,NSE,979.4,31.93,144298919.6,454411.19389999995,46.54,46.271428571428565,46.271428571428565,87094874.66,76034696.74285713,76034696.74285713,188215.72143,166246.87513571428,166246.87513571428
2025-12-26,SBCL,INE386D01027,NSE,437.6,50.89,18309621.6,35748.45575,69.224,66.13142857142857,66.13142857142857,21676178.009999998,19463889.87142857,19463889.87142857,32013.820069999998,29732.7994,29732.7994
2025-12-24,PORWAL,INE386I01018,BSE,58.33,0.0,0.0,196.188,0.0,0.0,0.0,0.0,0.0,0.0,293.91833333333335,293.91833333333335,293.91833333333335
2025-12-26,SUNDRMFAST,INE387A01021,NSE,932.2,61.55,15627400.8,25492.45065,55.284000000000006,55.637142857142855,55.637142857142855,14978939.660000002,14895935.350000003,14895935.350000003,27260.152930000004,26788.028921428577,26788.028921428577
2025-12-24,SSWRL,INE387D01025,BSE,24.03,0.0,0.0,193.485,0.0,0.0,0.0,0.0,0.0,0.0,5.636,5.636,5.636
2025-12-26,MAGNUM,INE387I01016,NSE,22.71,79.05,322640.97000000003,410.45671000000004,69.37199999999999,68.12714285714284,68.12714285714284,594538.5700000001,628010.9900000001,628010.9900000001,918.0515680000001,966.5760200000002,966.5760200000002
2025-12-26,GANESHBE,INE388A01029,NSE,80.58,71.5,5981050.5,8398.186720000002,68.15799999999999,68.55285714285714,68.55285714285714,5566855.86,4516623.732857143,4516623.732857143,7668.224334,6294.606808571429,6294.606808571429
2025-12-24,MOHITPPR,INE388C01017,BSE,30.99,0.0,0.0,36.152,0.0,0.0,0.0,0.0,0.0,0.0,15.746666666666668,15.746666666666668,15.746666666666668
2025-12-26,NYKAA,INE388Y01029,NSE,259.45,48.7,311247376.34999996,639877.3801000001,55.84400000000001,57.96714285714285,57.96714285714285,589878892.9399999,633308060.6714286,633308060.6714286,1049257.33499,1082760.6092285714,1082760.6092285714
2025-12-26,MALLCOM,INE389C01015,NSE,1174.8,82.59,3855693.5999999996,4666.2791,67.054,67.59571428571428,67.59571428571428,1743607.5200000003,1926341.5428571429,1926341.5428571429,2517.1993199999997,2771.9582999999993,2771.9582999999993
2025-12-24,TCFCFINQ,INE389D01013,BSE,41.57,0.0,0.0,116.852,0.0,0.0,0.0,0.0,0.0,0.0,46.436,46.436,46.436
2025-12-26,KEC,INE389H01022,NSE,732.05,46.65,93018665.3,200646.7023,35.258,36.620000000000005,36.620000000000005,263298347.76999998,226432818.7571428,226432818.7571428,1213597.71472,962700.0319071428,962700.0319071428
2025-12-26,WELINV,INE389K01018,NSE,1345.8,30.35,1080677.4,3618.4395,26.312,21.33142857142857,21.33142857142857,911465.0199999999,3073423.1857142854,3073423.1857142854,4984.21854,40027.139642857146,40027.139642857146
2025-12-23,TERAI,INE390D01011,BSE,101.5,0.0,0.0,40.368,0.0,0.0,0.0,0.0,0.0,0.0,7.959,7.959,7.959
2025-12-26,GPTINFRA,INE390G01014,NSE,110.12,37.3,12901659.200000001,34707.43097,24.028,27.451428571428572,27.451428571428572,41229199.618,30830761.512857143,30830761.512857143,250514.99429799998,183262.1830057143,183262.1830057143
2025-12-26,KAMDHENU,INE390H01020,NSE,23.2,62.91,15764028.799999999,25122.42357,51.124,48.99714285714286,48.99714285714286,13568059.103999998,15312623.635714287,15312623.635714287,26718.998142000004,32425.879282857142,32425.879282857142
2025-12-24,WINSOMBR,INE391C01011,BSE,28.19,0.0,0.0,473.396,0.0,0.0,0.0,0.0,0.0,0.0,161.30999999999997,161.30999999999997,161.30999999999997
2025-12-26,TRF,INE391D01019,NSE,297.45,75.03,11472349.049999999,15640.492,80.27399999999999,74.1,74.1,11649171.610000001,8665322.507142859,8665322.507142859,13699.62632,10361.031842857145,10361.031842857145
2025-12-24,SANCTRN,INE391G01012,BSE,750.0,0.0,0.0,9.619,0.0,0.0,0.0,0.0,0.0,0.0,31.969666666666665,31.969666666666665,31.969666666666665
2025-12-26,JTLIND,INE391J01032,NSE,59.52,54.29,14869643.520000001,27507.731600000003,50.108,52.814285714285724,52.814285714285724,13909283.067999998,14045478.217142854,14045478.217142854,27436.248257999996,26458.277588571425,26458.277588571425
2025-12-26,VISAKAIND,INE392A01021,NSE,71.93,56.23,6066576.2,10800.904289999999,63.238,62.90714285714286,62.90714285714286,2702261.84,2284692.674285714,2284692.674285714,4338.749784000001,3676.4323828571432,3676.4323828571432
2025-12-26,PNC,INE392B01011,NSE,27.01,39.44,167840.14,433.03881,66.304,69.03571428571429,69.03571428571429,637295.712,591613.0342857143,591613.0342857143,1079.4640240000003,926.581435714286,926.581435714286
2025-12-24,MAINFRA,INE392G01028,BSE,13.44,0.0,0.0,511.123,0.0,0.0,0.0,0.0,0.0,0.0,613.4496666666668,613.4496666666668,613.4496666666668
2025-12-26,DELTAMAGNT,INE393A01011,NSE,68.51,77.13,77416.3,100.52944000000001,62.653999999999996,66.0342857142857,66.0342857142857,240239.53999999998,220794.97857142854,220794.97857142854,389.884358,349.4583071428571,349.4583071428571
2025-12-24,SCANPRO,INE393D01015,BSE,85.0,0.0,0.0,5.263,0.0,0.0,0.0,0.0,0.0,0.0,59.669000000000004,59.669000000000004,59.669000000000004
2025-12-24,MAXHEIGHTS,INE393F01010,BSE,14.16,0.0,0.0,46.325,0.0,0.0,0.0,0.0,0.0,0.0,124.605,124.605,124.605
2025-12-23,KAPILCO,INE393H01016,BSE,193.95,0.0,0.0,0.387,0.0,0.0,0.0,0.0,0.0,0.0,0.906,0.906,0.906
2025-12-26,DIAMONDYD,INE393P01035,NSE,1174.8,42.6,15087956.399999999,35536.2894,66.346,65.41857142857143,65.41857142857143,65137431.68000001,62733815.32857143,62733815.32857143,114812.76447999998,107362.47772857142,107362.47772857142
2025-12-24,LANDMARC,INE394C01023,BSE,2.34,0.0,0.0,169.549,0.0,0.0,0.0,0.0,0.0,0.0,189.32366666666667,189.32366666666667,189.32366666666667
2025-12-24,BSELALGO,INE395A01016,BSE,5.61,0.0,0.0,290.573,0.0,0.0,0.0,0.0,0.0,0.0,343.20166666666665,343.20166666666665,343.20166666666665
2025-12-24,GVFILM,INE395B01048,BSE,0.45,0.0,0.0,841.301,0.0,0.0,0.0,0.0,0.0,0.0,2359.02,2359.02,2359.02
2025-12-23,KENFIN,INE395E01018,BSE,14.79,0.0,0.0,1.331,0.0,0.0,0.0,0.0,0.0,0.0,1.331,1.331,1.331
2025-12-24,STELLANT,INE395F01023,BSE,368.2,0.0,0.0,4869.076,0.0,0.0,0.0,0.0,0.0,0.0,446.3806666666667,446.3806666666667,446.3806666666667
2025-12-26,STEELCITY,INE395H01011,NSE,93.01,79.03,603913.93,756.3514200000001,69.346,69.14285714285714,69.14285714285714,538979.842,561591.1471428571,561591.1471428571,785.0308399999999,823.6395571428571,823.6395571428571
2025-12-26,TVSSCS,INE395N01027,NSE,107.7,63.69,16369215.3,25764.20915,52.044000000000004,55.06857142857144,55.06857142857144,16811486.084,17585089.45285714,17585089.45285714,31766.989462000005,31818.614702857147,31818.614702857147
2025-12-26,NINSYS,INE395U01014,NSE,403.3,65.46,1386545.4000000001,2097.4093,54.855999999999995,63.794285714285714,63.794285714285714,525625.97,3380083.271428571,3380083.271428571,1019.4376199999999,3944.382292857143,3944.382292857143
2025-12-24,NEIL,INE396C01010,BSE,7.4,0.0,0.0,1.77,0.0,0.0,0.0,0.0,0.0,0.0,17.16133333333333,17.16133333333333,17.16133333333333
2025-12-24,CHECKPOINT,INE396H01019,BSE,100.72,0.0,0.0,394.016,0.0,0.0,0.0,0.0,0.0,0.0,3006.335333333334,3006.335333333334,3006.335333333334
2025-12-24,SHREESEC,INE397C01026,BSE,0.25,0.0,0.0,781.5,0.0,0.0,0.0,0.0,0.0,0.0,324.9496666666667,324.9496666666667,324.9496666666667
2025-12-26,BHARTIARTL,INE397D01024,NSE,2105.4,59.19,1617309328.8,2736129.2852,56.034000000000006,57.20142857142857,57.20142857142857,7369999595.360001,7477455366.685715,7477455366.685715,12191269.512300001,12362834.704457145,12362834.704457145
2025-12-24,DUKEOFS,INE397G01019,BSE,17.26,0.0,0.0,180.706,0.0,0.0,0.0,0.0,0.0,0.0,161.32333333333335,161.32333333333335,161.32333333333335
2025-12-26,LOKESHMACH,INE397H01017,NSE,166.41,47.47,4496731.02,9438.536769999999,43.798,41.535714285714285,41.535714285714285,3321952.5699999994,3058835.6499999994,3058835.6499999994,7495.08231,7255.870698571428,7255.870698571428
2025-12-26,VENKEYS,INE398A01010,NSE,1480.4,39.81,17405062.8,43875.406,41.486000000000004,39.28285714285715,39.28285714285715,17363736.18,16938131.64285714,16938131.64285714,42071.24706,43442.16947142857,43442.16947142857
2025-12-26,UMIYA-MRO,INE398B01018,NSE,88.25,50.44,1057941.0,2100.6402000000003,78.268,75.71285714285715,75.71285714285715,1824962.548,1441274.6542857143,1441274.6542857143,2249.675992,1806.3528314285716,1806.3528314285716
2025-12-24,PHOSPHATE,INE398C01016,BSE,145.1,0.0,0.0,45.782,0.0,0.0,0.0,0.0,0.0,0.0,9.456333333333333,9.456333333333333,9.456333333333333
2025-12-24,STRGRENWO,INE398F01019,BSE,27.98,0.0,0.0,3.742,0.0,0.0,0.0,0.0,0.0,0.0,16.374000000000002,16.374000000000002,16.374000000000002
2025-12-24,TRUSTEDGE,INE398H01015,BSE,107.37,0.0,0.0,625.624,0.0,0.0,0.0,0.0,0.0,0.0,1279.4396666666667,1279.4396666666667,1279.4396666666667
2025-12-24,KANCOTEA,INE398L01017,BSE,69.0,0.0,0.0,28.844,0.0,0.0,0.0,0.0,0.0,0.0,26.269333333333336,26.269333333333336,26.269333333333336
2025-12-26,SYNGENE,INE398R01022,NSE,654.65,47.37,40323821.4,85066.46835,61.641999999999996,64.85285714285713,64.85285714285713,250128848.85,274601226.6,274601226.6,389555.18613,406318.31930000003,406318.31930000003
2025-12-26,SUPRAJIT,INE399C01030,NSE,475.55,59.77,13634494.05,22855.804350000002,54.412,54.355714285714285,54.355714285714285,17965840.050000004,19780639.39285714,19780639.39285714,31948.421920000004,35518.57375714286,35518.57375714286
2025-12-26,RKFORGE,INE399G01023,NSE,511.6,36.11,47375694.800000004,132047.54940000002,37.702,42.94714285714286,42.94714285714286,101008146.69000001,94291235.26428571,94291235.26428571,303867.62501,257012.2037357143,257012.2037357143
2025-12-26,RTNPOWER,INE399K01017,NSE,9.52,38.89,47389017.76,122425.15298999999,44.70399999999999,44.905714285714275,44.905714285714275,47462373.532,42783344.294285715,42783344.294285715,109150.18766400001,97759.5063757143,97759.5063757143
2025-12-26,ATGL,INE399L01023,NSE,569.8,28.9,138820943.79999998,484277.88785,45.262,42.965714285714284,42.965714285714284,140920303.76000002,113837626.89285715,113837626.89285715,297139.99210000003,247556.53037142855,247556.53037142855
2025-12-24,TUTIALKA,INE400A01014,BSE,51.0,0.0,0.0,1035.031,0.0,0.0,0.0,0.0,0.0,0.0,1502.8439999999998,1502.8439999999998,1502.8439999999998
2025-12-24,VIRGOGLOB,INE400B01020,BSE,5.38,0.0,0.0,2.857,0.0,0.0,0.0,0.0,0.0,0.0,8.563333333333334,8.563333333333334,8.563333333333334
2025-12-24,HRYNSHP,INE400G01011,BSE,114.3,0.0,0.0,408.215,0.0,0.0,0.0,0.0,0.0,0.0,214.97733333333335,214.97733333333335,214.97733333333335
2025-12-24,SHGANEL,INE400N01017,BSE,17.94,0.0,0.0,0.017,0.0,0.0,0.0,0.0,0.0,0.0,0.0515,0.0515,0.0515
2025-12-24,SIIL,INE400R01018,BSE,15.95,0.0,0.0,1.116,0.0,0.0,0.0,0.0,0.0,0.0,7.492333333333334,7.492333333333334,7.492333333333334
2025-12-23,RESPONSINF,INE401B01010,BSE,35.0,0.0,0.0,1.715,0.0,0.0,0.0,0.0,0.0,0.0,3.919,3.919,3.919
2025-12-24,MIDINDIA,INE401C01018,BSE,7.36,0.0,0.0,23.883,0.0,0.0,0.0,0.0,0.0,0.0,6.695333333333333,6.695333333333333,6.695333333333333
2025-12-26,KKCL,INE401H01017,NSE,483.1,66.63,4011179.3000000003,6012.61985,61.658,62.065714285714286,62.065714285714286,5543150.529999999,7126833.235714286,7126833.235714286,8546.34289,11001.871371428571,11001.871371428571
2025-12-19,JSHL,INE401Q01018,BSE,8.08,0.0,0.0,121.2,0.0,0.0,0.0,0.0,0.0,0.0,121.2,121.2,121.2
2025-12-24,FRATELLI,INE401Z01019,BSE,108.0,0.0,0.0,3483.004,0.0,0.0,0.0,0.0,0.0,0.0,4288.172333333333,4288.172333333333,4288.172333333333
2025-12-24,SHBAJRG,INE402H01015,BSE,194.35,0.0,0.0,822.771,0.0,0.0,0.0,0.0,0.0,0.0,292.04900000000004,292.04900000000004,292.04900000000004
2025-12-24,STL,INE402Y01028,BSE,9.78,0.0,0.0,216.357,0.0,0.0,0.0,0.0,0.0,0.0,396.262,396.262,396.262
2025-12-24,GCKL,INE403B01016,BSE,17.32,0.0,0.0,436.578,0.0,0.0,0.0,0.0,0.0,0.0,421.378,421.378,421.378
2025-12-24,INTLCOMBQ,INE403C01014,BSE,609.95,0.0,0.0,331.822,0.0,0.0,0.0,0.0,0.0,0.0,443.49233333333336,443.49233333333336,443.49233333333336
2025-12-24,THAKDEV,INE403F01017,BSE,139.75,0.0,0.0,182.724,0.0,0.0,0.0,0.0,0.0,0.0,1.4645000000000001,1.4645000000000001,1.4645000000000001
2025-12-24,10KFIL27,INE403Q07CO8,BSE,1030.0,0.0,0.0,9.27,0.0,0.0,0.0,0.0,0.0,0.0,73.63,73.63,73.63
2025-12-24,KFL27C,INE403Q07DI8,BSE,1050.2,0.0,0.0,17.853,0.0,0.0,0.0,0.0,0.0,0.0,17.853,17.853,17.853
2025-12-19,10KFL27,INE403Q07DV1,BSE,995.0,0.0,0.0,52.735,0.0,0.0,0.0,0.0,0.0,0.0,52.735,52.735,52.735
2025-12-24,10KFL28,INE403Q07ED7,BSE,995.0,0.0,0.0,24.875,0.0,0.0,0.0,0.0,0.0,0.0,24.875,24.875,24.875
2025-12-23,10KFL28A,INE403Q07EM8,BSE,996.0,0.0,0.0,89.64,0.0,0.0,0.0,0.0,0.0,0.0,60.0,60.0,60.0
2025-12-24,KFL070824,INE403Q07EN6,BSE,1117.8,0.0,0.0,666.28,0.0,0.0,0.0,0.0,0.0,0.0,55.9,55.9,55.9
2025-12-19,10KFL27A,INE403Q07ET3,BSE,997.5,0.0,0.0,232.915,0.0,0.0,0.0,0.0,0.0,0.0,232.915,232.915,232.915
2025-12-24,KFL121224,INE403Q07FA0,BSE,1075.0,0.0,0.0,290.194,0.0,0.0,0.0,0.0,0.0,0.0,290.194,290.194,290.194
2025-12-24,10KFL2027,INE403Q07FQ6,BSE,9890.0,0.0,0.0,29.69,0.0,0.0,0.0,0.0,0.0,0.0,29.69,29.69,29.69
2025-12-23,KFL240725,INE403Q07FT0,BSE,1015.0,0.0,0.0,65.975,0.0,0.0,0.0,0.0,0.0,0.0,1.996,1.996,1.996
2025-12-17,KFL240725E,INE403Q07FV6,BSE,976.62,0.0,0.0,9.766,0.0,0.0,0.0,0.0,0.0,0.0,9.766,9.766,9.766
2025-12-24,10KFL28C,INE403Q07FX2,BSE,1000.0,0.0,0.0,10.0,0.0,0.0,0.0,0.0,0.0,0.0,10.0,10.0,10.0
2025-12-19,10KFL2027A,INE403Q07GE0,BSE,9850.0,0.0,0.0,9.85,0.0,0.0,0.0,0.0,0.0,0.0,196.382,196.382,196.382
2025-12-24,KFL101125D,INE403Q07GH3,BSE,960.0,0.0,0.0,9.6,0.0,0.0,0.0,0.0,0.0,0.0,9.6,9.6,9.6
2025-12-17,KFL101125,INE403Q07GN1,BSE,951.58,0.0,0.0,29.632,0.0,0.0,0.0,0.0,0.0,0.0,29.632,29.632,29.632
2025-12-17,KFLZC28A,INE403Q08241,BSE,1420.1,0.0,0.0,2.67,0.0,0.0,0.0,0.0,0.0,0.0,2.67,2.67,2.67
2025-12-26,INNOVANA,INE403Y01018,NSE,416.3,43.17,2317958.4,5512.071349999999,70.272,70.97571428571429,70.97571428571429,1910335.3,2325870.0428571426,2325870.0428571426,2432.96221,3128.9317142857144,3128.9317142857144
2025-12-26,ABSLAMC,INE404A01024,NSE,770.45,59.4,36490823.35,61460.434049999996,52.367999999999995,57.04,57.04,204647347.21999997,223953485.1142857,223953485.1142857,396708.63372,382926.3870642857,382926.3870642857
2025-12-24,LASTMILE,INE404B01022,BSE,10.06,0.0,0.0,739.196,0.0,0.0,0.0,0.0,0.0,0.0,3893.3360000000007,3893.3360000000007,3893.3360000000007
2025-12-24,TTIENT,INE404F01031,BSE,7.45,0.0,0.0,84.128,0.0,0.0,0.0,0.0,0.0,0.0,25.57766666666667,25.57766666666667,25.57766666666667
2025-12-24,ESARIND,INE404L01039,BSE,12.1,0.0,0.0,433.434,0.0,0.0,0.0,0.0,0.0,0.0,141.16733333333335,141.16733333333335,141.16733333333335
2025-12-24,ULTRAMAR,INE405A01021,BSE,423.7,0.0,0.0,12557.079,0.0,0.0,0.0,0.0,0.0,0.0,8475.188666666667,8475.188666666667,8475.188666666667
2025-12-26,LINCOLN,INE405C01035,NSE,480.3,48.56,1746370.8,3592.45515,57.496,59.184285714285714,59.184285714285714,3690998.25,4066823.6785714286,4066823.6785714286,6309.754779999999,6771.840807142857,6771.840807142857
2025-12-26,UNOMINDA,INE405E01023,NSE,1271.4,45.55,137760004.20000002,303182.193,48.494,46.66571428571428,46.66571428571428,216209374.25999993,254794923.47142854,254794923.47142854,448427.24935999996,588577.7136714285,588577.7136714285
2025-12-24,CSURGSU,INE405H01018,BSE,103.8,0.0,0.0,5.506,0.0,0.0,0.0,0.0,0.0,0.0,11.272666666666666,11.272666666666666,11.272666666666666
2025-12-26,AUROPHARMA,INE406A01037,NSE,1206.2,48.13,180172506.4,375347.2465,48.506,46.541428571428575,46.541428571428575,434074909.43999994,383087511.0142857,383087511.0142857,911038.15928,820229.8881571429,820229.8881571429
2025-12-24,VRL,INE406F01010,BSE,172.5,0.0,0.0,87.172,0.0,0.0,0.0,0.0,0.0,0.0,496.10099999999994,496.10099999999994,496.10099999999994
2025-12-26,ERIS,INE406M01024,NSE,1525.9,56.72,48509886.900000006,85839.1389,54.592000000000006,53.2357142857143,53.2357142857143,27873716.080000002,33359927.185714286,33359927.185714286,50090.4402,62308.30047142856,62308.30047142856
2025-12-24,ZSVARAJT,INE406N01014,BSE,8.01,0.0,0.0,731.341,0.0,0.0,0.0,0.0,0.0,0.0,214.77599999999998,214.77599999999998,214.77599999999998
2025-12-24,ICL,INE407P01017,BSE,26.5,0.0,0.0,18.37,0.0,0.0,0.0,0.0,0.0,0.0,13.729666666666667,13.729666666666667,13.729666666666667
2025-12-24,SHANTAI,INE408F01024,BSE,13.54,0.0,0.0,6.552,0.0,0.0,0.0,0.0,0.0,0.0,106.51299999999999,106.51299999999999,106.51299999999999
2025-12-26,SWELECTES,INE409B01013,NSE,634.95,51.62,5807252.7,11450.46405,58.34000000000001,57.16857142857144,57.16857142857144,5621545.23,5258940.657142857,5258940.657142857,9310.61695,9052.876085714286,9052.876085714286
2025-12-24,SOLIMAC,INE410A01013,BSE,110.0,0.0,0.0,25.446,0.0,0.0,0.0,0.0,0.0,0.0,255.85099999999997,255.85099999999997,255.85099999999997
2025-12-26,VINATIORGA,INE410B01037,NSE,1589.2,70.71,16311548.8,23084.1585,59.220000000000006,61.790000000000006,61.790000000000006,15172418.559999999,14712729.971428571,14712729.971428571,25025.9397,23393.444557142855,23393.444557142855
2025-12-24,RAMGOPOLY,INE410D01017,BSE,17.5,0.0,0.0,90.387,0.0,0.0,0.0,0.0,0.0,0.0,92.04666666666667,92.04666666666667,92.04666666666667
2025-12-24,MCLTD,INE410E01015,BSE,8.85,0.0,0.0,0.159,0.0,0.0,0.0,0.0,0.0,0.0,0.2465,0.2465,0.2465
2025-12-24,DIVSHKT,INE410G01010,BSE,55.9,0.0,0.0,149.862,0.0,0.0,0.0,0.0,0.0,0.0,252.38,252.38,252.38
2025-12-24,SOUTLAT,INE410M01018,BSE,41.96,0.0,0.0,158.123,0.0,0.0,0.0,0.0,0.0,0.0,84.94699999999999,84.94699999999999,84.94699999999999
2025-12-26,NH,INE410P01011,NSE,1859.5,46.69,112949749.0,242963.8701,49.476,48.65857142857143,48.65857142857143,251382943.6,242711803.01428574,242711803.01428574,483916.63178000005,484897.6916142857,484897.6916142857
2025-12-26,SKMEGGPROD,INE411D01015,NSE,432.3,38.08,22528017.6,59874.46079999999,52.95399999999999,53.31428571428571,53.31428571428571,13703325.49,14039643.92857143,14039643.92857143,25605.62562,26174.18512142857,26174.18512142857
2025-12-24,KAMAHOLD,INE411F01010,BSE,2969.35,0.0,0.0,78714.069,0.0,0.0,0.0,0.0,0.0,0.0,6427.733,6427.733,6427.733
2025-12-26,RSYSTEMS,INE411H01032,NSE,406.5,54.98,10392579.0,18844.6737,53.948,55.882857142857155,55.882857142857155,14872097.809999999,17323054.42857143,17323054.42857143,27405.95678,30596.39907857143,30596.39907857143
2025-12-26,BAJAJHCARE,INE411U01027,NSE,420.0,34.36,19014240.0,55765.444950000005,24.576,24.76571428571429,24.76571428571429,20161640.07,17654378.27142857,17654378.27142857,83452.47993,72564.29214285714,72564.29214285714
2025-12-24,DIL,INE411Y01011,NSE,1.77,72.39,255768.54,356.22327,67.988,70.54333333333334,70.54333333333334,230895.72999999998,249586.775,249586.775,361.101568,370.454575,370.454575
2025-12-26,JMA,INE412C01023,NSE,77.72,68.38,260517.44,384.98996999999997,74.21799999999999,76.15857142857143,76.15857142857143,499455.16799999995,436295.82999999996,436295.82999999996,785.6367140000001,661.1669757142857,661.1669757142857
2025-12-24,APOLLOFI,INE412D01013,BSE,412.75,0.0,0.0,67.976,0.0,0.0,0.0,0.0,0.0,0.0,233.12766666666664,233.12766666666664,233.12766666666664
2025-12-24,ORGCOAT,INE412E01011,BSE,25.5,0.0,0.0,19.643,0.0,0.0,0.0,0.0,0.0,0.0,33.065333333333335,33.065333333333335,33.065333333333335
2025-12-26,BCLIND,INE412G01024,NSE,32.24,48.43,6744575.760000001,13845.187800000002,58.842,55.89857142857142,55.89857142857142,8985405.222000001,7866107.382857144,7866107.382857144,15010.948992,13691.737548571427,13691.737548571427
2025-12-24,SAMRATFORG,INE412J01010,BSE,247.8,0.0,0.0,20.597,0.0,0.0,0.0,0.0,0.0,0.0,13.391,13.391,13.391
2025-12-26,BIGBLOC,INE412U01025,NSE,69.77,40.65,10767394.79,26258.02074,42.39,40.621428571428574,40.621428571428574,9130282.614,13490323.465714287,13490323.465714287,24084.405568,37310.086247142855,37310.086247142855
2025-12-26,RUCHINFRA,INE413B01023,NSE,6.5,73.48,280098.0,382.52954,85.306,83.52714285714285,83.52714285714285,388887.144,401285.79714285716,401285.79714285716,465.427546,491.1179071428572,491.1179071428572
2025-12-24,SIPL,INE413C01013,BSE,14.7,0.0,0.0,0.102,0.0,0.0,0.0,0.0,0.0,0.0,16.09,16.09,16.09
2025-12-24,ARIHANT,INE413D01011,BSE,1207.65,0.0,0.0,1883.09,0.0,0.0,0.0,0.0,0.0,0.0,2223.3213333333333,2223.3213333333333,2223.3213333333333
2025-12-24,DEL,INE413F01016,BSE,214.95,0.0,0.0,508.359,0.0,0.0,0.0,0.0,0.0,0.0,597.8006666666666,597.8006666666666,597.8006666666666
2025-12-26,TPLPLASTEH,INE413G01022,NSE,66.39,20.48,819119.8200000001,4020.99232,22.296,21.264285714285716,21.264285714285716,1374206.72,1415431.7057142856,1415431.7057142856,5802.154369999999,6515.262397142857,6515.262397142857
2025-12-17,10ISFL26,INE413U07277,BSE,990.0,0.0,0.0,99.0,0.0,0.0,0.0,0.0,0.0,0.0,99.0,99.0,99.0
2025-12-24,7NR,INE413X01035,BSE,4.12,0.0,0.0,104.092,0.0,0.0,0.0,0.0,0.0,0.0,87.323,87.323,87.323
2025-12-26,MADRASFERT,INE414A01015,NSE,79.07,45.44,6386009.4799999995,14037.91152,49.268,44.892857142857146,44.892857142857146,3289549.408,4019868.927142857,4019868.927142857,7358.827372,11734.04347,11734.04347
2025-12-26,ANTGRAPHIC,INE414B01021,NSE,0.96,97.46,88448.64,92.42875,72.434,74.67142857142856,74.67142857142856,181045.136,160726.6057142857,160726.6057142857,255.90461399999998,218.82741857142855,218.82741857142855
2025-12-24,GREENCREST,INE414C01045,BSE,0.62,0.0,0.0,50.731,0.0,0.0,0.0,0.0,0.0,0.0,63.32566666666667,63.32566666666667,63.32566666666667
2025-12-26,BHAGCHEM,INE414D01027,NSE,229.15,55.96,63506172.7,114329.28073999999,47.266000000000005,49.61571428571428,49.61571428571428,42438576.896000005,31293885.040000003,31293885.040000003,156450.368966,113507.07178285715,113507.07178285715
2025-12-26,MUTHOOTFIN,INE414G01012,NSE,3797.0,31.62,262813152.0,834610.6348,52.556000000000004,51.08142857142858,51.08142857142858,761806699.4,663748814.7857143,663748814.7857143,1493934.7538800002,1317977.2407000002,1317977.2407000002
2025-12-24,MFLIV26,INE414G07FM3,BSE,1056.5,0.0,0.0,5.282,0.0,0.0,0.0,0.0,0.0,0.0,393.7726666666667,393.7726666666667,393.7726666666667
2025-12-23,MFLVI26,INE414G07FO9,BSE,1439.99,0.0,0.0,1534.12,0.0,0.0,0.0,0.0,0.0,0.0,673.575,673.575,673.575
2025-12-17,MFLV26E,INE414G07FU6,BSE,1000.0,0.0,0.0,407.574,0.0,0.0,0.0,0.0,0.0,0.0,407.574,407.574,407.574
2025-12-24,MFLVI31F,INE414G07FV4,BSE,1035.0,0.0,0.0,543.375,0.0,0.0,0.0,0.0,0.0,0.0,207.0,207.0,207.0
2025-12-17,MFLVIII26H,INE414G07FX0,BSE,1405.2,0.0,0.0,533.976,0.0,0.0,0.0,0.0,0.0,0.0,533.976,533.976,533.976
2025-12-17,MFLIV27D,INE414G07GG3,BSE,1016.0,0.0,0.0,406.4,0.0,0.0,0.0,0.0,0.0,0.0,406.4,406.4,406.4
2025-12-23,MFLII27,INE414G07GM1,BSE,992.0,0.0,0.0,1.984,0.0,0.0,0.0,0.0,0.0,0.0,1.762,1.762,1.762
2025-12-17,MFLV29,INE414G07GP4,BSE,985.02,0.0,0.0,295.506,0.0,0.0,0.0,0.0,0.0,0.0,295.506,295.506,295.506
2025-12-17,MFLTDII27,INE414G07GV2,BSE,1001.0,0.0,0.0,2352.35,0.0,0.0,0.0,0.0,0.0,0.0,2352.35,2352.35,2352.35
2025-12-24,MFLV27,INE414G07GY6,BSE,995.0,0.0,0.0,49.75,0.0,0.0,0.0,0.0,0.0,0.0,49.75,49.75,49.75
2025-12-24,MFL23,INE414G07HP2,BSE,1240.19,0.0,0.0,248.02,0.0,0.0,0.0,0.0,0.0,0.0,248.02,248.02,248.02
2025-12-23,8MFL26,INE414G07HR8,BSE,1060.0,0.0,0.0,21.2,0.0,0.0,0.0,0.0,0.0,0.0,21.2,21.2,21.2
2025-12-19,775MFLTD28,INE414G07IL9,BSE,1020.0,0.0,0.0,10.2,0.0,0.0,0.0,0.0,0.0,0.0,10.2,10.2,10.2
2025-12-24,8MFLTD26,INE414G07IN5,BSE,1012.0,0.0,0.0,10.12,0.0,0.0,0.0,0.0,0.0,0.0,10.12,10.12,10.12
2025-12-24,SGRL,INE414Y01015,BSE,426.5,0.0,0.0,776.802,0.0,0.0,0.0,0.0,0.0,0.0,1152.3216666666667,1152.3216666666667,1152.3216666666667
2025-12-26,AGI,INE415A01038,NSE,737.85,60.28,7807190.850000001,12963.2979,57.19,62.435714285714276,62.435714285714276,15411245.690000001,17556398.4,17556398.4,27106.68134,28092.500992857145,28092.500992857145
2025-12-24,MARSONS,INE415B01044,BSE,151.35,0.0,0.0,65429.142,0.0,0.0,0.0,0.0,0.0,0.0,69098.99666666667,69098.99666666667,69098.99666666667
2025-12-26,BHARATSE,INE415D01024,NSE,178.38,53.52,3359787.3,6267.1043899999995,53.75600000000001,54.78714285714286,54.78714285714286,4945764.774,4601871.887142858,4601871.887142858,9118.791220000001,8361.941427142858,8361.941427142858
2025-12-26,RVNL,INE415G01027,NSE,387.95,13.22,5280911570.45,39374189.062199995,28.436,31.45,31.45,866116211.28,675087239.9214286,675087239.9214286,3605547.6511099995,2721727.366035714,2721727.366035714
2025-12-24,BERLDRG,INE415H01017,BSE,23.2,0.0,0.0,29.084,0.0,0.0,0.0,0.0,0.0,0.0,14.243333333333334,14.243333333333334,14.243333333333334
2025-12-26,KIRIINDUS,INE415I01015,NSE,604.7,49.57,375102666.40000004,753117.3125,52.95799999999999,47.02714285714285,47.02714285714285,121479499.28,140866674.15714285,140866674.15714285,228624.77103,362084.8409214286,362084.8409214286
2025-12-26,BLISSGVS,INE416D01022,NSE,166.73,35.53,69647122.52,200425.98501,13.36,19.777142857142856,19.777142857142856,139294735.774,106350160.16714285,106350160.16714285,1827144.027868,1324160.1476385712,1324160.1476385712
2025-12-24,NILACHAL,INE416N01013,BSE,39.9,0.0,0.0,0.279,0.0,0.0,0.0,0.0,0.0,0.0,5.521666666666667,5.521666666666667,5.521666666666667
2025-12-26,DSSL,INE417B01040,NSE,939.15,48.51,12527321.85,26044.2596,37.366,31.32714285714286,31.32714285714286,12991864.780000001,15195293.842857143,15195293.842857143,41029.49346,73739.42245,73739.42245
2025-12-26,PILANIINVS,INE417C01014,NSE,5363.0,71.61,66924877.0,92415.6385,58.782000000000004,60.91000000000001,60.91000000000001,5285748.4,36856149.64285714,36856149.64285714,9254.049900000002,50399.91871428571,50399.91871428571
2025-12-24,FEDDERSHOL,INE417D01020,BSE,52.12,0.0,0.0,22506.555,0.0,0.0,0.0,0.0,0.0,0.0,50343.27033333333,50343.27033333333,50343.27033333333
2025-12-24,PCCOSMA,INE417E01010,BSE,365.05,0.0,0.0,247.918,0.0,0.0,0.0,0.0,0.0,0.0,379.0663333333334,379.0663333333334,379.0663333333334
2025-12-24,SICAPIT,INE417F01017,BSE,27.55,0.0,0.0,7.3,0.0,0.0,0.0,0.0,0.0,0.0,15.261,15.261,15.261
2025-12-24,CHMBBRW,INE417N01011,BSE,22.66,0.0,0.0,1606.04,0.0,0.0,0.0,0.0,0.0,0.0,441.94966666666664,441.94966666666664,441.94966666666664
2025-12-26,POLICYBZR,INE417T01026,NSE,1909.4,44.97,249930913.0,557006.4193,52.184000000000005,49.612857142857145,49.612857142857145,1112902164.6799998,1332227972.4142857,1332227972.4142857,2121793.50724,2769655.7563857143,2769655.7563857143
2025-12-24,VAARAD,INE418B01048,BSE,11.67,0.0,0.0,0.458,0.0,0.0,0.0,0.0,0.0,0.0,15.937333333333335,15.937333333333335,15.937333333333335
2025-12-24,QUESTCAP,INE418C01012,BSE,300.15,0.0,0.0,379.406,0.0,0.0,0.0,0.0,0.0,0.0,346.5233333333333,346.5233333333333,346.5233333333333
2025-12-24,CEENIK,INE418D01010,BSE,327.1,0.0,0.0,173.427,0.0,0.0,0.0,0.0,0.0,0.0,191.6303333333333,191.6303333333333,191.6303333333333
2025-12-24,PERMAGN,INE418E01018,BSE,855.0,0.0,0.0,1480.057,0.0,0.0,0.0,0.0,0.0,0.0,1976.3476666666666,1976.3476666666666,1976.3476666666666
2025-12-26,ALLCARGO,INE418H01029,NSE,10.69,68.88,24115260.99,35156.84924,64.86600000000001,63.41571428571429,63.41571428571429,36519002.647999994,35817075.879999995,35817075.879999995,55335.20719600001,55995.59588571429,55995.59588571429
2025-12-24,SHRAJOI,INE418K01015,BSE,34.6,0.0,0.0,3.114,0.0,0.0,0.0,0.0,0.0,0.0,5.014,5.014,5.014
2025-12-26,NAZARA,INE418L01047,NSE,237.4,35.92,114755836.4,320731.46075,43.792,40.75571428571429,40.75571428571429,285315019.24,261887972.60000005,261887972.60000005,955233.98751,895687.8947000001,895687.8947000001
2025-12-26,ESSENTIA,INE418N01035,NSE,1.54,73.0,1565436.18,2151.76255,76.256,74.32857142857144,74.32857142857144,1550715.602,1509295.4185714286,1509295.4185714286,2003.3697999999997,2009.8305185714285,2009.8305185714285
2025-12-26,KOTARISUG,INE419A01022,NSE,27.44,68.24,624342.3200000001,920.80416,65.224,67.31571428571428,67.31571428571428,451326.57,486703.8428571429,486703.8428571429,694.1666899999999,740.008027142857,740.008027142857
2025-12-26,CLSEL,INE419D01026,NSE,257.6,76.7,5559265.600000001,7271.8414,62.186,61.01571428571429,61.01571428571429,7874469.8,7735343.299999999,7735343.299999999,13355.25917,13202.789099999998,13202.789099999998
2025-12-24,PRIMEURB,INE419E01024,BSE,9.37,0.0,0.0,25.553,0.0,0.0,0.0,0.0,0.0,0.0,458.46133333333336,458.46133333333336,458.46133333333336
2025-12-24,RELIABVEN,INE419H01019,BSE,21.17,0.0,0.0,51.358,0.0,0.0,0.0,0.0,0.0,0.0,22.9845,22.9845,22.9845
2025-12-26,TDPOWERSYS,INE419M01027,NSE,710.6,38.01,100316823.2,267108.27505,38.646,38.82857142857143,38.82857142857143,179502468.5,175083291.52857143,175083291.52857143,468706.10884999996,475685.3273857143,475685.3273857143
2025-12-26,HAPPSTMNDS,INE419U01012,NSE,477.45,61.51,92501163.0,151214.55225,47.904,47.60142857142857,47.60142857142857,55407958.05,51266092.07857143,51266092.07857143,118857.76200000002,109993.31089285715,109993.31089285715
2025-12-26,ARIHANTCAP,INE420B01036,NSE,91.21,49.31,15551304.999999998,31811.32071,40.90400000000001,43.40142857142858,43.40142857142858,16498740.158000002,14072940.408571431,14072940.408571431,47797.189772,38924.64331714285,38924.64331714285
2025-12-26,PAISALO,INE420C01059,NSE,34.92,48.25,42910359.480000004,89168.4576,45.67,43.99285714285715,43.99285714285715,49471082.08,46975479.73428571,46975479.73428571,107279.29578,105774.67500857144,105774.67500857144
2025-12-24,10PDL27,INE420C07130,BSE,99750.0,0.0,0.0,292.771,0.0,0.0,0.0,0.0,0.0,0.0,589.51,589.51,589.51
2025-12-26,TVSSRICHAK,INE421C01016,NSE,4104.6,33.18,8841308.4,26515.4396,40.726,43.18571428571429,43.18571428571429,6217609.159999999,6722110.028571428,6722110.028571428,14891.84806,15325.555457142857,15325.555457142857
2025-12-26,CCL,INE421D01022,NSE,943.2,48.05,75920997.60000001,157871.1205,41.867999999999995,39.77571428571428,39.77571428571428,66456623.0,65005522.91428571,65005522.91428571,163293.55320000002,169651.64814285716,169651.64814285716
2025-12-24,DSINVEST,INE422D01012,BSE,424.0,0.0,0.0,2.124,0.0,0.0,0.0,0.0,0.0,0.0,3.444,3.444,3.444
2025-12-24,HEMORGANIC,INE422G01015,BSE,18.61,0.0,0.0,9.639,0.0,0.0,0.0,0.0,0.0,0.0,1382.2683333333334,1382.2683333333334,1382.2683333333334
2025-12-26,ADANIENT,INE423A01024,NSE,2229.9,26.62,336059309.40000004,1265771.2894000001,30.852000000000004,31.02714285714286,31.02714285714286,474154172.3,470319145.44285715,470319145.44285715,1463202.98008,1463434.8881857141,1463434.8881857141
2025-12-24,9AEL30,INE423A07443,BSE,1026.0,0.0,0.0,1.026,0.0,0.0,0.0,0.0,0.0,0.0,27.999,27.999,27.999
2025-12-17,AEL170725A,INE423A07468,BSE,1039.0,0.0,0.0,544.436,0.0,0.0,0.0,0.0,0.0,0.0,544.436,544.436,544.436
2025-12-24,ECOPLAST,INE423D01010,BSE,500.0,0.0,0.0,167.593,0.0,0.0,0.0,0.0,0.0,0.0,609.852,609.852,609.852
2025-12-26,SBFC,INE423Y01016,NSE,104.49,56.89,39115100.07,69047.31541,43.974000000000004,44.08833333333333,44.08833333333333,53895110.256,55061304.41499999,55061304.41499999,124670.89871399998,126917.02109,126917.02109
2025-12-26,GINNIFILA,INE424C01010,NSE,39.84,53.28,3363292.8000000003,6514.67915,33.54,38.708571428571425,38.708571428571425,1345520.0960000001,1492757.4057142858,1492757.4057142858,4286.713731999999,4118.5546699999995,4118.5546699999995
2025-12-26,SUNTV,INE424H01027,NSE,572.1,39.39,52797392.7,135293.7744,53.262,52.75428571428571,52.75428571428571,63678879.52,57616348.442857146,57616348.442857146,110992.60527999999,103866.04187857143,103866.04187857143
2025-12-24,MILEFUR,INE424Z01011,BSE,28.7,0.0,0.0,11871.93,0.0,0.0,0.0,0.0,0.0,0.0,2760.94,2760.94,2760.94
2025-12-26,BCG,INE425B01027,NSE,10.4,58.13,29562780.0,50919.56817,49.684,52.15714285714286,52.15714285714286,45108025.698,39767078.92428572,39767078.92428572,94002.483798,80248.92341428573,80248.92341428573
2025-12-24,SRUSTEELS,INE425C01017,BSE,3.72,0.0,0.0,274.32,0.0,0.0,0.0,0.0,0.0,0.0,513.7620000000001,513.7620000000001,513.7620000000001
2025-12-24,RAMAPPR-B,INE425E01013,BSE,9.0,0.0,0.0,4.275,0.0,0.0,0.0,0.0,0.0,0.0,1.648,1.648,1.648
2025-12-24,BEFOUNDMOL,INE425F01028,BSE,4.65,0.0,0.0,1.213,0.0,0.0,0.0,0.0,0.0,0.0,0.8826666666666667,0.8826666666666667,0.8826666666666667
2025-12-26,RPSGVENT,INE425Y01011,NSE,765.9,62.13,14984067.6,24225.17815,40.098,45.05142857142857,45.05142857142857,13609546.290000001,12533720.528571429,12533720.528571429,37016.9856,31055.28073571428,31055.28073571428
2025-12-26,ALEMBICLTD,INE426A01027,NSE,100.85,55.54,8504377.95,15359.454710000002,57.90200000000001,55.61285714285715,55.61285714285715,10445405.668,9542524.398571428,9542524.398571428,17837.194916,16916.627574285714,16916.627574285714
2025-12-26,GOACARBON,INE426D01013,NSE,386.45,46.82,6521730.2,14000.08105,52.62199999999999,47.2442857142857,47.2442857142857,2201957.29,2781760.228571429,2781760.228571429,4501.84872,8791.179364285714,8791.179364285714
2025-12-24,PRERINFRA,INE426H01014,BSE,30.17,0.0,0.0,175.86,0.0,0.0,0.0,0.0,0.0,0.0,391.583,391.583,391.583
2025-12-26,OBCL,INE426Z01016,NSE,55.0,91.35,1258125.0,1378.63769,77.074,83.14571428571428,83.14571428571428,584938.0480000001,1012334.4514285715,1012334.4514285715,712.4940599999999,1110.99827,1110.99827
2025-12-24,VISTAPH,INE427C01021,BSE,8.27,0.0,0.0,8.1,0.0,0.0,0.0,0.0,0.0,0.0,49.12633333333333,49.12633333333333,49.12633333333333
2025-12-24,GOLECHA,INE427D01011,BSE,21.19,0.0,0.0,104.949,0.0,0.0,0.0,0.0,0.0,0.0,19.876,19.876,19.876
2025-12-24,RALEGRA,INE427E01027,BSE,41.0,0.0,0.0,0.45,0.0,0.0,0.0,0.0,0.0,0.0,12.888,12.888,12.888
2025-12-26,CHALET,INE427F01016,NSE,866.55,49.07,26900311.65,54889.13435,53.67,54.11857142857143,54.11857142857143,61646569.419999994,57717204.93571428,57717204.93571428,126533.14330000003,115274.97416428573,115274.97416428573
2025-12-24,VKAL,INE427T01025,BSE,1.31,0.0,0.0,3163.076,0.0,0.0,0.0,0.0,0.0,0.0,3402.123333333333,3402.123333333333,3402.123333333333
2025-12-24,ACML,INE427V01013,BSE,38.62,0.0,0.0,244.8,0.0,0.0,0.0,0.0,0.0,0.0,156.58666666666667,156.58666666666667,156.58666666666667
2025-12-24,PVVINFRA,INE428B01021,BSE,4.92,0.0,0.0,902.493,0.0,0.0,0.0,0.0,0.0,0.0,3380.2693333333336,3380.2693333333336,3380.2693333333336
2025-12-24,HINDTIN,INE428D01019,BSE,121.1,0.0,0.0,879.974,0.0,0.0,0.0,0.0,0.0,0.0,537.6316666666667,537.6316666666667,537.6316666666667
2025-12-24,PRABHHANS,INE428P01013,BSE,36.82,0.0,0.0,30.157,0.0,0.0,0.0,0.0,0.0,0.0,211.3795,211.3795,211.3795
2025-12-26,SURYODAY,INE428Q01011,NSE,143.51,58.93,23986978.95,40124.272,49.92,51.71285714285715,51.71285714285715,24262267.244,18664420.648571428,18664420.648571428,58528.525107999994,44175.81153428571,44175.81153428571
2025-12-26,NEPHROPLUS,INE428V01029,NSE,476.2,34.65,218741517.6,647214.3289,49.04600000000001,50.11166666666667,50.11166666666667,240505210.13000003,868954480.1083332,868954480.1083332,508450.49682999996,1661206.3882083334,1661206.3882083334
2025-12-24,YOGISUNG,INE429B01011,BSE,8.0,0.0,0.0,304.243,0.0,0.0,0.0,0.0,0.0,0.0,230.01433333333333,230.01433333333333,230.01433333333333
2025-12-24,INDCEMCAP,INE429D01017,BSE,14.87,0.0,0.0,216.493,0.0,0.0,0.0,0.0,0.0,0.0,121.04066666666665,121.04066666666665,121.04066666666665
2025-12-26,SAFARI,INE429E01023,NSE,2232.6,35.44,13105362.0,37023.868,50.245999999999995,53.04714285714285,53.04714285714285,20746970.82,21604954.471428573,21604954.471428573,48766.40203999999,46149.876242857135,46149.876242857135
2025-12-24,PEIL,INE429K01012,BSE,10.87,0.0,0.0,74.101,0.0,0.0,0.0,0.0,0.0,0.0,259.5606666666667,259.5606666666667,259.5606666666667
2025-12-24,KUWERIN,INE430F01010,BSE,11.98,0.0,0.0,4.22,0.0,0.0,0.0,0.0,0.0,0.0,27.40233333333333,27.40233333333333,27.40233333333333
2025-12-26,VISHWARAJ,INE430N01022,NSE,6.87,67.76,1390838.37,2059.68898,65.51,65.68571428571428,65.68571428571428,832669.0519999999,736162.5571428571,736162.5571428571,1277.792206,1128.7591871428572,1128.7591871428572
2025-12-24,AAYUSH,INE430R01023,BSE,55.05,0.0,0.0,8059.099,0.0,0.0,0.0,0.0,0.0,0.0,9668.957333333334,9668.957333333334,9668.957333333334
2025-12-26,PKTEA,INE431F01018,NSE,856.65,73.31,5705289.0,7876.115400000001,61.974000000000004,70.42285714285715,70.42285714285715,2431986.12,2396353.442857143,2396353.442857143,3626.4150999999997,3276.7818857142856,3276.7818857142856
2025-12-24,AMBALALSA,INE432A01017,BSE,31.06,0.0,0.0,1646.743,0.0,0.0,0.0,0.0,0.0,0.0,5641.445,5641.445,5641.445
2025-12-24,EBIX,INE432F01032,BSE,30.33,0.0,0.0,18536.365,0.0,0.0,0.0,0.0,0.0,0.0,17559.51,17559.51,17559.51
2025-12-23,BHUDEVI,INE432N01010,BSE,273.0,0.0,0.0,20.923,0.0,0.0,0.0,0.0,0.0,0.0,17.655,17.655,17.655
2025-12-24,SACHEMT,INE433G01020,BSE,4.04,0.0,0.0,434.98,0.0,0.0,0.0,0.0,0.0,0.0,298.8296666666667,298.8296666666667,298.8296666666667
2025-12-24,WEPSOLN,INE434B01029,BSE,23.07,0.0,0.0,80.275,0.0,0.0,0.0,0.0,0.0,0.0,54.916333333333334,54.916333333333334,54.916333333333334
2025-12-24,KAJARIR,INE434C01027,BSE,27.51,0.0,0.0,234.701,0.0,0.0,0.0,0.0,0.0,0.0,162.44633333333334,162.44633333333334,162.44633333333334
2025-12-26,ANDHRAPAP,INE435A01051,NSE,66.63,68.39,3659719.38,5368.67957,66.64,64.91428571428571,64.91428571428571,2329560.0139999995,2207442.7757142857,2207442.7757142857,3393.3870800000004,3321.917881428572,3321.917881428572
2025-12-26,TEXINFRA,INE435C01024,NSE,102.24,35.86,7292165.76,20508.55078,48.61,53.65571428571428,53.65571428571428,4327942.64,4418395.228571429,4418395.228571429,9812.380764,9024.598741428572,9024.598741428572
2025-12-24,MCCHRLS-B,INE435D01014,BSE,675.25,0.0,0.0,31.12,0.0,0.0,0.0,0.0,0.0,0.0,209.79133333333334,209.79133333333334,209.79133333333334
2025-12-24,SHALPRO,INE435E01020,BSE,0.49,0.0,0.0,29.768,0.0,0.0,0.0,0.0,0.0,0.0,66.68333333333334,66.68333333333334,66.68333333333334
2025-12-26,DHANUKA,INE435G01025,NSE,1208.8,43.55,15973083.2,36659.2442,58.89,57.73714285714285,57.73714285714285,17967415.560000002,15060758.82857143,15060758.82857143,29594.221680000006,25179.58701428572,25179.58701428572
2025-12-24,BHILSPIN,INE436C01014,BSE,105.7,0.0,0.0,980.326,0.0,0.0,0.0,0.0,0.0,0.0,613.8263333333333,613.8263333333333,613.8263333333333
2025-12-24,AMTL,INE436N01029,BSE,23.15,0.0,0.0,116.348,0.0,0.0,0.0,0.0,0.0,0.0,149.29833333333332,149.29833333333332,149.29833333333332
2025-12-26,APOLLOHOSP,INE437A01024,NSE,7156.0,54.88,896095788.0,1636862.215,63.5,64.05999999999999,64.05999999999999,1447113018.0,1518679188.2142856,1518679188.2142856,2277473.9033,2372724.2708571428,2372724.2708571428
2025-12-26,KAKATCEM,INE437B01014,NSE,128.11,66.36,264034.71,399.61121999999995,75.06400000000001,69.47714285714287,69.47714285714287,285879.286,256249.05000000002,256249.05000000002,396.25922,384.3966457142857,384.3966457142857
2025-12-24,INCAP,INE437C01012,BSE,83.58,0.0,0.0,3.321,0.0,0.0,0.0,0.0,0.0,0.0,15.381,15.381,15.381
2025-12-24,MAGNAELQ,INE437D01010,BSE,889.2,0.0,0.0,523.052,0.0,0.0,0.0,0.0,0.0,0.0,800.7893333333333,800.7893333333333,800.7893333333333
2025-12-26,APOLLOTYRE,INE438A01022,NSE,505.8,56.16,97617376.8,174232.1972,47.21999999999999,48.96857142857142,48.96857142857142,179277387.37,165784933.62142855,165784933.62142855,388658.23027000006,348945.62012857146,348945.62012857146
2025-12-24,PROCLB,INE438C01010,BSE,28.5,0.0,0.0,1187.39,0.0,0.0,0.0,0.0,0.0,0.0,2145.918,2145.918,2145.918
2025-12-24,SIKA,INE438E01032,BSE,902.0,0.0,0.0,6800.659,0.0,0.0,0.0,0.0,0.0,0.0,8422.253999999999,8422.253999999999,8422.253999999999
2025-12-26,KALAMANDIR,INE438K01021,NSE,154.2,59.1,30674234.999999996,51922.92982,42.75999999999999,44.15714285714285,44.15714285714285,36140040.592,34014029.351428576,34014029.351428576,84592.409502,77680.67875285714,77680.67875285714
2025-12-26,ASAHIINDIA,INE439A01020,NSE,995.5,40.12,43491404.0,107994.7895,49.402,48.287142857142854,48.287142857142854,140762466.76,109023630.88571428,109023630.88571428,224838.04508,179415.41861428574,179415.41861428574
2025-12-26,SKIPPER,INE439E01022,NSE,422.85,46.19,36332540.550000004,79355.5384,51.760000000000005,51.30285714285714,51.30285714285714,65600150.460000016,53511863.40000001,53511863.40000001,125300.85882,102741.76934285715,102741.76934285715
2025-12-24,ENTRINT,INE439G01019,BSE,26.98,0.0,0.0,24.603,0.0,0.0,0.0,0.0,0.0,0.0,14.092999999999998,14.092999999999998,14.092999999999998
2025-12-24,BPAGRI,INE439N01031,BSE,87.1,0.0,0.0,345.829,0.0,0.0,0.0,0.0,0.0,0.0,610.7320000000001,610.7320000000001,610.7320000000001
2025-12-26,NITIRAJ,INE439T01012,NSE,187.99,75.57,105274.40000000001,138.74213,66.372,63.019999999999996,63.019999999999996,257125.62200000003,252098.22428571433,252098.22428571433,398.64612999999997,432.80179571428573,432.80179571428573
2025-12-26,ASHIMASYN,INE440A01010,NSE,18.37,84.32,1390002.79,1646.6943,69.226,70.03571428571429,70.03571428571429,1418189.6179999998,1323291.24,1323291.24,2120.395346,1947.2407342857139,1947.2407342857139
2025-12-24,SABOOSOD,INE440C01016,BSE,13.41,0.0,0.0,251.969,0.0,0.0,0.0,0.0,0.0,0.0,947.631,947.631,947.631
2025-12-24,TRITONV,INE440G01017,BSE,3125.15,0.0,0.0,531.003,0.0,0.0,0.0,0.0,0.0,0.0,2468.306666666667,2468.306666666667,2468.306666666667
2025-12-26,TIJARIA,INE440L01017,NSE,4.98,86.75,670950.42,777.32683,71.70599999999999,72.82428571428571,72.82428571428571,980597.682,774363.7942857144,774363.7942857144,1475.34325,1148.6501714285712,1148.6501714285712
2025-12-24,SEIL,INE440T01028,BSE,179.95,0.0,0.0,16190.93,0.0,0.0,0.0,0.0,0.0,0.0,34749.382333333335,34749.382333333335,34749.382333333335
2025-12-24,SIBARAUT,INE441C01014,BSE,9.0,0.0,0.0,48.733,0.0,0.0,0.0,0.0,0.0,0.0,52.49133333333333,52.49133333333333,52.49133333333333
2025-12-23,STANROS,INE441L01015,BSE,69.0,0.0,0.0,95.752,0.0,0.0,0.0,0.0,0.0,0.0,51.171,51.171,51.171
2025-12-24,CHARMS,INE442C01012,BSE,6.41,0.0,0.0,0.452,0.0,0.0,0.0,0.0,0.0,0.0,0.067,0.067,0.067
2025-12-24,MEDICAPQ,INE442D01010,BSE,32.0,0.0,0.0,86.61,0.0,0.0,0.0,0.0,0.0,0.0,320.33633333333336,320.33633333333336,320.33633333333336
2025-12-26,ASHOKA,INE442H01029,NSE,170.41,43.2,37816364.74,88192.36619,46.288,43.78142857142858,43.78142857142858,49141063.896000005,55121394.31285714,55121394.31285714,105486.312888,135465.29971571427,135465.29971571427
2025-12-26,SUYOG,INE442P01014,NSE,597.9,77.1,10840524.9,14384.12435,58.434000000000005,59.66285714285715,59.66285714285715,3865290.63,5291022.292857142,5291022.292857142,6725.804859999999,8817.048607142857,8817.048607142857
2025-12-24,PRIMEFRESH,INE442V01012,BSE,217.3,0.0,0.0,8786.68,0.0,0.0,0.0,0.0,0.0,0.0,4164.639,4164.639,4164.639
2025-12-24,ASIIL,INE443A01030,BSE,28.47,0.0,0.0,161.198,0.0,0.0,0.0,0.0,0.0,0.0,568.081,568.081,568.081
2025-12-24,TYCHE,INE443B01012,BSE,115.55,0.0,0.0,295.517,0.0,0.0,0.0,0.0,0.0,0.0,549.649,549.649,549.649
2025-12-24,ROOPAIND,INE443C01010,BSE,47.0,0.0,0.0,61.767,0.0,0.0,0.0,0.0,0.0,0.0,30.176333333333332,30.176333333333332,30.176333333333332
2025-12-24,BGIL,INE443D01018,BSE,12.63,0.0,0.0,375.026,0.0,0.0,0.0,0.0,0.0,0.0,514.9143333333333,514.9143333333333,514.9143333333333
2025-12-24,SRINACHA,INE443E01016,BSE,31.0,0.0,0.0,0.031,0.0,0.0,0.0,0.0,0.0,0.0,17.055333333333333,17.055333333333333,17.055333333333333
2025-12-24,NATRAJPR,INE444D01016,BSE,33.99,0.0,0.0,7.779,0.0,0.0,0.0,0.0,0.0,0.0,67.77499999999999,67.77499999999999,67.77499999999999
2025-12-26,XPROINDIA,INE445C01015,NSE,987.1,61.64,4048097.1,6590.9794,65.25,66.59857142857143,66.59857142857143,13108380.940000001,11544639.85714286,11544639.85714286,18778.656280000003,16524.409471428575,16524.409471428575
2025-12-24,NILE,INE445D01013,BSE,1654.35,0.0,0.0,3282.054,0.0,0.0,0.0,0.0,0.0,0.0,2692.782333333333,2692.782333333333,2692.782333333333
2025-12-26,ATLASCYCLE,INE446A01025,NSE,100.17,32.66,1303612.3800000001,4015.43818,68.066,68.25000000000001,68.25000000000001,186269.87600000002,182483.00285714286,182483.00285714286,270.269478,264.93600428571426,264.93600428571426
2025-12-24,GLOBOFFS,INE446C01013,BSE,59.63,0.0,0.0,740.76,0.0,0.0,0.0,0.0,0.0,0.0,496.18066666666664,496.18066666666664,496.18066666666664
2025-12-24,NPRFIN,INE446D01011,BSE,30.99,0.0,0.0,18.329,0.0,0.0,0.0,0.0,0.0,0.0,23.139,23.139,23.139
2025-12-24,ATVPR,INE447A01015,BSE,40.49,0.0,0.0,1636.489,0.0,0.0,0.0,0.0,0.0,0.0,5776.278000000001,5776.278000000001,5776.278000000001
2025-12-24,PICTUREHS,INE448B01029,BSE,7.52,0.0,0.0,0.307,0.0,0.0,0.0,0.0,0.0,0.0,16.698333333333334,16.698333333333334,16.698333333333334
2025-12-24,PADAMCO,INE448D01025,BSE,3.21,0.0,0.0,780.144,0.0,0.0,0.0,0.0,0.0,0.0,2408.831,2408.831,2408.831
2025-12-24,UPROTECH,INE448F01012,BSE,8.86,0.0,0.0,0.044,0.0,0.0,0.0,0.0,0.0,0.0,0.1145,0.1145,0.1145
2025-12-26,NATHBIOGEN,INE448G01010,NSE,156.72,69.71,1545102.48,2251.5334700000003,67.784,67.84428571428572,67.84428571428572,1377711.346,1413727.7128571426,1413727.7128571426,2083.479728,2116.821031428571,2116.821031428571
2025-12-26,AUTOAXLES,INE449A01011,NSE,1812.2,55.25,3196720.8000000003,5794.4725,54.05,52.33714285714286,52.33714285714286,9007917.7,10042046.457142858,10042046.457142858,16723.86544,19397.860971428574,19397.860971428574
2025-12-24,ANDREWYU,INE449C01025,BSE,23.32,0.0,0.0,2132.227,0.0,0.0,0.0,0.0,0.0,0.0,1313.7436666666665,1313.7436666666665,1313.7436666666665
2025-12-19,AGRITECH,INE449G01018,NSE,165.35,39.07,3078320.9499999997,8030.7313300000005,20.493333333333332,20.493333333333332,20.493333333333332,14964825.813333333,14964825.813333333,14964825.813333333,82564.09285999999,82564.09285999999,82564.09285999999
2025-12-26,PITTIENG,INE450D01021,NSE,841.3,46.06,20368714.3,44911.50375,58.70399999999999,58.62285714285714,58.62285714285714,16502426.940000001,16447919.985714287,16447919.985714287,28783.045859999995,29070.346099999995,29070.346099999995
2025-12-26,SUKHJITS,INE450E01029,NSE,170.62,57.97,6535257.86,11285.97467,71.85799999999999,73.77,73.77,3476017.946,2743516.224285715,2743516.224285715,6436.822424000001,4944.871530000001,4944.871530000001
2025-12-26,VIPCLOTHNG,INE450G01024,NSE,31.38,68.12,3541484.04,5248.04154,72.816,74.59285714285716,74.59285714285716,2479121.7920000004,2071079.172857143,2071079.172857143,3359.306102,2780.8343785714287,2780.8343785714287
2025-12-26,ROUTE,INE450U01017,NSE,697.8,46.78,35573844.0,76381.98735,27.815999999999995,28.877142857142854,28.877142857142854,132624556.88,105066891.11428571,105066891.11428571,1621012.1520099998,1197604.771985714,1197604.771985714
2025-12-26,FORCEMOT,INE451A01017,NSE,18472.0,33.4,160743344.0,481504.742,30.561999999999994,30.36428571428571,30.36428571428571,325685063.2,264704085.42857143,264704085.42857143,1024726.4503999999,841695.037142857,841695.037142857
2025-12-24,ACGL,INE451C01013,BSE,1736.9,0.0,0.0,1897.379,0.0,0.0,0.0,0.0,0.0,0.0,1034.1786666666667,1034.1786666666667,1034.1786666666667
2025-12-26,RAJRATAN,INE451D01029,NSE,460.95,46.94,12544293.299999999,26984.821,47.108,46.62428571428571,46.62428571428571,26352849.96,23906369.835714288,23906369.835714288,55710.70442,50960.91202857143,50960.91202857143
2025-12-26,APOLSINHOT,INE451F01024,NSE,1229.2,84.98,1078008.4000000001,1269.3593999999998,78.728,79.5657142857143,79.5657142857143,404110.05999999994,441476.7285714285,441476.7285714285,516.57532,541.4403857142858,541.4403857142858
2025-12-24,GROWINGTON,INE451S01027,BSE,0.75,0.0,0.0,4055.077,0.0,0.0,0.0,0.0,0.0,0.0,4907.492333333333,4907.492333333333,4907.492333333333
2025-12-24,RELICTEC,INE452B01013,BSE,78.19,0.0,0.0,132.376,0.0,0.0,0.0,0.0,0.0,0.0,65.48633333333333,65.48633333333333,65.48633333333333
2025-12-26,INCREDIBLE,INE452L01012,NSE,39.13,73.44,55838.51,76.21702,54.525999999999996,55.76714285714286,55.76714285714286,174238.85,170191.69,170191.69,275.37847,277.0756485714286,277.0756485714286
2025-12-24,SCTL,INE452S01025,BSE,0.72,0.0,0.0,162.405,0.0,0.0,0.0,0.0,0.0,0.0,143.83133333333333,143.83133333333333,143.83133333333333
2025-12-24,DECCAN,INE452W01019,BSE,15.45,0.0,0.0,75.431,0.0,0.0,0.0,0.0,0.0,0.0,101.39966666666668,101.39966666666668,101.39966666666668
2025-12-24,SHREESHAY,INE452Z01012,BSE,26.18,0.0,0.0,387.02,0.0,0.0,0.0,0.0,0.0,0.0,387.02,387.02,387.02
2025-12-26,COMPUSOFT,INE453B01029,NSE,16.4,66.76,93643.99999999999,139.98363,68.05600000000001,68.31285714285714,68.31285714285714,347879.042,314141.84,314141.84,545.359652,484.9954057142857,484.9954057142857
2025-12-26,SARLAPOLY,INE453D01025,NSE,91.2,77.47,7842014.4,10164.75973,57.95799999999999,57.419999999999995,57.419999999999995,4161854.528,3835359.704285715,3835359.704285715,6753.004967999999,6356.331661428571,6356.331661428571
2025-12-24,KANUNGO,INE453S01015,BSE,11.4,0.0,0.0,149.311,0.0,0.0,0.0,0.0,0.0,0.0,36.46133333333333,36.46133333333333,36.46133333333333
2025-12-24,ABATEAS,INE454E01013,BSE,18.14,0.0,0.0,130.121,0.0,0.0,0.0,0.0,0.0,0.0,147.266,147.266,147.266
2025-12-24,7SEASL,INE454F01010,BSE,80.55,0.0,0.0,936.481,0.0,0.0,0.0,0.0,0.0,0.0,660.8376666666667,660.8376666666667,660.8376666666667
2025-12-26,NAGAFERT,INE454M01024,NSE,4.93,79.48,891033.4099999999,1130.3278400000002,63.86400000000001,63.84428571428572,63.84428571428572,1376463.386,1207085.5857142857,1207085.5857142857,2094.611242,1842.1254071428573,1842.1254071428573
2025-12-26,TRANSRAILL,INE454P01035,NSE,598.15,29.83,101151352.05,341732.48705,40.81600000000001,39.49571428571429,39.49571428571429,104483663.99,98784304.39285715,98784304.39285715,256958.44988000003,251814.79349285716,251814.79349285716
2025-12-24,DEVINE,INE455C01014,BSE,8.5,0.0,0.0,5.176,0.0,0.0,0.0,0.0,0.0,0.0,26.89633333333333,26.89633333333333,26.89633333333333
2025-12-24,FYNX,INE455H01013,BSE,68.32,0.0,0.0,279.936,0.0,0.0,0.0,0.0,0.0,0.0,70.94233333333334,70.94233333333334,70.94233333333334
2025-12-26,KSCL,INE455I01029,NSE,980.5,41.99,17105803.0,40739.5761,52.69599999999999,52.07999999999999,52.07999999999999,48102809.97,42796094.178571425,42796094.178571425,87908.97334999999,79444.5823142857,79444.5823142857
2025-12-26,POLYCAB,INE455K01017,NSE,7556.5,50.35,512761420.5,1021641.703,47.94199999999999,51.21714285714285,51.21714285714285,1078681829.5,1937588337.2142856,1937588337.2142856,2330889.5522999996,3755597.5669285716,3755597.5669285716
2025-12-24,INDOCITY,INE456B01014,BSE,12.4,0.0,0.0,17.662,0.0,0.0,0.0,0.0,0.0,0.0,28.954333333333334,28.954333333333334,28.954333333333334
2025-12-24,SLSTLQ,INE456D01010,BSE,32.88,0.0,0.0,9.196,0.0,0.0,0.0,0.0,0.0,0.0,1.2013333333333334,1.2013333333333334,1.2013333333333334
2025-12-17,SIMPLXPAP,INE456H01029,BSE,1722.8,0.0,0.0,1.722,0.0,0.0,0.0,0.0,0.0,0.0,1.722,1.722,1.722
2025-12-24,COMCL,INE456N01019,BSE,18.11,0.0,0.0,33.64,0.0,0.0,0.0,0.0,0.0,0.0,172.79166666666666,172.79166666666666,172.79166666666666
2025-12-26,MEDIASSIST,INE456Z01021,NSE,446.25,57.1,31646711.25,55481.472,66.578,64.85,64.85,161931535.1,122649992.29285716,122649992.29285716,207075.45032,159404.79243571428,159404.79243571428
2025-12-26,MAHABANK,INE457A01014,NSE,56.99,51.96,212492914.0,410643.32044,53.438,55.631428571428565,55.631428571428565,235676981.61999997,246761694.93999997,246761694.93999997,438763.855778,443541.70336571435,443541.70336571435
2025-12-24,DYNAMIND,INE457C01010,BSE,120.05,0.0,0.0,12.927,0.0,0.0,0.0,0.0,0.0,0.0,122.00966666666666,122.00966666666666,122.00966666666666
2025-12-24,STANPACK,INE457D01018,BSE,10.91,0.0,0.0,14.172,0.0,0.0,0.0,0.0,0.0,0.0,19.493666666666666,19.493666666666666,19.493666666666666
2025-12-24,VALLABHSQ,INE457E01016,BSE,10.39,0.0,0.0,7.613,0.0,0.0,0.0,0.0,0.0,0.0,1.3045,1.3045,1.3045
2025-12-26,SALZERELEC,INE457F01013,NSE,689.35,47.94,13385798.3,27991.41675,40.462,42.15857142857143,42.15857142857143,9975474.59,10124737.478571428,10124737.478571428,25087.004259999998,24621.880257142853,24621.880257142853
2025-12-24,ORIRAIL,INE457G01029,BSE,162.0,0.0,0.0,22071.166,0.0,0.0,0.0,0.0,0.0,0.0,10167.488,10167.488,10167.488
2025-12-26,PGEL,INE457L01029,NSE,581.05,32.76,285477418.65,879209.15955,36.326,35.887142857142855,35.887142857142855,266851827.0,304010845.85,304010845.85,726203.94925,841529.51485,841529.51485
2025-12-24,YAMNINV,INE457N01025,BSE,0.7,0.0,0.0,303.489,0.0,0.0,0.0,0.0,0.0,0.0,477.4666666666667,477.4666666666667,477.4666666666667
2025-12-24,TOYAMSL,INE457P01020,BSE,1.05,0.0,0.0,1191.626,0.0,0.0,0.0,0.0,0.0,0.0,1191.0003333333332,1191.0003333333332,1191.0003333333332
2025-12-26,UNITEDTEA,INE458F01011,NSE,459.5,83.01,2289688.5,2746.0797000000002,78.44800000000001,82.46714285714286,82.46714285714286,321291.29000000004,347426.95000000007,347426.95000000007,404.54309,416.66050714285717,416.66050714285717
2025-12-26,BANARISUG,INE459A01010,NSE,3607.0,60.77,458089.0,754.5622,63.116,61.56,61.56,396498.16000000003,490019.7714285715,490019.7714285715,605.85514,791.3364,791.3364
2025-12-24,FLUIDOM,INE459C01016,BSE,728.7,0.0,0.0,2610.22,0.0,0.0,0.0,0.0,0.0,0.0,2740.465,2740.465,2740.465
2025-12-19,SUNRAJDI,INE459D01014,BSE,18.72,0.0,0.0,6.036,0.0,0.0,0.0,0.0,0.0,0.0,149.027,149.027,149.027
2025-12-24,SKL,INE459U01018,BSE,11.5,0.0,0.0,115.0,0.0,0.0,0.0,0.0,0.0,0.0,567.5,567.5,567.5
2025-12-24,TRL,INE459Z01017,BSE,95.25,0.0,0.0,8401.949,0.0,0.0,0.0,0.0,0.0,0.0,2494.399,2494.399,2494.399
2025-12-26,GANESHHOU,INE460C01014,NSE,803.2,68.61,26775475.200000003,39003.365600000005,54.010000000000005,56.54,56.54,12375830.98,13802223.242857143,13802223.242857143,22698.053900000003,24165.25642857143,24165.25642857143
2025-12-24,SUPTANERY,INE460D01038,BSE,6.85,0.0,0.0,88.922,0.0,0.0,0.0,0.0,0.0,0.0,390.4536666666666,390.4536666666666,390.4536666666666
2025-12-26,STARCEMENT,INE460H01021,NSE,225.78,46.89,28587812.04,61587.005189999996,48.29,51.99285714285715,51.99285714285715,14111057.204,14170728.414285716,14170728.414285716,29151.944465999997,27461.380687142857,27461.380687142857
2025-12-24,BARODARY,INE461A01024,BSE,116.95,0.0,0.0,63.555,0.0,0.0,0.0,0.0,0.0,0.0,63.098333333333336,63.098333333333336,63.098333333333336
2025-12-26,REPRO,INE461B01014,NSE,470.6,54.82,1090850.8,1987.2262,76.506,63.29142857142857,63.29142857142857,6755226.76,5658637.892857143,5658637.892857143,8882.222969999999,14627.895857142857,14627.895857142857
2025-12-26,GREENPLY,INE461C01038,NSE,265.9,19.29,71819058.19999999,384448.54610000004,54.116,54.43714285714285,54.43714285714285,25235124.560000002,23148762.7,23148762.7,52692.06938,46971.358321428575,46971.358321428575
2025-12-26,HLEGLAS,INE461D01028,NSE,442.7,55.06,8676920.0,15862.161900000001,44.760000000000005,45.994285714285716,45.994285714285716,13009120.690000001,11512657.364285713,11512657.364285713,30987.917170000008,26619.884450000005,26619.884450000005
2025-12-23,AVIVA,INE461H01011,BSE,57.29,0.0,0.0,7.906,0.0,0.0,0.0,0.0,0.0,0.0,7.906,7.906,7.906
2025-12-26,BAYERCROP,INE462A01022,NSE,4550.7,38.54,41088270.3,106261.96209999999,72.858,70.74714285714286,70.74714285714286,225011143.92,169495590.2857143,169495590.2857143,270695.99366000004,206785.9523,206785.9523
2025-12-24,JAMSHRI,INE462D01034,BSE,99.05,0.0,0.0,3615.034,0.0,0.0,0.0,0.0,0.0,0.0,1249.9693333333332,1249.9693333333332,1249.9693333333332
2025-12-26,BERGEPAINT,INE463A01038,NSE,542.05,48.37,91094754.8,191245.31065,42.946000000000005,43.89,43.89,60158266.81,51936459.65,51936459.65,161163.11127999998,134438.0945785714,134438.0945785714
2025-12-24,INFRONICS,INE463B01036,BSE,23.23,0.0,0.0,24.443,0.0,0.0,0.0,0.0,0.0,0.0,50.59166666666666,50.59166666666666,50.59166666666666
2025-12-24,TULSYAN,INE463D01016,BSE,32.65,0.0,0.0,27.161,0.0,0.0,0.0,0.0,0.0,0.0,49.76433333333333,49.76433333333333,49.76433333333333
2025-12-26,ANANDRATHI,INE463V01026,NSE,3033.5,62.63,597845213.5,959992.1996,67.202,67.77571428571427,67.77571428571427,535253478.9599999,513466174.34285706,513466174.34285706,775646.62576,743905.0576999999,743905.0576999999
2025-12-26,BBL,INE464A01036,NSE,2706.7,50.16,18451573.9,37045.9678,57.012,58.04142857142857,58.04142857142857,23465605.56,21281224.057142857,21281224.057142857,43524.3594,38597.920328571425,38597.920328571425
2025-12-24,UNIVARTS,INE464B01018,BSE,4.95,0.0,0.0,77.174,0.0,0.0,0.0,0.0,0.0,0.0,42.279666666666664,42.279666666666664,42.279666666666664
2025-12-24,INFLAME,INE464Z01017,BSE,307.35,0.0,0.0,1632.637,0.0,0.0,0.0,0.0,0.0,0.0,3149.9623333333334,3149.9623333333334,3149.9623333333334
2025-12-26,BHARATFORG,INE465A01025,NSE,1443.8,52.27,410674472.0,788277.8071,40.024,40.07857142857143,40.07857142857143,275959392.52,256203007.02857143,256203007.02857143,698352.61924,641657.3018428572,641657.3018428572
2025-12-24,SHARMEH,INE465H01012,BSE,141.75,0.0,0.0,487.089,0.0,0.0,0.0,0.0,0.0,0.0,54.53633333333334,54.53633333333334,54.53633333333334
2025-12-24,KKPLASTICK,INE465K01016,BSE,30.08,0.0,0.0,7.585,0.0,0.0,0.0,0.0,0.0,0.0,14.455333333333336,14.455333333333336,14.455333333333336
2025-12-24,VJLAXMIE,INE466D01019,BSE,49.03,0.0,0.0,91.351,0.0,0.0,0.0,0.0,0.0,0.0,1.8355,1.8355,1.8355
2025-12-26,360ONE,INE466L01038,NSE,1179.4,36.5,96260269.2,265065.2601,43.112,41.59285714285714,41.59285714285714,465850426.76000005,386881610.2,386881610.2,958046.14856,899816.9775285715,899816.9775285715
2025-12-26,TCS,INE467B01029,NSE,3280.0,62.75,2421758480.0,3868759.9406,56.001999999999995,57.00857142857143,57.00857142857143,4738997081.1,4234140817.585715,4234140817.585715,8291019.8763999995,7349132.689785714,7349132.689785714
2025-12-24,VIRAT,INE467D01017,BSE,512.15,0.0,0.0,1208.367,0.0,0.0,0.0,0.0,0.0,0.0,463.9703333333334,463.9703333333334,463.9703333333334
2025-12-24,SCBL,INE467X01023,BSE,28.73,0.0,0.0,14.393,0.0,0.0,0.0,0.0,0.0,0.0,9.419666666666666,9.419666666666666,9.419666666666666
2025-12-23,MPAGI,INE468C01017,BSE,10.39,0.0,0.0,0.363,0.0,0.0,0.0,0.0,0.0,0.0,0.064,0.064,0.064
2025-12-19,EELZC27,INE468N07615,BSE,130687.0,0.0,0.0,261.374,0.0,0.0,0.0,0.0,0.0,0.0,1952.466,1952.466,1952.466
2025-12-23,EELZC26,INE468N07623,BSE,130824.0,0.0,0.0,6933.672,0.0,0.0,0.0,0.0,0.0,0.0,1306.86,1306.86,1306.86
2025-12-23,EEL280324,INE468N07BC5,BSE,110008.0,0.0,0.0,3143.504,0.0,0.0,0.0,0.0,0.0,0.0,928.0,928.0,928.0
2025-12-24,EEL280324A,INE468N07BD3,BSE,110000.0,0.0,0.0,9900.0,0.0,0.0,0.0,0.0,0.0,0.0,9900.0,9900.0,9900.0
2025-12-24,EEL130827,INE468N07BI2,BSE,111300.0,0.0,0.0,222.9,0.0,0.0,0.0,0.0,0.0,0.0,222.9,222.9,222.9
2025-12-19,EEL310125,INE468N07BM4,BSE,102200.0,0.0,0.0,8380.4,0.0,0.0,0.0,0.0,0.0,0.0,8380.4,8380.4,8380.4
2025-12-24,BIMETAL,INE469A01019,BSE,603.85,0.0,0.0,410.169,0.0,0.0,0.0,0.0,0.0,0.0,315.7436666666667,315.7436666666667,315.7436666666667
2025-12-24,MADHUDIN,INE469C01023,BSE,34.94,0.0,0.0,12.073,0.0,0.0,0.0,0.0,0.0,0.0,20.804666666666666,20.804666666666666,20.804666666666666
2025-12-24,WIREFABR,INE469D01013,BSE,170.05,0.0,0.0,2.04,0.0,0.0,0.0,0.0,0.0,0.0,3.0796666666666668,3.0796666666666668,3.0796666666666668
2025-12-24,KCLINFRA,INE469F01026,BSE,1.37,0.0,0.0,73.331,0.0,0.0,0.0,0.0,0.0,0.0,122.46399999999998,122.46399999999998,122.46399999999998
2025-12-26,3MINDIA,INE470A01017,NSE,34575.0,43.06,24686550.0,57503.02,50.20799999999999,49.42285714285714,49.42285714285714,42621271.0,40713707.85714286,40713707.85714286,84934.74799999999,82543.25499999999,82543.25499999999
2025-12-23,CAPRO,INE470N01010,BSE,52.59,0.0,0.0,51.946,0.0,0.0,0.0,0.0,0.0,0.0,26.5425,26.5425,26.5425
2025-12-26,NIACL,INE470Y01017,NSE,153.82,30.16,91774241.88,306344.42151,50.861999999999995,46.84571428571428,46.84571428571428,71697386.20400001,59679823.74000001,59679823.74000001,137470.81235199998,124739.51422571427,124739.51422571427
2025-12-24,NPFL,INE471R01019,BSE,11.0,0.0,0.0,195.3,0.0,0.0,0.0,0.0,0.0,0.0,120.6,120.6,120.6
2025-12-26,PALASHSECU,INE471W01019,NSE,107.01,94.95,1133984.97,1195.50077,82.96000000000001,76.48,76.48,1199836.592,1008815.5685714285,1008815.5685714285,1251.979688,1155.10899,1155.10899
2025-12-26,BLUESTARCO,INE472A01039,NSE,1763.9,32.36,36835523.7,114737.1951,38.552,43.13428571428572,43.13428571428572,253657616.96000004,221446378.17142862,221446378.17142862,721102.29824,588830.1698285715,588830.1698285715
2025-12-24,SHRISTI,INE472C01027,BSE,32.0,0.0,0.0,12.694,0.0,0.0,0.0,0.0,0.0,0.0,89.541,89.541,89.541
2025-12-24,BLUECHIPT,INE472D01017,BSE,127.05,0.0,0.0,136.561,0.0,0.0,0.0,0.0,0.0,0.0,90.18200000000002,90.18200000000002,90.18200000000002
2025-12-26,LINDEINDIA,INE473A01011,NSE,5956.0,55.22,146654588.0,265252.3905,56.992,55.00999999999999,55.00999999999999,54226047.9,53219682.14285714,53219682.14285714,92051.7651,94751.06328571429,94751.06328571429
2025-12-26,HATSUN,INE473B01035,NSE,971.1,43.33,14495609.700000001,33610.8739,59.403999999999996,58.65857142857142,58.65857142857142,143222304.06,105031768.34285715,105031768.34285715,173031.98374,128429.86957142859,128429.86957142859
2025-12-24,STRATMONT,INE473C01025,BSE,63.63,0.0,0.0,76.486,0.0,0.0,0.0,0.0,0.0,0.0,234.83166666666668,234.83166666666668,234.83166666666668
2025-12-26,KINGFA,INE473D01015,NSE,4151.3,58.04,6351489.0,10882.1949,55.568,57.07,57.07,12612581.459999999,10270949.614285713,10270949.614285713,24119.16172,19316.564228571428,19316.564228571428
2025-12-24,BASANTGL,INE473E01021,BSE,11.75,0.0,0.0,210.297,0.0,0.0,0.0,0.0,0.0,0.0,394.634,394.634,394.634
2025-12-26,REMSONSIND,INE474C01023,NSE,123.41,56.32,6799397.359999999,11856.26331,62.898,63.83571428571429,63.83571428571429,7464200.111999999,7488190.334285714,7488190.334285714,11924.330802,11740.457842857142,11740.457842857142
2025-12-24,SAFFRON,INE474D01013,BSE,36.33,0.0,0.0,825.3,0.0,0.0,0.0,0.0,0.0,0.0,739.5776666666667,739.5776666666667,739.5776666666667
2025-12-26,BHANDARI,INE474E01029,NSE,3.98,67.12,1148257.86,1713.78002,73.44000000000001,77.17714285714285,77.17714285714285,721787.0560000001,634625.6285714286,634625.6285714286,953.7697620000001,817.740602857143,817.740602857143
2025-12-24,IFINSEC,INE474O01010,BSE,167.6,0.0,0.0,28.633,0.0,0.0,0.0,0.0,0.0,0.0,80.46266666666666,80.46266666666666,80.46266666666666
2025-12-26,MEDANTA,INE474Q01031,NSE,1175.0,48.05,50879850.0,106625.25009999999,51.274,55.13857142857143,55.13857142857143,89193702.44,99394269.27142857,99394269.27142857,171996.0186,175930.97645714282,175930.97645714282
2025-12-26,HIKAL,INE475B01022,NSE,233.98,43.71,18882186.0,43427.4341,28.084000000000003,31.30714285714286,31.30714285714286,20985278.05,24985685.509999998,24985685.509999998,78977.994064,81579.83869857143,81579.83869857143
2025-12-23,ROSELABS,INE475C01012,BSE,20.82,0.0,0.0,3.144,0.0,0.0,0.0,0.0,0.0,0.0,3.144,3.144,3.144
2025-12-24,SANGAMFIN,INE475D01010,BSE,29.48,0.0,0.0,61.651,0.0,0.0,0.0,0.0,0.0,0.0,22.218,22.218,22.218
2025-12-26,CAPLIPOINT,INE475E01026,NSE,1915.8,56.73,135757419.6,241266.40959999998,54.742000000000004,52.06142857142857,52.06142857142857,30297902.21999999,30732175.61428571,30732175.61428571,55737.29602000001,59159.97568571429,59159.97568571429
2025-12-26,CANBK,INE476A01022,NSE,150.07,49.37,920343143.13,1864366.84121,50.623999999999995,50.18285714285714,50.18285714285714,1380827590.1859999,1398334043.6885715,1398334043.6885715,2707745.305036,2804903.919791428,2804903.919791428
2025-12-26,CANFINHOME,INE477A01020,NSE,925.35,41.33,171972596.1,425174.98295,56.55,54.62714285714286,54.62714285714286,89350365.86999999,80130121.07857142,80130121.07857142,152765.20789999998,141937.7584142857,141937.7584142857
2025-12-26,DVL,INE477B01010,NSE,288.35,65.4,1087944.55,1658.78555,61.13199999999999,60.817142857142855,60.817142857142855,2151324.1100000003,2318312.285714286,2318312.285714286,3730.8419000000004,3929.674921428571,3929.674921428571
2025-12-24,ITL,INE478D01014,BSE,310.75,0.0,0.0,288.242,0.0,0.0,0.0,0.0,0.0,0.0,310.1906666666667,310.1906666666667,310.1906666666667
2025-12-24,CAPRIHANS,INE479A01018,BSE,88.17,0.0,0.0,93.286,0.0,0.0,0.0,0.0,0.0,0.0,730.7623333333335,730.7623333333335,730.7623333333335
2025-12-26,KRITI,INE479D01038,NSE,84.82,60.98,1328366.0199999998,2224.82431,43.541999999999994,42.222857142857144,42.222857142857144,528348.4119999999,609419.0314285714,609419.0314285714,1201.405358,1437.431947142857,1437.431947142857
2025-12-26,SDBL,INE480C01038,NSE,108.67,41.52,32625559.42,79843.82259000001,52.72800000000001,52.81000000000001,52.81000000000001,21740442.968000002,21754011.562857144,21754011.562857144,42883.261224,42421.18253285715,42421.18253285715
2025-12-24,NIYOGIN,INE480D01010,BSE,53.23,0.0,0.0,999.843,0.0,0.0,0.0,0.0,0.0,0.0,2877.7436666666667,2877.7436666666667,2877.7436666666667
2025-12-23,AREXMIS,INE480H01011,BSE,140.0,0.0,0.0,30.939,0.0,0.0,0.0,0.0,0.0,0.0,0.295,0.295,0.295
2025-12-26,THOMASCOTT,INE480M01011,NSE,334.2,73.03,3525810.0,4829.60985,59.80999999999999,60.43285714285714,60.43285714285714,3252086.18,2725608.5500000003,2725608.5500000003,5454.20983,4519.159799999999,4519.159799999999
2025-12-24,GGPL,INE480S01026,BSE,2.02,0.0,0.0,107.803,0.0,0.0,0.0,0.0,0.0,0.0,207.35333333333332,207.35333333333332,207.35333333333332
2025-12-26,ULTRACEMCO,INE481G01011,NSE,11794.0,60.37,1374920932.0,2281061.262,60.434000000000005,62.37714285714286,62.37714285714286,1085953704.2,1201862797.2857144,1201862797.2857144,1787770.6132,1912470.4627142858,1912470.4627142858
2025-12-26,HOMEFIRST,INE481N01025,NSE,1115.5,59.4,66317590.5,111616.2798,58.75,58.537142857142854,58.537142857142854,179129396.02,148617647.6714286,148617647.6714286,294847.24878,245002.52790000002,245002.52790000002
2025-12-26,GICRE,INE481Y01014,NSE,371.3,50.51,93602502.2,187240.83469999998,57.602,56.410000000000004,56.410000000000004,103930661.05,86962792.72142856,86962792.72142856,185296.51434,155226.00758571428,155226.00758571428
2025-12-26,UNIINFO,INE481Z01011,NSE,15.69,90.76,77649.81,85.30571,85.35,84.48,84.48,68279.784,60104.71571428571,60104.71571428571,78.11471800000001,71.16623142857144,71.16623142857144
2025-12-26,CEATLTD,INE482A01020,NSE,3857.8,33.2,74154631.60000001,223517.5115,28.288,29.65,29.65,153460142.63999996,126718275.78571425,126718275.78571425,609530.4744599999,488645.08464285714,488645.08464285714
2025-12-26,CARYSIL,INE482D01024,NSE,874.3,55.86,26793797.799999997,48308.299100000004,54.45,54.354285714285716,54.354285714285716,25882633.38,23300156.771428566,23300156.771428566,47314.746640000005,43027.98045714286,43027.98045714286
2025-12-26,SHAH,INE482J01021,NSE,4.92,90.88,9614388.48,10634.79141,71.49799999999999,69.53714285714285,69.53714285714285,12253225.574,13436914.945714286,13436914.945714286,17394.135084,19645.244698571427,19645.244698571427
2025-12-24,OLYMPTX,INE482O01021,BSE,34.9,0.0,0.0,16.251,0.0,0.0,0.0,0.0,0.0,0.0,25.40133333333333,25.40133333333333,25.40133333333333
2025-12-26,CENTRALBK,INE483A01010,NSE,36.86,44.85,46973794.24,105049.98768,43.434000000000005,42.287142857142854,42.287142857142854,69601161.88800001,66630180.04714286,66630180.04714286,160721.24183800002,158037.97723714286,158037.97723714286
2025-12-26,ICIL,INE483B01026,NSE,264.3,50.44,10450686.3,20825.35205,60.986000000000004,58.25857142857143,58.25857142857143,34402425.970000006,29015323.985714287,29015323.985714287,50869.637670000004,44952.085542857145,44952.085542857145
2025-12-26,TANLA,INE483C01032,NSE,539.7,57.37,52833931.50000001,92630.6952,47.754000000000005,47.37571428571429,47.37571428571429,102375526.78999999,89434603.66428573,89434603.66428573,205996.36901999998,183150.81789285713,183150.81789285713
2025-12-24,RAP,INE483D01014,BSE,38.95,0.0,0.0,23.785,0.0,0.0,0.0,0.0,0.0,0.0,25.030666666666672,25.030666666666672,25.030666666666672
2025-12-26,INFIBEAM,INE483S01020,NSE,16.13,62.97,86697895.11,138539.18521999998,45.824,48.87714285714286,48.87714285714286,51860761.792,54804662.81571429,54804662.81571429,112775.549352,111614.69258571429,111614.69258571429
2025-12-26,VEEDOL,INE484C01030,NSE,1668.0,69.21,5826324.0,8429.1657,55.612,54.544285714285714,54.544285714285714,6251732.5,5354079.857142857,5354079.857142857,11472.83,9902.4369,9902.4369
2025-12-24,AMARJOTHI,INE484D01012,BSE,146.45,0.0,0.0,214.083,0.0,0.0,0.0,0.0,0.0,0.0,398.3876666666667,398.3876666666667,398.3876666666667
2025-12-26,PRECAM,INE484I01029,NSE,163.56,27.45,5748806.88,20981.49355,24.394,31.868571428571425,31.868571428571425,19981547.558000002,17065624.53857143,17065624.53857143,154952.017018,116425.21647285715,116425.21647285715
2025-12-26,GODREJPROP,INE484J01027,NSE,2002.6,51.28,385488484.4,752912.5584,49.196,48.08714285714286,48.08714285714286,426224046.4799999,372969876.0999999,372969876.0999999,813497.62572,732266.3817714285,732266.3817714285
2025-12-26,CENTENKA,INE485A01015,NSE,446.1,73.58,2072134.5,2810.09215,65.658,64.47857142857143,64.47857142857143,3454570.4200000004,2943172.9071428576,2943172.9071428576,5189.52656,4477.064814285714,4477.064814285714
2025-12-26,IOLCP,INE485C01029,NSE,81.44,57.38,17855720.0,31321.53526,44.160000000000004,43.98285714285714,43.98285714285714,22462183.948,20732703.277142856,20732703.277142856,50627.62526,46997.61588428571,46997.61588428571
2025-12-24,ABVL,INE485K01022,BSE,8.63,0.0,0.0,351.055,0.0,0.0,0.0,0.0,0.0,0.0,493.0353333333333,493.0353333333333,493.0353333333333
2025-12-26,CESC,INE486A01021,NSE,166.59,47.59,62274673.800000004,131521.7451,48.766000000000005,54.01285714285715,54.01285714285715,84480795.224,115598713.54857144,115598713.54857144,171427.26201,202424.0127742857,202424.0127742857
2025-12-24,RESONANCE,INE486D01017,BSE,102.39,0.0,0.0,366.254,0.0,0.0,0.0,0.0,0.0,0.0,457.988,457.988,457.988
2025-12-24,ZENOTECH,INE486F01012,BSE,46.24,0.0,0.0,80.246,0.0,0.0,0.0,0.0,0.0,0.0,831.152,831.152,831.152
2025-12-24,PHRMASI,INE486I01016,BSE,108.41,0.0,0.0,859.366,0.0,0.0,0.0,0.0,0.0,0.0,201.89200000000002,201.89200000000002,201.89200000000002
2025-12-26,GPTHEALTH,INE486R01017,NSE,136.43,52.76,4507374.34,8587.568,55.098,54.55285714285714,54.55285714285714,6609057.6620000005,5981520.018571429,5981520.018571429,12301.99193,11061.32345142857,11061.32345142857
2025-12-26,TOUCHWOOD,INE486Y01013,NSE,105.12,95.77,185747.04,193.8849,76.61,72.09,72.09,144000.11799999996,200933.86999999997,200933.86999999997,204.197404,291.1216385714286,291.1216385714286
2025-12-24,NATHUEC,INE487B01019,BSE,10.3,0.0,0.0,0.359,0.0,0.0,0.0,0.0,0.0,0.0,2.8823333333333334,2.8823333333333334,2.8823333333333334
2025-12-24,GYANDEV,INE487G01018,BSE,44.49,0.0,0.0,3.773,0.0,0.0,0.0,0.0,0.0,0.0,109.359,109.359,109.359
2025-12-26,CHEMPLASTS,INE488A01050,NSE,260.8,46.35,8127310.4,17635.173199999997,45.098,48.33857142857142,48.33857142857142,19884153.339999996,17097661.585714284,17097661.585714284,72610.52129,56863.77115,56863.77115
2025-12-26,TASTYBITE,INE488B01017,NSE,7841.5,65.58,7112240.5,10876.864,66.402,66.4057142857143,66.4057142857143,5267259.0,4517163.357142857,4517163.357142857,7353.158100000001,6376.620714285715,6376.620714285715
2025-12-24,SHRYDUS,INE488C01015,BSE,4.16,0.0,0.0,331.702,0.0,0.0,0.0,0.0,0.0,0.0,257.23833333333334,257.23833333333334,257.23833333333334
2025-12-26,AVTNPL,INE488D01021,NSE,66.53,74.5,831159.29,1114.8258700000001,66.63399999999999,68.77714285714285,68.77714285714285,2055379.14,2097094.9885714285,2097094.9885714285,3389.639548,3245.007157142857,3245.007157142857
2025-12-26,PSPPROJECT,INE488V01015,NSE,864.2,54.12,29788974.0,54981.00705,51.82199999999999,53.79,53.79,25392999.139999997,23971880.17857143,23971880.17857143,49031.42962,44896.760864285716,44896.760864285716
2025-12-24,SHRAAITECH,INE489B01031,BSE,33.16,0.0,0.0,325.713,0.0,0.0,0.0,0.0,0.0,0.0,502.3433333333333,502.3433333333333,502.3433333333333
2025-12-24,BNALTD,INE489D01011,BSE,407.8,0.0,0.0,6.525,0.0,0.0,0.0,0.0,0.0,0.0,158.381,158.381,158.381
2025-12-26,ANUHPHR,INE489G01022,NSE,80.53,79.13,2239136.65,2807.90552,66.912,68.57000000000001,68.57000000000001,1072697.174,1017533.0928571429,1017533.0928571429,1600.583208,1494.6638257142856,1494.6638257142856
2025-12-26,IIFLCAPS,INE489L01022,NSE,325.25,54.6,59770216.75,109962.32075,42.408,43.470000000000006,43.470000000000006,93924344.28,77643958.92857143,77643958.92857143,255467.40548000002,205444.49445000003,205444.49445000003
2025-12-24,CHOWGULSTM,INE490A01015,BSE,21.17,0.0,0.0,52.801,0.0,0.0,0.0,0.0,0.0,0.0,62.702,62.702,62.702
2025-12-26,MOIL,INE490G01020,NSE,364.85,32.9,476171572.6,1441343.138,37.706,40.20428571428572,40.20428571428572,135664480.05,122137568.05,122137568.05,401074.83322000003,342712.74763571424,342712.74763571424
2025-12-24,ANUROOP,INE490Z01012,BSE,12.21,0.0,0.0,149.356,0.0,0.0,0.0,0.0,0.0,0.0,79.09366666666666,79.09366666666666,79.09366666666666
2025-12-26,CUB,INE491A01021,NSE,292.35,57.06,385599125.40000004,677099.7733,58.124,57.96714285714285,57.96714285714285,352785499.03000003,324448799.7714286,324448799.7714286,606347.7767800001,559167.4478928571,559167.4478928571
2025-12-24,MUDUNURU,INE491C01027,BSE,16.77,0.0,0.0,1.258,0.0,0.0,0.0,0.0,0.0,0.0,467.53133333333335,467.53133333333335,467.53133333333335
2025-12-26,ASKAUTOLTD,INE491J01022,NSE,483.5,57.93,32002865.0,55788.729,46.757999999999996,47.15,47.15,42993103.56,35982417.75714286,35982417.75714286,94443.75844,78512.37031428573,78512.37031428573
2025-12-24,RAJABAH,INE491N01016,BSE,4890.0,0.0,0.0,23.397,0.0,0.0,0.0,0.0,0.0,0.0,107.23,107.23,107.23
2025-12-26,CROWN,INE491V01019,NSE,133.39,69.01,411908.31999999995,600.64778,46.041999999999994,46.878571428571426,46.878571428571426,640469.3400000001,675029.37,675029.37,1516.364662,1564.4655957142857,1564.4655957142857
2025-12-26,HEUBACHIND,INE492A01029,NSE,479.1,60.1,4418739.3,7352.11935,65.772,66.4657142857143,66.4657142857143,1445045.1600000001,1787812.7571428572,1787812.7571428572,2240.1794999999997,2782.1949714285715,2782.1949714285715
2025-12-24,AMALGAM,INE492N01022,BSE,73.0,0.0,0.0,1.825,0.0,0.0,0.0,0.0,0.0,0.0,0.8,0.8,0.8
2025-12-19,INNOVATIVE,INE492Y01011,BSE,16.5,0.0,0.0,16.5,0.0,0.0,0.0,0.0,0.0,0.0,34.3,34.3,34.3
2025-12-24,GOBLIN,INE492Z01018,BSE,11.19,0.0,0.0,315.12,0.0,0.0,0.0,0.0,0.0,0.0,78.01,78.01,78.01
2025-12-24,GGAUTO,INE493B01017,BSE,261.2,0.0,0.0,3221.472,0.0,0.0,0.0,0.0,0.0,0.0,2738.3926666666666,2738.3926666666666,2738.3926666666666
2025-12-24,CHOKSILA,INE493D01013,BSE,133.9,0.0,0.0,1139.11,0.0,0.0,0.0,0.0,0.0,0.0,456.1863333333333,456.1863333333333,456.1863333333333
2025-12-23,MPDL,INE493H01014,BSE,44.84,0.0,0.0,14.454,0.0,0.0,0.0,0.0,0.0,0.0,3.9655,3.9655,3.9655
2025-12-24,HARIAAPL,INE493N01012,BSE,5.8,0.0,0.0,64.853,0.0,0.0,0.0,0.0,0.0,0.0,48.675666666666665,48.675666666666665,48.675666666666665
2025-12-26,TVSMOTOR,INE494B01023,NSE,3634.1,62.79,510859973.4,815240.0266,63.029999999999994,62.137142857142855,62.137142857142855,1365167107.6,1193485965.2857144,1193485965.2857144,2148610.54178,1892273.6949285716,1892273.6949285716
2025-12-24,CITIPOR,INE494D01011,BSE,25.85,0.0,0.0,0.025,0.0,0.0,0.0,0.0,0.0,0.0,0.2773333333333333,0.2773333333333333,0.2773333333333333
2025-12-26,DALMIASUG,INE495A01022,NSE,299.5,55.09,8400675.5,15283.7474,54.5,53.76428571428572,53.76428571428572,10966844.599999998,9517005.87142857,9517005.87142857,20114.74932,17920.28459285714,17920.28459285714
2025-12-26,SUVEN,INE495B01038,NSE,166.14,55.21,10499383.44,19193.08857,52.66799999999999,51.489999999999995,51.489999999999995,11178408.968,12061455.584285716,12061455.584285716,21974.218631999996,24161.635955714282,24161.635955714282
2025-12-26,SANGAMIND,INE495C01010,NSE,458.45,63.32,9680171.75,15124.2436,54.145999999999994,59.49571428571428,59.49571428571428,2549814.7299999995,3258689.1642857143,3258689.1642857143,4664.914999999999,5355.748407142856,5355.748407142856
2025-12-26,BECTORFOOD,INE495P01020,NSE,233.6,47.1,40734000.0,86865.913,54.608000000000004,56.49285714285715,56.49285714285715,62285101.620000005,70074187.51428571,70074187.51428571,109743.75108,120010.17731428573,120010.17731428573
2025-12-26,HPL,INE495S01016,NSE,402.45,51.13,21703323.599999998,42674.34065,42.096,44.87714285714286,44.87714285714286,15807086.919999998,14394926.942857143,14394926.942857143,39537.162169999996,34303.16885714285,34303.16885714285
2025-12-17,BENARA,INE495Z01011,BSE,9.78,0.0,0.0,60.66,0.0,0.0,0.0,0.0,0.0,0.0,60.66,60.66,60.66
2025-12-26,SEAMECLTD,INE497B01018,NSE,1048.7,50.33,34622830.5,68966.74455,56.284000000000006,51.952857142857155,51.952857142857155,28162142.95,30453763.89285714,30453763.89285714,46254.86714,65338.38780714286,65338.38780714286
2025-12-24,NATPLY,INE497C01016,BSE,2.66,0.0,0.0,6.467,0.0,0.0,0.0,0.0,0.0,0.0,3.997,3.997,3.997
2025-12-26,DAMODARIND,INE497D01022,NSE,30.15,82.22,197120.69999999998,240.50701,81.46799999999999,75.63285714285713,75.63285714285713,121839.804,100133.0842857143,100133.0842857143,148.22236,130.81280285714286,130.81280285714286
2025-12-24,RAJTUBE,INE497E01020,BSE,40.4,0.0,0.0,4845.854,0.0,0.0,0.0,0.0,0.0,0.0,8603.198666666667,8603.198666666667,8603.198666666667
2025-12-26,GODAVARIB,INE497S01012,NSE,290.16,40.12,15983463.600000001,39676.18263,40.650000000000006,43.71714285714286,43.71714285714286,26284623.95,26013938.575714286,26013938.575714286,90070.578976,78607.35696142857,78607.35696142857
2025-12-26,DCM,INE498A01018,NSE,92.53,67.32,1401829.5,2084.30624,71.776,72.0957142857143,72.0957142857143,450150.716,427883.28142857144,427883.28142857144,609.9476619999999,579.5383571428572,579.5383571428572
2025-12-26,SHOPERSTOP,INE498B01024,NSE,398.65,48.87,42706577.199999996,89372.39215,52.24400000000001,55.387142857142855,55.387142857142855,24772264.630000003,19509740.64285714,19509740.64285714,81671.91070000001,61206.31145,61206.31145
2025-12-24,DECANBRG,INE498D01012,BSE,192.4,0.0,0.0,92.352,0.0,0.0,0.0,0.0,0.0,0.0,46.217333333333336,46.217333333333336,46.217333333333336
2025-12-26,SALONA,INE498E01010,NSE,261.95,67.14,209298.05,313.56485,63.854,62.54428571428571,62.54428571428571,734576.3,1918003.4714285715,1918003.4714285715,1220.8956299999998,3298.63485,3298.63485
2025-12-24,KATRSPG,INE498G01015,BSE,105.6,0.0,0.0,7.281,0.0,0.0,0.0,0.0,0.0,0.0,11.885,11.885,11.885
2025-12-26,LTF,INE498L01015,NSE,301.3,44.8,458177268.40000004,1023988.47705,43.774,43.32428571428572,43.32428571428572,596042207.6800001,554840603.7571429,554840603.7571429,1348092.09714,1263864.0709000002,1263864.0709000002
2025-12-26,VINCOFE,INE498Q01014,NSE,154.42,25.04,34680415.699999996,139421.42409000001,30.351999999999997,28.608571428571427,28.608571428571427,71407996.194,59536265.367142856,59536265.367142856,234329.973764,204129.68008285714,204129.68008285714
2025-12-26,DCMSHRIRAM,INE499A01024,NSE,1243.7,36.63,22338095.7,61726.7109,40.724000000000004,40.39714285714285,40.39714285714285,19338442.74,21115791.099999998,21115791.099999998,48518.93632,53180.014428571434,53180.014428571434
2025-12-24,GUJTERC,INE499G01013,BSE,46.99,0.0,0.0,75.987,0.0,0.0,0.0,0.0,0.0,0.0,167.67666666666665,167.67666666666665,167.67666666666665
2025-12-24,SOFCOM,INE499Q01012,BSE,44.85,0.0,0.0,14437.174,0.0,0.0,0.0,0.0,0.0,0.0,13276.33533333333,13276.33533333333,13276.33533333333
2025-12-26,DCW,INE500A01029,NSE,59.81,51.57,18404493.96,36195.30867,42.63,40.561428571428564,40.561428571428564,17889606.89,16650681.991428573,16650681.991428573,40943.590456000005,40970.37380142858,40970.37380142858
2025-12-24,ASPIRA,INE500C01017,BSE,63.0,0.0,0.0,21.479,0.0,0.0,0.0,0.0,0.0,0.0,108.72833333333334,108.72833333333334,108.72833333333334
2025-12-24,EASTRED,INE500D01015,BSE,31.8,0.0,0.0,0.798,0.0,0.0,0.0,0.0,0.0,0.0,8.924333333333333,8.924333333333333,8.924333333333333
2025-12-26,SHK,INE500L01026,NSE,179.55,43.9,34685469.0,78977.14538,53.501999999999995,56.07714285714285,56.07714285714285,26681255.31,24713944.23857143,24713944.23857143,51038.51008199999,45003.71340571429,45003.71340571429
2025-12-26,LEXUS,INE500X01013,NSE,26.48,61.14,37919.36,62.41425,56.465999999999994,55.92857142857143,55.92857142857143,117960.574,129640.6557142857,129640.6557142857,233.02048599999998,249.78945142857143,249.78945142857143
2025-12-26,DEEPAKFERT,INE501A01019,NSE,1254.9,35.89,61901707.2,173424.1247,43.506,43.692857142857136,43.692857142857136,74781858.84,85106948.98571429,85106948.98571429,172475.66602,199868.12405714285,199868.12405714285
2025-12-24,FORINTL,INE501D01013,BSE,62.01,0.0,0.0,16.378,0.0,0.0,0.0,0.0,0.0,0.0,83.17133333333332,83.17133333333332,83.17133333333332
2025-12-24,PBMPOLY,INE501F01018,BSE,51.11,0.0,0.0,308.164,0.0,0.0,0.0,0.0,0.0,0.0,177.08933333333334,177.08933333333334,177.08933333333334
2025-12-26,HTMEDIA,INE501G01024,NSE,23.39,61.5,1066677.56,1733.53978,69.524,73.32428571428571,73.32428571428571,1192558.504,1040414.0128571428,1040414.0128571428,1678.5786200000002,1423.0674885714286,1423.0674885714286
2025-12-24,MAITRI,INE501L01024,BSE,33.0,0.0,0.0,108.061,0.0,0.0,0.0,0.0,0.0,0.0,0.3263333333333333,0.3263333333333333,0.3263333333333333
2025-12-24,LATIMMETAL,INE501N01020,BSE,10.16,0.0,0.0,392.168,0.0,0.0,0.0,0.0,0.0,0.0,172.23333333333332,172.23333333333332,172.23333333333332
2025-12-26,SCPL,INE501Y01019,NSE,316.32,73.55,5681739.84,7705.42863,63.891999999999996,63.41857142857142,63.41857142857142,5993469.696,6555603.478571429,6555603.478571429,9458.765582,10362.17259,10362.17259
2025-12-24,STDBAT,INE502C01039,BSE,46.87,0.0,0.0,88.628,0.0,0.0,0.0,0.0,0.0,0.0,45.76933333333333,45.76933333333333,45.76933333333333
2025-12-24,TIHIL,INE502D01011,BSE,6.83,0.0,0.0,729.894,0.0,0.0,0.0,0.0,0.0,0.0,707.1766666666667,707.1766666666667,707.1766666666667
2025-12-26,DCBBANK,INE503A01015,NSE,170.48,40.18,146628143.2,364374.55497000006,46.642,47.848571428571425,47.848571428571425,136181898.38,116992817.67285714,116992817.67285714,298613.622744,252269.99871142858,252269.99871142858
2025-12-26,STEELXIND,INE503B01021,NSE,9.61,67.2,13885181.479999999,20746.07991,54.298,59.470000000000006,59.470000000000006,18171926.54,14369586.97857143,14369586.97857143,34781.147038,26779.146664285716,26779.146664285716
2025-12-24,GEMSI,INE503D01027,BSE,1.97,0.0,0.0,99.901,0.0,0.0,0.0,0.0,0.0,0.0,134.59366666666668,134.59366666666668,134.59366666666668
2025-12-26,DMCC,INE505A01010,NSE,257.7,72.21,2184522.9,3040.13695,59.124,61.15428571428571,61.15428571428571,2036962.7899999998,1968106.164285714,1968106.164285714,3387.4637900000002,3178.0864214285716,3178.0864214285716
2025-12-26,EUROBOND,INE505V01016,NSE,180.67,44.68,765679.46,1730.82905,58.438,63.02428571428571,63.02428571428571,720771.888,697820.5085714285,697820.5085714285,1255.641102,1138.862427142857,1138.862427142857
2025-12-26,VINEETLAB,INE505Y01010,NSE,38.1,70.09,2296706.1,3278.6814900000004,43.998,37.762857142857136,37.762857142857136,2189584.478,1671588.4957142859,1671588.4957142859,4571.693118,3779.048195714286,3779.048195714286
2025-12-26,DREDGECORP,INE506A01018,NSE,1009.85,20.38,85346462.9,414554.41664999997,20.75,23.938571428571432,23.938571428571432,73782071.68,81242357.30714287,81242357.30714287,381732.2367,361245.1276428572,361245.1276428572
2025-12-24,HALDYNGL,INE506D01020,BSE,92.68,0.0,0.0,4104.562,0.0,0.0,0.0,0.0,0.0,0.0,3413.164,3413.164,3413.164
2025-12-26,RUBICON,INE506V01022,NSE,682.0,18.54,33889262.0,185830.3987,49.786,49.80571428571428,49.80571428571428,80828426.08000001,65555417.028571434,65555417.028571434,157149.38371,127659.27364285714,127659.27364285714
2025-12-26,KRISHANA,INE506W01012,NSE,538.95,50.75,11103447.9,21853.455,50.785999999999994,51.208571428571425,51.208571428571425,19731319.0,25202469.64285714,25202469.64285714,36715.50918,46976.505814285716,46976.505814285716
2025-12-26,DHRUV,INE506Z01015,NSE,48.09,65.5,229581.66,353.28393,66.55199999999999,59.370000000000005,59.370000000000005,1689307.45,1801029.167142857,1801029.167142857,6655.379201999999,6114.830247142857,6114.830247142857
2025-12-24,INCON,INE507D01010,BSE,13.59,0.0,0.0,4.582,0.0,0.0,0.0,0.0,0.0,0.0,7.441666666666666,7.441666666666666,7.441666666666666
2025-12-24,EMPOWER,INE507F01023,BSE,1.82,0.0,0.0,2168.473,0.0,0.0,0.0,0.0,0.0,0.0,2530.3776666666668,2530.3776666666668,2530.3776666666668
2025-12-26,TIMETECHNO,INE508G01029,NSE,184.22,16.59,38123776.339999996,231634.1865,33.45399999999999,35.54142857142857,35.54142857142857,112715095.66199999,138607656.21,138607656.21,331115.37574200006,379825.8162371429,379825.8162371429
2025-12-24,BERYLSE,INE508J01015,BSE,26.41,0.0,0.0,30.075,0.0,0.0,0.0,0.0,0.0,0.0,2.6296666666666666,2.6296666666666666,2.6296666666666666
2025-12-26,RHL,INE508K01013,NSE,186.17,81.34,2262524.01,2787.52281,72.89,73.46714285714286,73.46714285714286,1616044.9600000002,1813404.9214285717,1813404.9214285717,2278.9653700000003,2479.191818571429,2479.191818571429
2025-12-24,JACKSON,INE508N01025,BSE,0.48,0.0,0.0,159.121,0.0,0.0,0.0,0.0,0.0,0.0,128.16133333333335,128.16133333333335,128.16133333333335
2025-12-24,GENNEX,INE509C01026,BSE,13.09,0.0,0.0,6840.067,0.0,0.0,0.0,0.0,0.0,0.0,2680.7416666666663,2680.7416666666663,2680.7416666666663
2025-12-26,CUPID,INE509F01029,NSE,479.5,45.3,552470789.5,1212210.0388,29.25,30.66,30.66,573930617.5899999,558949398.8714286,558949398.8714286,2048369.2151499998,1894372.5292142855,1894372.5292142855
2025-12-26,ENGINERSIN,INE510A01028,NSE,205.35,45.63,459549274.05,1011147.53502,46.952,47.43285714285714,47.43285714285714,109050435.84,103867004.39285715,103867004.39285715,227056.67963,215509.88429142858,215509.88429142858
2025-12-24,AGARWAL,INE510B01018,BSE,17.85,0.0,0.0,2.265,0.0,0.0,0.0,0.0,0.0,0.0,46.799666666666674,46.799666666666674,46.799666666666674
2025-12-24,ROYALIND,INE510H01015,BSE,6.9,0.0,0.0,485.04,0.0,0.0,0.0,0.0,0.0,0.0,1317.2176666666667,1317.2176666666667,1317.2176666666667
2025-12-24,ARMAN,INE510P01018,BSE,102.47,0.0,0.0,1072.057,0.0,0.0,0.0,0.0,0.0,0.0,2382.7070000000003,2382.7070000000003,2382.7070000000003
2025-12-24,PESB,INE510U01018,BSE,206.55,0.0,0.0,661.92,0.0,0.0,0.0,0.0,0.0,0.0,1045.1866666666667,1045.1866666666667,1045.1866666666667
2025-12-26,INOXGREEN,INE510W01014,NSE,211.72,49.32,102008601.48,207212.57756,53.25,52.25142857142857,52.25142857142857,243397346.02600002,186981982.76714286,186981982.76714286,463409.42897199997,356963.5671942857,356963.5671942857
2025-12-26,POONAWALLA,INE511C01022,NSE,473.0,40.89,170507040.0,417305.90544999996,40.362,42.037142857142854,42.037142857142854,166553406.53,146535019.92857143,146535019.92857143,408219.11499000003,350969.43874285714,350969.43874285714
2025-12-24,JYOTI,INE511D01012,BSE,86.79,0.0,0.0,1760.133,0.0,0.0,0.0,0.0,0.0,0.0,2715.0263333333332,2715.0263333333332,2715.0263333333332
2025-12-26,MMP,INE511Y01018,NSE,251.9,84.08,3548767.2,4235.78765,71.444,71.86857142857143,71.86857142857143,1941625.2100000002,1946230.607142857,1946230.607142857,2728.3080199999995,2694.5242,2694.5242
2025-12-24,FGP,INE512A01016,BSE,10.29,0.0,0.0,10.766,0.0,0.0,0.0,0.0,0.0,0.0,24.16,24.16,24.16
2025-12-26,FCSSOFT,INE512B01022,NSE,1.88,67.69,2555944.5999999996,3782.56427,54.742,58.50428571428571,58.50428571428571,2434721.27,2448750.0871428573,2448750.0871428573,4421.921512,4207.264341428572,4207.264341428572
2025-12-24,GOURMET,INE512D01028,BSE,12.25,0.0,0.0,1828.795,0.0,0.0,0.0,0.0,0.0,0.0,768.8069999999999,768.8069999999999,768.8069999999999
2025-12-26,SCHAEFFLER,INE513A01022,NSE,3803.8,60.93,98157059.0,161049.5501,57.222,58.10285714285715,58.10285714285715,109941780.6,97803852.52857144,97803852.52857144,183791.79294,163324.90651428574,163324.90651428574
2025-12-24,OCTAL,INE513C01010,BSE,25.77,0.0,0.0,1.06,0.0,0.0,0.0,0.0,0.0,0.0,64.10933333333334,64.10933333333334,64.10933333333334
2025-12-24,RODIUM,INE513E01024,BSE,173.0,0.0,0.0,1.73,0.0,0.0,0.0,0.0,0.0,0.0,36.597,36.597,36.597
2025-12-24,CAPPIPES,INE513R01026,BSE,11.51,0.0,0.0,1220.892,0.0,0.0,0.0,0.0,0.0,0.0,472.65633333333335,472.65633333333335,472.65633333333335
2025-12-24,MINOLTAF,INE514C01026,BSE,1.49,0.0,0.0,4.43,0.0,0.0,0.0,0.0,0.0,0.0,13.045333333333332,13.045333333333332,13.045333333333332
2025-12-26,MOKSH,INE514Y01020,NSE,15.06,84.98,1266365.28,1488.97789,68.57199999999999,68.02714285714285,68.02714285714285,3071775.856,3012716.07,3012716.07,4667.135498000001,4834.326014285713,4834.326014285713
2025-12-24,COCKERILL,INE515A01019,BSE,4755.4,0.0,0.0,21225.872,0.0,0.0,0.0,0.0,0.0,0.0,14602.712666666666,14602.712666666666,14602.712666666666
2025-12-24,VISIONCINE,INE515B01025,BSE,1.1,0.0,0.0,25.25,0.0,0.0,0.0,0.0,0.0,0.0,18.539666666666665,18.539666666666665,18.539666666666665
2025-12-24,LAHOTIOV,INE515C01023,BSE,52.21,0.0,0.0,739.387,0.0,0.0,0.0,0.0,0.0,0.0,728.544,728.544,728.544
2025-12-24,EMPIND,INE515H01014,BSE,941.7,0.0,0.0,302.954,0.0,0.0,0.0,0.0,0.0,0.0,1087.547,1087.547,1087.547
2025-12-23,12AFPL30,INE515Q08267,BSE,100950.0,0.0,0.0,201.9,0.0,0.0,0.0,0.0,0.0,0.0,201.9,201.9,201.9
2025-12-26,UFLEX,INE516A01017,NSE,484.6,68.77,2855747.8000000003,4158.7295,60.263999999999996,62.72857142857142,62.72857142857142,2899709.9699999997,3239791.1428571427,3239791.1428571427,4834.864390000001,5119.583428571429,5119.583428571429
2025-12-24,KIRANPR,INE516D01011,BSE,21.81,0.0,0.0,1.199,0.0,0.0,0.0,0.0,0.0,0.0,126.23333333333333,126.23333333333333,126.23333333333333
2025-12-24,PANABYTE,INE516E01019,BSE,35.4,0.0,0.0,261.43,0.0,0.0,0.0,0.0,0.0,0.0,218.23799999999997,218.23799999999997,218.23799999999997
2025-12-24,ABHICAP,INE516F01016,BSE,130.0,0.0,0.0,4420.136,0.0,0.0,0.0,0.0,0.0,0.0,1480.1143333333332,1480.1143333333332,1480.1143333333332
2025-12-24,RLFL,INE516P01015,BSE,9.74,0.0,0.0,2919.194,0.0,0.0,0.0,0.0,0.0,0.0,497.565,497.565,497.565
2025-12-26,TTML,INE517B01013,NSE,50.14,35.48,34156420.94,96511.47962,30.567999999999994,24.741428571428568,24.741428571428568,71928218.98200001,106385658.01,106385658.01,320373.26705400005,1302248.7040571426,1302248.7040571426
2025-12-24,KONARKSY,INE517D01019,BSE,38.03,0.0,0.0,0.695,0.0,0.0,0.0,0.0,0.0,0.0,44.533666666666655,44.533666666666655,44.533666666666655
2025-12-26,GPPL,INE517F01014,NSE,183.02,57.15,216308958.74,383053.80454000004,44.529999999999994,44.42285714285714,44.42285714285714,123054148.58600001,126403285.0957143,126403285.0957143,286417.693824,294234.9679671429,294234.9679671429
2025-12-24,FORBESCO,INE518A01013,BSE,307.95,0.0,0.0,771.254,0.0,0.0,0.0,0.0,0.0,0.0,525.2513333333333,525.2513333333333,525.2513333333333
2025-12-26,ZIMLAB,INE518E01015,NSE,68.59,68.06,2870354.3200000003,4240.80346,66.226,62.83714285714286,62.83714285714286,908943.2720000001,1071787.4971428572,1071787.4971428572,1404.286046,1799.3202442857141,1799.3202442857141
2025-12-26,FOSECOIND,INE519A01011,NSE,4987.5,54.04,4069800.0,7550.0265,43.083999999999996,44.96857142857142,44.96857142857142,1922495.8,1968027.2857142857,1968027.2857142857,4301.9945,4250.877071428571,4250.877071428571
2025-12-26,SUMMITSEC,INE519C01017,NSE,1971.6,69.84,3643516.8,5236.076599999999,54.55800000000001,57.094285714285725,57.094285714285725,3588488.4200000004,3300203.214285714,3300203.214285714,6667.359880000001,5918.504242857142,5918.504242857142
2025-12-24,LADDERUP,INE519D01015,BSE,59.06,0.0,0.0,171.864,0.0,0.0,0.0,0.0,0.0,0.0,16.573333333333334,16.573333333333334,16.573333333333334
2025-12-24,MIDWEST,INE519N01014,BSE,4622.7,0.0,0.0,50293.165,0.0,0.0,0.0,0.0,0.0,0.0,13716.298,13716.298,13716.298
2025-12-26,ZENSARTECH,INE520A01027,NSE,723.25,57.84,54097653.5,94226.633,50.602000000000004,53.21142857142858,53.21142857142858,95991026.23,92892170.82142858,92892170.82142858,198614.53397999998,182250.79822142856,182250.79822142856
2025-12-26,BEARDSELL,INE520H01022,NSE,31.26,73.94,688689.06,917.9422900000001,57.45399999999999,53.50285714285714,53.50285714285714,465514.53199999995,425757.75428571424,425757.75428571424,871.99378,865.9230657142858,865.9230657142858
2025-12-26,ICEMAKE,INE520Y01019,NSE,826.9,49.58,14455865.799999999,29015.23215,49.082,52.77571428571429,52.77571428571429,15276555.680000002,12381204.0,12381204.0,31627.44015,24944.28863571428,24944.28863571428
2025-12-26,CPCAP,INE521J01018,NSE,115.36,77.31,236603.36,308.58441999999997,77.724,77.47571428571429,77.47571428571429,1392756.7359999998,1724138.4,1724138.4,1733.8115100000002,2207.7351214285713,2207.7351214285713
2025-12-24,BANASFN,INE521L01030,BSE,8.32,0.0,0.0,197.364,0.0,0.0,0.0,0.0,0.0,0.0,215.44433333333333,215.44433333333333,215.44433333333333
2025-12-26,MANAPPURAM,INE522D01027,NSE,313.35,34.56,652430108.5500001,1895279.966,39.53,42.355714285714285,42.355714285714285,641995998.79,551802316.1,551802316.1,2136927.94875,1704462.1922214287,1704462.1922214287
2025-12-19,MFLZC26,INE522D07BA4,BSE,1929.9,0.0,0.0,36.668,0.0,0.0,0.0,0.0,0.0,0.0,450.543,450.543,450.543
2025-12-26,COALINDIA,INE522F01014,NSE,402.15,47.17,1031155227.9,2198713.95185,53.842,54.054285714285705,54.054285714285705,1637687738.97,1429093434.857143,1429093434.857143,3607189.06751,3054883.546585714,3054883.546585714
2025-12-26,AKSHOPTFBR,INE523B01011,NSE,6.53,74.0,790587.1,1086.26396,76.756,76.91714285714285,76.91714285714285,652939.926,583675.9757142857,583675.9757142857,846.864868,757.5623885714285,757.5623885714285
2025-12-19,JMFPZC26,INE523H07AQ1,BSE,1849.8,0.0,0.0,184.59,0.0,0.0,0.0,0.0,0.0,0.0,184.59,184.59,184.59
2025-12-23,820JMFPL26,INE523H07BO4,BSE,1002.0,0.0,0.0,25.05,0.0,0.0,0.0,0.0,0.0,0.0,25.05,25.05,25.05
2025-12-24,791JMFPL26,INE523H07BP1,BSE,1000.0,0.0,0.0,500.0,0.0,0.0,0.0,0.0,0.0,0.0,500.0,500.0,500.0
2025-12-24,PWASML,INE523I01016,BSE,26.0,0.0,0.0,56.53,0.0,0.0,0.0,0.0,0.0,0.0,41.27533333333333,41.27533333333333,41.27533333333333
2025-12-24,RAUNAQ,INE523K01012,BSE,59.16,0.0,0.0,53.866,0.0,0.0,0.0,0.0,0.0,0.0,3.2276666666666665,3.2276666666666665,3.2276666666666665
2025-12-26,GABRIEL,INE524A01029,NSE,1029.1,33.05,88685779.8,270865.8621,28.65,30.997142857142855,30.997142857142855,280442015.08000004,218423501.74285716,218423501.74285716,1426942.0320000001,1068847.5867428572,1068847.5867428572
2025-12-26,GANDHITUBE,INE524B01027,NSE,763.3,58.28,913670.1,1566.88005,55.879999999999995,60.529999999999994,60.529999999999994,1342016.85,1362775.4642857143,1362775.4642857143,2611.22119,2423.637892857143,2423.637892857143
2025-12-26,KRIDHANINF,INE524L01026,NSE,4.24,63.09,416779.28,674.1249,66.926,63.47714285714285,63.47714285714285,414609.776,440744.6342857143,440744.6342857143,655.025696,750.2581557142857,750.2581557142857
2025-12-24,JUPITERIN,INE524N01014,BSE,32.69,0.0,0.0,785.914,0.0,0.0,0.0,0.0,0.0,0.0,301.9926666666667,301.9926666666667,301.9926666666667
2025-12-24,TAALENT,INE524T01011,BSE,2754.85,0.0,0.0,2590.822,0.0,0.0,0.0,0.0,0.0,0.0,2047.8306666666667,2047.8306666666667,2047.8306666666667
2025-12-24,HATHWAYB,INE525B01016,BSE,13.46,0.0,0.0,11.378,0.0,0.0,0.0,0.0,0.0,0.0,5.784666666666666,5.784666666666666,5.784666666666666
2025-12-24,BLIL,INE525F01025,BSE,72.99,0.0,0.0,4719.551,0.0,0.0,0.0,0.0,0.0,0.0,3238.536,3238.536,3238.536
2025-12-26,CALSOFT,INE526B01014,NSE,15.0,80.97,794610.0,972.58914,65.482,65.82285714285715,65.82285714285715,252891.53200000004,230357.18000000002,230357.18000000002,359.81454199999996,340.61843285714286,340.61843285714286
2025-12-19,NIKKIGL,INE526C01012,BSE,14.53,0.0,0.0,0.203,0.0,0.0,0.0,0.0,0.0,0.0,0.266,0.266,0.266
2025-12-26,SHRIPISTON,INE526E01018,NSE,3191.6,43.56,108619722.8,250998.513,36.64,36.339999999999996,36.339999999999996,85269687.84,94866029.68571429,94866029.68571429,232568.79574000003,264208.4587857143,264208.4587857143
2025-12-26,VIVIMEDLAB,INE526G01021,NSE,20.59,100.0,198878.81,198.87881,100.0,100.0,100.0,198878.81,198878.81,198878.81,198.87881,198.87881,198.87881
2025-12-24,VINYOFL,INE526H01011,BSE,54.1,0.0,0.0,72.62,0.0,0.0,0.0,0.0,0.0,0.0,116.73666666666666,116.73666666666666,116.73666666666666
2025-12-24,STARHFL,INE526R01028,BSE,15.08,0.0,0.0,2725.842,0.0,0.0,0.0,0.0,0.0,0.0,4252.5233333333335,4252.5233333333335,4252.5233333333335
2025-12-24,QUADRANT,INE527B01020,BSE,0.36,0.0,0.0,163.218,0.0,0.0,0.0,0.0,0.0,0.0,256.747,256.747,256.747
2025-12-26,UFO,INE527H01019,NSE,84.38,55.08,3323221.92,6031.86089,49.239999999999995,47.978571428571435,47.978571428571435,6658060.466,7475265.801428571,7475265.801428571,13823.341320000001,17559.633464285715,17559.633464285715
2025-12-26,GKWLIMITED,INE528A01020,NSE,1726.0,95.2,1575838.0,1658.0848,81.90799999999999,78.36571428571428,78.36571428571428,620799.9400000001,585795.0285714286,585795.0285714286,705.56474,695.2419142857143,695.2419142857143
2025-12-24,UVS,INE528C01018,BSE,127.65,0.0,0.0,133.664,0.0,0.0,0.0,0.0,0.0,0.0,170.705,170.705,170.705
2025-12-24,SIKOZY,INE528E01022,BSE,0.95,0.0,0.0,0.537,0.0,0.0,0.0,0.0,0.0,0.0,0.7393333333333333,0.7393333333333333,0.7393333333333333
2025-12-26,YESBANK,INE528G01035,NSE,21.52,45.98,369663092.56,806974.58118,52.517999999999994,51.85428571428571,51.85428571428571,606080313.292,603435176.3628572,603435176.3628572,1090672.4803,1118707.9911057143,1118707.9911057143
2025-12-26,FMGOETZE,INE529A01010,NSE,449.3,58.65,6721977.3,11513.94705,55.76400000000001,56.35000000000001,56.35000000000001,11026383.28,11232546.628571426,11232546.628571426,19714.01906,19908.30754285714,19908.30754285714
2025-12-26,PATINTLOG,INE529D01014,NSE,13.76,85.28,616461.76,727.0061,78.2,74.10000000000001,74.10000000000001,588627.6640000001,590141.032857143,590141.032857143,743.445736,809.4616900000001,809.4616900000001
2025-12-26,SIGIND,INE529F01035,NSE,54.45,70.64,169666.2,237.83856,65.136,60.33428571428572,60.33428571428572,188174.704,236239.94,236239.94,281.550664,461.4918957142857,461.4918957142857
2025-12-26,KUANTUM,INE529I01021,NSE,92.33,72.01,1775690.56,2481.2050099999997,62.44199999999999,62.87428571428571,62.87428571428571,3451144.45,2829514.9957142854,2829514.9957142854,6626.6333939999995,5307.393468571428,5307.393468571428
2025-12-26,IIFL,INE530B01024,NSE,599.25,34.43,331448171.25,964743.048,32.344,32.42,32.42,275514410.31,220150154.72142857,220150154.72142857,961316.43998,756678.3509571429,756678.3509571429
2025-12-23,IIFLZC26,INE530B07187,BSE,1420.0,0.0,0.0,103.66,0.0,0.0,0.0,0.0,0.0,0.0,103.66,103.66,103.66
2025-12-24,9IIFL28A,INE530B07260,BSE,1075.8,0.0,0.0,22.591,0.0,0.0,0.0,0.0,0.0,0.0,22.591,22.591,22.591
2025-12-19,IIFLZC28A,INE530B07278,BSE,1250.0,0.0,0.0,62.5,0.0,0.0,0.0,0.0,0.0,0.0,62.5,62.5,62.5
2025-12-24,IIFLZC26B,INE530B07351,BSE,1214.8,0.0,0.0,38.873,0.0,0.0,0.0,0.0,0.0,0.0,38.873,38.873,38.873
2025-12-17,IIFLZC28B,INE530B07369,BSE,1175.0,0.0,0.0,237.375,0.0,0.0,0.0,0.0,0.0,0.0,237.375,237.375,237.375
2025-12-24,IIFLZC28,INE530B08110,BSE,1511.01,0.0,0.0,75.55,0.0,0.0,0.0,0.0,0.0,0.0,75.55,75.55,75.55
2025-12-24,PRATIKSH,INE530D01012,BSE,19.9,0.0,0.0,251.61,0.0,0.0,0.0,0.0,0.0,0.0,232.13266666666664,232.13266666666664,232.13266666666664
2025-12-24,NIDO27,INE530L07491,BSE,1334.2,0.0,0.0,110.409,0.0,0.0,0.0,0.0,0.0,0.0,110.409,110.409,110.409
2025-12-24,NIDO010326,INE530L07657,BSE,1168.0,0.0,0.0,29.2,0.0,0.0,0.0,0.0,0.0,0.0,29.2,29.2,29.2
2025-12-24,95NIDO26,INE530L07707,BSE,1071.0,0.0,0.0,10.71,0.0,0.0,0.0,0.0,0.0,0.0,41.2335,41.2335,41.2335
2025-12-24,0NHFL27,INE530L07814,BSE,1107.2,0.0,0.0,113.219,0.0,0.0,0.0,0.0,0.0,0.0,11.042,11.042,11.042
2025-12-19,0NHFL26,INE530L07822,BSE,1115.25,0.0,0.0,28.996,0.0,0.0,0.0,0.0,0.0,0.0,28.996,28.996,28.996
2025-12-23,95NHFL27A,INE530L07AF1,BSE,1025.2,0.0,0.0,10.252,0.0,0.0,0.0,0.0,0.0,0.0,10.252,10.252,10.252
2025-12-17,NHFL030425,INE530L07AH7,BSE,1036.1,0.0,0.0,51.805,0.0,0.0,0.0,0.0,0.0,0.0,51.805,51.805,51.805
2025-12-23,10NHFL28A,INE530L07AK1,BSE,1047.11,0.0,0.0,370.661,0.0,0.0,0.0,0.0,0.0,0.0,370.661,370.661,370.661
2025-12-19,NHFL20725,INE530L07AR6,BSE,1070.0,0.0,0.0,2.15,0.0,0.0,0.0,0.0,0.0,0.0,2.15,2.15,2.15
2025-12-24,10NHFL28B,INE530L07AW6,BSE,1000.21,0.0,0.0,166.035,0.0,0.0,0.0,0.0,0.0,0.0,166.035,166.035,166.035
2025-12-23,9NHFL27,INE530L07BB8,BSE,945.0,0.0,0.0,9.45,0.0,0.0,0.0,0.0,0.0,0.0,9.45,9.45,9.45
2025-12-24,NHFL10925A,INE530L07BH5,BSE,984.0,0.0,0.0,12.752,0.0,0.0,0.0,0.0,0.0,0.0,49.2,49.2,49.2
2025-12-26,KANSAINER,INE531A01024,NSE,237.42,33.03,70896223.61999999,213954.82393,50.403999999999996,55.964285714285715,55.964285714285715,61184068.506000005,49553589.40142857,49553589.40142857,105732.10421599999,83901.12311142858,83901.12311142858
2025-12-17,LEADFIN,INE531D01010,BSE,16.54,0.0,0.0,15.485,0.0,0.0,0.0,0.0,0.0,0.0,15.485,15.485,15.485
2025-12-26,HINDCOPPER,INE531E01026,NSE,475.6,13.98,6404597011.200001,44856487.24835,28.897999999999996,29.36285714285714,29.36285714285714,3006980282.81,2452192616.8642855,2452192616.8642855,11023698.05778,8877433.9429,8877433.9429
2025-12-26,NUVAMA,INE531F01023,NSE,1493.5,35.75,393461081.5,1109477.0675,42.442,41.69571428571429,41.69571428571429,766878210.1,585233257.7857143,585233257.7857143,1937832.6110999999,1479025.8852857142,1479025.8852857142
2025-12-24,SAICAPI,INE531X01018,BSE,193.35,0.0,0.0,154.279,0.0,0.0,0.0,0.0,0.0,0.0,181.2543333333333,181.2543333333333,181.2543333333333
2025-12-24,ISTRNETWK,INE532B01020,BSE,45.09,0.0,0.0,1682.805,0.0,0.0,0.0,0.0,0.0,0.0,3616.470333333333,3616.470333333333,3616.470333333333
2025-12-26,EDELWEISS,INE532F01054,NSE,108.17,48.12,170358555.55,355840.81733999995,47.372,48.46428571428572,48.46428571428572,195699626.98999998,183133665.0957143,183133665.0957143,404507.804388,374444.0283028572,374444.0283028572
2025-12-19,98EFSL26,INE532F07BN1,BSE,1088.0,0.0,0.0,19.59,0.0,0.0,0.0,0.0,0.0,0.0,17.44,17.44,17.44
2025-12-24,EFSLZC26A,INE532F07BZ5,BSE,1513.2,0.0,0.0,37.83,0.0,0.0,0.0,0.0,0.0,0.0,1.513,1.513,1.513
2025-12-24,EFSL26,INE532F07CH1,BSE,1436.8,0.0,0.0,35.92,0.0,0.0,0.0,0.0,0.0,0.0,261.864,261.864,261.864
2025-12-24,93EFSL31,INE532F07CI9,BSE,948.75,0.0,0.0,3.795,0.0,0.0,0.0,0.0,0.0,0.0,131.93,131.93,131.93
2025-12-17,97EFSL31,INE532F07CJ7,BSE,984.0,0.0,0.0,203.24,0.0,0.0,0.0,0.0,0.0,0.0,203.24,203.24,203.24
2025-12-24,93EFSL31A,INE532F07CT6,BSE,990.0,0.0,0.0,12.87,0.0,0.0,0.0,0.0,0.0,0.0,269.87149999999997,269.87149999999997,269.87149999999997
2025-12-24,97EFSL31A,INE532F07CU4,BSE,935.06,0.0,0.0,290.699,0.0,0.0,0.0,0.0,0.0,0.0,82.55250000000001,82.55250000000001,82.55250000000001
2025-12-24,10EFSL33B,INE532F07DH9,BSE,983.0,0.0,0.0,98.4,0.0,0.0,0.0,0.0,0.0,0.0,55.048,55.048,55.048
2025-12-23,EFSLZC26B,INE532F07DL1,BSE,1302.04,0.0,0.0,108.069,0.0,0.0,0.0,0.0,0.0,0.0,489.95550000000003,489.95550000000003,489.95550000000003
2025-12-19,EFSL28,INE532F07DW8,BSE,1230.5,0.0,0.0,1.23,0.0,0.0,0.0,0.0,0.0,0.0,1.23,1.23,1.23
2025-12-24,10EFSL33,INE532F07DX6,BSE,973.27,0.0,0.0,1844.91,0.0,0.0,0.0,0.0,0.0,0.0,209.2065,209.2065,209.2065
2025-12-19,92EFSL26,INE532F07EC8,BSE,995.83,0.0,0.0,219.0,0.0,0.0,0.0,0.0,0.0,0.0,219.0,219.0,219.0
2025-12-17,96EFSL26,INE532F07ED6,BSE,1023.5,0.0,0.0,70.62,0.0,0.0,0.0,0.0,0.0,0.0,70.62,70.62,70.62
2025-12-19,EFSL26C,INE532F07EE4,BSE,1227.8,0.0,0.0,46.656,0.0,0.0,0.0,0.0,0.0,0.0,46.656,46.656,46.656
2025-12-24,EFSL28A,INE532F07EF1,BSE,1215.2,0.0,0.0,12.152,0.0,0.0,0.0,0.0,0.0,0.0,12.152,12.152,12.152
2025-12-24,10EFS33,INE532F07EI5,BSE,969.76,0.0,0.0,635.194,0.0,0.0,0.0,0.0,0.0,0.0,390.151,390.151,390.151
2025-12-19,10EFSL33A,INE532F07EL9,BSE,985.0,0.0,0.0,10.835,0.0,0.0,0.0,0.0,0.0,0.0,75.398,75.398,75.398
2025-12-23,EFSLZC28C,INE532F07EN5,BSE,1184.0,0.0,0.0,11.84,0.0,0.0,0.0,0.0,0.0,0.0,11.84,11.84,11.84
2025-12-24,960EFSLA,INE532F07EP0,BSE,1009.8,0.0,0.0,12.117,0.0,0.0,0.0,0.0,0.0,0.0,12.117,12.117,12.117
2025-12-19,EFSL26D,INE532F07EV8,BSE,1170.5,0.0,0.0,47.985,0.0,0.0,0.0,0.0,0.0,0.0,47.985,47.985,47.985
2025-12-24,10EFSL34,INE532F07FB7,BSE,966.0,0.0,0.0,0.966,0.0,0.0,0.0,0.0,0.0,0.0,54.400000000000006,54.400000000000006,54.400000000000006
2025-12-24,10EFSL34A,INE532F07FD3,BSE,975.0,0.0,0.0,8.775,0.0,0.0,0.0,0.0,0.0,0.0,8.775,8.775,8.775
2025-12-23,9EFSL26,INE532F07FF8,BSE,1047.5,0.0,0.0,15.712,0.0,0.0,0.0,0.0,0.0,0.0,15.712,15.712,15.712
2025-12-24,96EFSL27,INE532F07FL6,BSE,1036.8,0.0,0.0,31.104,0.0,0.0,0.0,0.0,0.0,0.0,31.104,31.104,31.104
2025-12-24,EFS290424,INE532F07FM4,BSE,1125.0,0.0,0.0,22.5,0.0,0.0,0.0,0.0,0.0,0.0,22.5,22.5,22.5
2025-12-24,EFSL26724,INE532F07FQ5,BSE,1116.2,0.0,0.0,5.581,0.0,0.0,0.0,0.0,0.0,0.0,5.581,5.581,5.581
2025-12-24,EFSL260724,INE532F07FT9,BSE,1086.04,0.0,0.0,297.574,0.0,0.0,0.0,0.0,0.0,0.0,221.96,221.96,221.96
2025-12-23,11EFSL34,INE532F07FX1,BSE,1041.37,0.0,0.0,144.75,0.0,0.0,0.0,0.0,0.0,0.0,102.5,102.5,102.5
2025-12-24,11EFSL34B,INE532F07GL4,BSE,1004.05,0.0,0.0,10.04,0.0,0.0,0.0,0.0,0.0,0.0,10.04,10.04,10.04
2025-12-24,11EFSL34C,INE532F07GM2,BSE,1010.0,0.0,0.0,1265.945,0.0,0.0,0.0,0.0,0.0,0.0,1265.945,1265.945,1265.945
2025-12-17,11EFSL35,INE532F07GR1,BSE,1090.0,0.0,0.0,10.9,0.0,0.0,0.0,0.0,0.0,0.0,10.9,10.9,10.9
2025-12-23,11EFSL35G,INE532F07HB3,BSE,1040.0,0.0,0.0,105.04,0.0,0.0,0.0,0.0,0.0,0.0,111.1,111.1,111.1
2025-12-19,11EFSL35H,INE532F07HC1,BSE,1021.5,0.0,0.0,102.15,0.0,0.0,0.0,0.0,0.0,0.0,102.15,102.15,102.15
2025-12-17,EFSL30425A,INE532F07HE7,BSE,1004.0,0.0,0.0,20.08,0.0,0.0,0.0,0.0,0.0,0.0,20.08,20.08,20.08
2025-12-24,EFSL30425,INE532F07HK4,BSE,1032.0,0.0,0.0,20.568,0.0,0.0,0.0,0.0,0.0,0.0,20.568,20.568,20.568
2025-12-17,EFSL24725A,INE532F07HS7,BSE,985.0,0.0,0.0,13.594,0.0,0.0,0.0,0.0,0.0,0.0,13.594,13.594,13.594
2025-12-24,9EFSL27A,INE532F07IC9,BSE,992.12,0.0,0.0,12.897,0.0,0.0,0.0,0.0,0.0,0.0,0.989,0.989,0.989
2025-12-23,EFS121225A,INE532F07II6,BSE,1000.0,0.0,0.0,10.0,0.0,0.0,0.0,0.0,0.0,0.0,2.46,2.46,2.46
2025-12-24,GOODYEAR,INE533A01012,BSE,854.75,0.0,0.0,1821.613,0.0,0.0,0.0,0.0,0.0,0.0,2524.9186666666665,2524.9186666666665,2524.9186666666665
2025-12-24,SUPRATRE,INE533B01028,BSE,15.64,0.0,0.0,0.313,0.0,0.0,0.0,0.0,0.0,0.0,8.093,8.093,8.093
2025-12-24,KJMCFIN,INE533C01018,BSE,63.44,0.0,0.0,22.942,0.0,0.0,0.0,0.0,0.0,0.0,202.814,202.814,202.814
2025-12-24,RITESHIN,INE534D01014,BSE,64.03,0.0,0.0,428.736,0.0,0.0,0.0,0.0,0.0,0.0,815.4736666666668,815.4736666666668,815.4736666666668
2025-12-24,KEIL,INE534E01020,BSE,16.74,0.0,0.0,102.601,0.0,0.0,0.0,0.0,0.0,0.0,87.437,87.437,87.437
2025-12-24,KAMADGIRI,INE535C01013,BSE,89.79,0.0,0.0,95.746,0.0,0.0,0.0,0.0,0.0,0.0,12.159333333333334,12.159333333333334,12.159333333333334
2025-12-26,ROTO,INE535D01037,NSE,71.67,13.43,32636941.26,244253.1,11.336000000000002,15.680000000000003,15.680000000000003,174808205.748,171305091.5457143,171305091.5457143,1954828.536268,2123283.447802857,2123283.447802857
2025-12-26,RAJOOENG,INE535F01024,NSE,61.78,29.46,35673687.18,123077.36952,48.751999999999995,46.89285714285713,46.89285714285713,23601063.124,21905826.62571429,21905826.62571429,46998.829152000006,45792.40748285714,45792.40748285714
2025-12-26,GRINDWELL,INE536A01023,NSE,1566.5,60.36,6743782.5,11178.750900000001,53.15,53.83142857142857,53.83142857142857,19554674.12,16971817.971428573,16971817.971428573,39019.9201,33132.90714285714,33132.90714285714
2025-12-24,NUTRICIRCLE,INE536C01029,BSE,361.9,0.0,0.0,35.104,0.0,0.0,0.0,0.0,0.0,0.0,52.10633333333333,52.10633333333333,52.10633333333333
2025-12-26,CIEINDIA,INE536H01010,NSE,393.25,51.86,13594259.25,26337.53275,52.964,54.02428571428572,54.02428571428572,13815563.430000002,15767236.057142857,15767236.057142857,25991.62986,28400.239842857143,28400.239842857143
2025-12-24,CPL,INE536P01021,BSE,82.43,0.0,0.0,15205.681,0.0,0.0,0.0,0.0,0.0,0.0,4505.634,4505.634,4505.634
2025-12-24,GTNINDS,INE537A01013,BSE,22.94,0.0,0.0,81.314,0.0,0.0,0.0,0.0,0.0,0.0,28.653333333333336,28.653333333333336,28.653333333333336
2025-12-24,CONSTRONIC,INE537B01011,BSE,61.99,0.0,0.0,3.053,0.0,0.0,0.0,0.0,0.0,0.0,19.662333333333333,19.662333333333333,19.662333333333333
2025-12-26,MODINATUR,INE537F01012,NSE,372.25,78.45,2842873.25,3659.24655,66.21000000000001,70.76571428571428,70.76571428571428,694405.3200000001,700580.2999999999,700580.2999999999,1043.20914,996.946107142857,996.946107142857
2025-12-24,KRISHNA,INE537L01010,BSE,17.32,0.0,0.0,93.481,0.0,0.0,0.0,0.0,0.0,0.0,278.242,278.242,278.242
2025-12-24,SPRAYKING,INE537U01037,BSE,1.85,0.0,0.0,303.791,0.0,0.0,0.0,0.0,0.0,0.0,430.7546666666667,430.7546666666667,430.7546666666667
2025-12-26,GFLLIMITED,INE538A01037,NSE,59.2,59.22,1983851.2000000002,3369.8636699999997,68.378,70.83285714285714,70.83285714285714,1943129.098,1990128.7171428574,1990128.7171428574,2969.730116,2905.34365,2905.34365
2025-12-24,SAMTELIN,INE538C01017,BSE,2.97,0.0,0.0,2.82,0.0,0.0,0.0,0.0,0.0,0.0,2.82,2.82,2.82
2025-12-24,SHKARTP,INE538D01015,BSE,7.68,0.0,0.0,27.559,0.0,0.0,0.0,0.0,0.0,0.0,42.96033333333333,42.96033333333333,42.96033333333333
2025-12-23,GOTHIPL,INE538G01018,BSE,40.0,0.0,0.0,8.0,0.0,0.0,0.0,0.0,0.0,0.0,6.2,6.2,6.2
2025-12-26,GHCL,INE539A01019,NSE,565.7,48.71,11991708.600000001,24578.112,53.251999999999995,55.44857142857143,55.44857142857143,22922978.0,24978553.385714285,24978553.385714285,42998.480090000005,44750.73307857143,44750.73307857143
2025-12-24,NARBADA,INE540C01021,BSE,69.36,0.0,0.0,5.829,0.0,0.0,0.0,0.0,0.0,0.0,53.925333333333334,53.925333333333334,53.925333333333334
2025-12-26,AMBIKCO,INE540G01014,NSE,1274.9,59.71,2021991.4000000001,3369.3876,62.14399999999999,64.60428571428571,64.60428571428571,2600480.06,2886880.0571428575,2886880.0571428575,4317.02302,4548.4099857142855,4548.4099857142855
2025-12-26,VOLTAMP,INE540H01012,NSE,7777.5,49.03,51790372.5,106274.922,54.21999999999999,51.33714285714286,51.33714285714286,96670420.1,82198630.28571428,82198630.28571428,172437.1595,153031.18385714287,153031.18385714287
2025-12-26,ALKEM,INE540L01014,NSE,5535.0,51.4,114984090.0,223464.3475,52.576,54.151428571428575,54.151428571428575,147717751.5,168865331.07142857,168865331.07142857,266209.1596,294564.9750714285,294564.9750714285
2025-12-24,975UPPCL27,INE540P07269,BSE,1030000.0,0.0,0.0,1030.0,0.0,0.0,0.0,0.0,0.0,0.0,1030.0,1030.0,1030.0
2025-12-23,97UPPCL26,INE540P07376,BSE,249000.0,0.0,0.0,249.0,0.0,0.0,0.0,0.0,0.0,0.0,249.0,249.0,249.0
2025-12-24,97UPPCL31,INE540P07426,BSE,1050900.0,0.0,0.0,2079.0,0.0,0.0,0.0,0.0,0.0,0.0,3142.5,3142.5,3142.5
2025-12-23,995UPPCL30,INE540P07491,BSE,1035350.01,0.0,0.0,1035.35,0.0,0.0,0.0,0.0,0.0,0.0,1035.35,1035.35,1035.35
2025-12-24,MISHKA,INE540S01019,BSE,40.04,0.0,0.0,99.098,0.0,0.0,0.0,0.0,0.0,0.0,308.8863333333333,308.8863333333333,308.8863333333333
2025-12-26,GMMPFAUDLR,INE541A01023,NSE,1082.8,49.13,22442112.8,45688.899600000004,59.565999999999995,60.34428571428571,60.34428571428571,31168847.300000004,33281673.41428572,33281673.41428572,51912.30358000001,54761.56880000001,54761.56880000001
2025-12-24,TSPIRITUAL,INE541C01037,BSE,1.84,0.0,0.0,6.923,0.0,0.0,0.0,0.0,0.0,0.0,9.034666666666666,9.034666666666666,9.034666666666666
2025-12-24,GUJARATPOLY,INE541F01022,BSE,61.91,0.0,0.0,275.673,0.0,0.0,0.0,0.0,0.0,0.0,135.262,135.262,135.262
2025-12-24,STARDELTA,INE541K01014,BSE,601.7,0.0,0.0,560.792,0.0,0.0,0.0,0.0,0.0,0.0,778.5726666666666,778.5726666666666,778.5726666666666
2025-12-23,FILTRA,INE541R01019,BSE,66.3,0.0,0.0,265.7,0.0,0.0,0.0,0.0,0.0,0.0,271.98,271.98,271.98
2025-12-26,AKSHARCHEM,INE542B01011,NSE,246.3,45.48,797026.8,1752.29355,61.74000000000001,59.931428571428576,59.931428571428576,1498571.4,1456304.1714285712,1456304.1714285712,1901.5782800000002,2051.7604571428574,2051.7604571428574
2025-12-26,NKIND,INE542C01019,NSE,66.68,39.01,20470.760000000002,51.21392,65.748,69.71714285714286,69.71714285714286,28260.109999999997,28077.35857142857,28077.35857142857,35.293,35.128635714285714,35.128635714285714
2025-12-26,KPIGREEN,INE542W01025,NSE,416.4,45.73,90543265.19999999,200368.55125,43.128,36.792857142857144,36.792857142857144,139364110.63000003,123090333.90714286,123090333.90714286,369623.02599999995,392249.85947857145,392249.85947857145
2025-12-26,KAPSTON,INE542Z01028,NSE,295.7,77.23,2796434.9,3613.7129,57.628,61.26142857142857,61.26142857142857,1359326.77,1552884.2285714287,1552884.2285714287,2380.0516400000006,2544.9918000000002,2544.9918000000002
2025-12-24,PRIMIND,INE543F01028,BSE,43.95,0.0,0.0,3185.048,0.0,0.0,0.0,0.0,0.0,0.0,853.8553333333334,853.8553333333334,853.8553333333334
2025-12-26,ACEINTEG,INE543V01017,NSE,21.66,52.05,1927.74,3.74945,59.641999999999996,62.54285714285714,62.54285714285714,23473.564,21913.922857142858,21913.922857142858,34.96755,32.81218,32.81218
2025-12-26,HARRMALAYA,INE544A01019,NSE,160.99,56.26,1994022.1400000001,3496.41808,72.212,72.8,72.8,841142.9039999999,851889.4514285714,851889.4514285714,1142.434556,1138.6913871428571,1138.6913871428571
2025-12-24,PICCASUG,INE544C01023,BSE,43.14,0.0,0.0,57.228,0.0,0.0,0.0,0.0,0.0,0.0,85.76933333333334,85.76933333333334,85.76933333333334
2025-12-26,JHS,INE544H01014,NSE,9.94,85.63,192756.47999999998,223.95692000000003,79.342,75.2242857142857,75.2242857142857,848295.7139999999,710462.8999999998,710462.8999999998,1074.021174,931.8734914285714,931.8734914285714
2025-12-26,GREENLAM,INE544R01021,NSE,244.0,33.33,1029192.0,3095.9616,45.558,44.52571428571429,44.52571428571429,1726308.8,2655719.457142857,2655719.457142857,3860.6212699999996,6323.19655,6323.19655
2025-12-24,MAXIMUS,INE544W01021,BSE,11.0,0.0,0.0,129.635,0.0,0.0,0.0,0.0,0.0,0.0,217.88400000000001,217.88400000000001,217.88400000000001
2025-12-26,HEG,INE545A01024,NSE,559.8,27.22,271894860.0,1001774.4636499999,32.275999999999996,34.01285714285714,34.01285714285714,166020553.34999996,134132349.35714284,134132349.35714284,633266.44836,492966.29475000006,492966.29475000006
2025-12-24,CONTICON,INE545B01022,BSE,11.06,0.0,0.0,1.277,0.0,0.0,0.0,0.0,0.0,0.0,12.741666666666667,12.741666666666667,12.741666666666667
2025-12-24,GDLLEAS,INE545E01018,BSE,134.13,0.0,0.0,430.578,0.0,0.0,0.0,0.0,0.0,0.0,396.721,396.721,396.721
2025-12-26,TIIL,INE545H01011,NSE,2228.1,65.89,5755182.3,8759.972699999998,46.452000000000005,51.42142857142858,51.42142857142858,7094785.4,6731749.5571428565,6731749.5571428565,17470.281339999998,15127.934928571427,15127.934928571427
2025-12-26,MANCREDIT,INE545L01039,NSE,170.94,23.08,1425810.54,6179.94949,31.256,24.357142857142858,24.357142857142858,2792820.8060000003,2078218.3471428573,2078218.3471428573,7378.7264079999995,6447.12483142857,6447.12483142857
2025-12-24,SHAQUAK,INE545N01019,BSE,1.2,0.0,0.0,17.141,0.0,0.0,0.0,0.0,0.0,0.0,20.389,20.389,20.389
2025-12-26,BANDHANBNK,INE545U01014,NSE,144.88,42.34,231678187.51999998,548420.86809,46.392,46.62428571428571,46.62428571428571,375230820.718,358602265.58,358602265.58,808002.842194,770003.6549228571,770003.6549228571
2025-12-26,PICCADIL,INE546C01010,NSE,560.35,67.49,18541981.5,27539.151550000002,49.730000000000004,54.52428571428572,54.52428571428572,15008905.89,16203599.799999999,16203599.799999999,30009.427219999994,29771.83657142857,29771.83657142857
2025-12-24,TOKYOFIN,INE546D01018,BSE,26.47,0.0,0.0,207.14,0.0,0.0,0.0,0.0,0.0,0.0,24.986666666666665,24.986666666666665,24.986666666666665
2025-12-24,ZENLABS,INE546F01013,BSE,20.65,0.0,0.0,127.765,0.0,0.0,0.0,0.0,0.0,0.0,163.96233333333333,163.96233333333333,163.96233333333333
2025-12-24,LADDU,INE546I01025,BSE,1.05,0.0,0.0,533.685,0.0,0.0,0.0,0.0,0.0,0.0,208.98233333333334,208.98233333333334,208.98233333333334
2025-12-26,EIFFL,INE546V01010,NSE,261.67,73.51,6628886.11,8802.1992,70.34800000000001,72.42285714285715,72.42285714285715,7084755.146,6883360.372857143,6883360.372857143,10367.778291999999,9816.140797142856,9816.140797142856
2025-12-26,PRAXIS,INE546Y01022,NSE,9.21,80.85,560953.4700000001,690.63275,79.41999999999999,81.59,81.59,650821.9400000001,1306435.8314285714,1306435.8314285714,819.4068080000001,1491.1235314285716,1491.1235314285716
2025-12-26,XTGLOBAL,INE547B01028,NSE,35.2,64.36,524620.8,825.95035,58.282,54.65571428571428,54.65571428571428,735737.646,640009.8085714286,640009.8085714286,1235.945086,1151.6967114285712,1151.6967114285712
2025-12-24,SPECFOOD,INE547C01018,BSE,15.13,0.0,0.0,42.477,0.0,0.0,0.0,0.0,0.0,0.0,489.6523333333333,489.6523333333333,489.6523333333333
2025-12-26,IMPAL,INE547E01014,NSE,1040.5,75.45,1141428.5,1510.8301999999999,63.624,65.11428571428571,65.11428571428571,3005675.5599999996,2375636.114285714,2375636.114285714,4689.2846,3684.197785714285,3684.197785714285
2025-12-26,HFCL,INE548A01028,NSE,61.47,57.4,2090573615.79,3716189.87142,33.892,32.28285714285715,32.28285714285715,304531702.018,267701578.05714282,267701578.05714282,882403.563844,809471.2910628571,809471.2910628571
2025-12-24,GINISILK,INE548B01018,BSE,65.0,0.0,0.0,0.715,0.0,0.0,0.0,0.0,0.0,0.0,43.25933333333333,43.25933333333333,43.25933333333333
2025-12-26,EMAMILTD,INE548C01032,NSE,514.7,76.42,158251720.8,207244.83775,58.538,54.715714285714284,54.715714285714284,104513643.08,105108519.67857143,105108519.67857143,174092.04133,188443.69155000002,188443.69155000002
2025-12-24,VELHO,INE548D01014,BSE,5.91,0.0,0.0,173.693,0.0,0.0,0.0,0.0,0.0,0.0,55.07966666666667,55.07966666666667,55.07966666666667
2025-12-17,RAAJMEDI,INE548H01015,BSE,68.0,0.0,0.0,20.008,0.0,0.0,0.0,0.0,0.0,0.0,20.008,20.008,20.008
2025-12-26,LAGNAM,INE548Z01017,NSE,76.47,40.61,1818227.19,4482.42929,78.032,77.68857142857142,77.68857142857142,226415.27200000003,382054.5957142857,382054.5957142857,288.26257599999997,497.40102142857137,497.40102142857137
2025-12-26,HCC,INE549A01026,NSE,18.62,35.54,384085781.66,1093803.5188399998,31.384000000000004,34.792857142857144,34.792857142857144,352000616.81399995,363740093.9985714,363740093.9985714,1148521.074174,1088054.694867143,1088054.694867143
2025-12-24,HBLEAS,INE549B01016,BSE,13.13,0.0,0.0,114.872,0.0,0.0,0.0,0.0,0.0,0.0,109.47633333333333,109.47633333333333,109.47633333333333
2025-12-24,WSFX,INE549D01012,BSE,61.95,0.0,0.0,236.801,0.0,0.0,0.0,0.0,0.0,0.0,167.01666666666665,167.01666666666665,167.01666666666665
2025-12-26,ARSSBL,INE549H01021,NSE,629.3,45.01,234499205.49999997,526115.70805,26.907999999999998,30.67428571428571,30.67428571428571,227644512.47000003,187811054.97857144,187811054.97857144,864630.5203099999,679701.3135714285,679701.3135714285
2025-12-24,9MFL30,INE549K07BD6,BSE,981.0,0.0,0.0,206.79,0.0,0.0,0.0,0.0,0.0,0.0,117.72,117.72,117.72
2025-12-19,MFLZC30,INE549K07BI5,BSE,1308.0,0.0,0.0,2010.728,0.0,0.0,0.0,0.0,0.0,0.0,2010.728,2010.728,2010.728
2025-12-24,MFL30,INE549K07BJ3,BSE,1190.0,0.0,0.0,4.76,0.0,0.0,0.0,0.0,0.0,0.0,3.57,3.57,3.57
2025-12-24,MFL30A,INE549K07BY2,BSE,1151.22,0.0,0.0,115.122,0.0,0.0,0.0,0.0,0.0,0.0,115.122,115.122,115.122
2025-12-24,9MFL30A,INE549K07CC6,BSE,975.0,0.0,0.0,97.5,0.0,0.0,0.0,0.0,0.0,0.0,58.7,58.7,58.7
2025-12-23,MFL31,INE549K07CH5,BSE,1110.0,0.0,0.0,8.88,0.0,0.0,0.0,0.0,0.0,0.0,103.282,103.282,103.282
2025-12-19,MFL26F,INE549K07CJ1,BSE,1195.8,0.0,0.0,29.895,0.0,0.0,0.0,0.0,0.0,0.0,29.895,29.895,29.895
2025-12-17,MFLZC32,INE549K07DC4,BSE,1042.82,0.0,0.0,104.282,0.0,0.0,0.0,0.0,0.0,0.0,104.282,104.282,104.282
2025-12-17,MFLZC26E,INE549K07DI1,BSE,1161.2,0.0,0.0,108.406,0.0,0.0,0.0,0.0,0.0,0.0,108.406,108.406,108.406
2025-12-19,MFCL160924,INE549K07EL3,BSE,1112.15,0.0,0.0,33.364,0.0,0.0,0.0,0.0,0.0,0.0,550.002,550.002,550.002
2025-12-23,9MFCL2026,INE549K07EU4,BSE,985.0,0.0,0.0,143.971,0.0,0.0,0.0,0.0,0.0,0.0,143.971,143.971,143.971
2025-12-23,MFL301024A,INE549K07EV2,BSE,1079.8,0.0,0.0,35.633,0.0,0.0,0.0,0.0,0.0,0.0,35.633,35.633,35.633
2025-12-23,9MFLIII27,INE549K07EZ3,BSE,1000.0,0.0,0.0,885.89,0.0,0.0,0.0,0.0,0.0,0.0,3.0,3.0,3.0
2025-12-19,MFL24225D,INE549K07FS5,BSE,1020.0,0.0,0.0,10.2,0.0,0.0,0.0,0.0,0.0,0.0,10.2,10.2,10.2
2025-12-24,925MFLIV28,INE549K07FU1,BSE,1000.0,0.0,0.0,264.05,0.0,0.0,0.0,0.0,0.0,0.0,70.95,70.95,70.95
2025-12-23,930MFLIV26,INE549K07FV9,BSE,1062.8,0.0,0.0,53.14,0.0,0.0,0.0,0.0,0.0,0.0,53.14,53.14,53.14
2025-12-23,101MFLIV31,INE549K07FW7,BSE,1000.1,0.0,0.0,10.001,0.0,0.0,0.0,0.0,0.0,0.0,10.001,10.001,10.001
2025-12-23,9MFL27B,INE549K07GA1,BSE,986.05,0.0,0.0,23.684,0.0,0.0,0.0,0.0,0.0,0.0,51.951,51.951,51.951
2025-12-19,94MFL27B,INE549K07GC7,BSE,1024.2,0.0,0.0,153.665,0.0,0.0,0.0,0.0,0.0,0.0,153.665,153.665,153.665
2025-12-23,MFL190525,INE549K07GG8,BSE,1020.0,0.0,0.0,2.04,0.0,0.0,0.0,0.0,0.0,0.0,2.04,2.04,2.04
2025-12-23,10MFL31,INE549K07GH6,BSE,1020.0,0.0,0.0,1.02,0.0,0.0,0.0,0.0,0.0,0.0,10.2,10.2,10.2
2025-12-23,MFCL16725,INE549K07GY1,BSE,1001.05,0.0,0.0,8.008,0.0,0.0,0.0,0.0,0.0,0.0,8.008,8.008,8.008
2025-12-19,9MFL27,INE549K08178,BSE,1000.0,0.0,0.0,20.0,0.0,0.0,0.0,0.0,0.0,0.0,20.0,20.0,20.0
2025-12-23,94MFL27A,INE549K08210,BSE,1052.0,0.0,0.0,20.99,0.0,0.0,0.0,0.0,0.0,0.0,20.99,20.99,20.99
2025-12-24,REMLIFE,INE549S01036,BSE,0.83,0.0,0.0,6318.266,0.0,0.0,0.0,0.0,0.0,0.0,5598.902666666668,5598.902666666668,5598.902666666668
2025-12-26,URJA,INE550C01020,NSE,11.0,71.75,9359779.0,13106.9764,57.089999999999996,57.882857142857134,57.882857142857134,6814886.13,7299536.335714285,7299536.335714285,12020.190938,13040.019427142857,13040.019427142857
2025-12-24,WWALUM,INE550D01010,BSE,20.63,0.0,0.0,49.043,0.0,0.0,0.0,0.0,0.0,0.0,14.635,14.635,14.635
2025-12-24,HAZOOR,INE550F01049,BSE,37.28,0.0,0.0,19007.997,0.0,0.0,0.0,0.0,0.0,0.0,23299.426333333333,23299.426333333333,23299.426333333333
2025-12-24,OLPCL,INE550L01013,BSE,2.86,0.0,0.0,6.017,0.0,0.0,0.0,0.0,0.0,0.0,4.7026666666666666,4.7026666666666666,4.7026666666666666
2025-12-24,UDAYJEW,INE551B01012,BSE,147.1,0.0,0.0,431.594,0.0,0.0,0.0,0.0,0.0,0.0,304.7753333333333,304.7753333333333,304.7753333333333
2025-12-24,SHUKRAPHAR,INE551C01044,BSE,55.97,0.0,0.0,30157.781,0.0,0.0,0.0,0.0,0.0,0.0,23825.47333333333,23825.47333333333,23825.47333333333
2025-12-26,PAKKA,INE551D01018,NSE,107.87,47.17,2772366.87,5863.56375,44.836,45.51428571428571,45.51428571428571,8251480.051999999,6632838.299999999,6632838.299999999,20212.820552,16014.064061428571,16014.064061428571
2025-12-26,UJJIVANSFB,INE551W01018,NSE,53.03,49.09,151116462.23,306526.03595,50.754,53.645714285714284,53.645714285714284,124178359.512,151856657.87857142,151856657.87857142,242676.13915,277909.05810285715,277909.05810285715
2025-12-24,HFIL,INE552B01010,BSE,9.67,0.0,0.0,282.672,0.0,0.0,0.0,0.0,0.0,0.0,295.706,295.706,295.706
2025-12-26,CONFIPET,INE552D01024,NSE,37.02,40.64,8443373.520000001,20636.56831,45.298,46.25,46.25,9527886.331999999,9687590.734285712,9687590.734285712,21757.360986,21413.05952142857,21413.05952142857
2025-12-23,RKDAGRRTL,INE552N01023,BSE,4.85,0.0,0.0,2.022,0.0,0.0,0.0,0.0,0.0,0.0,1.0230000000000001,1.0230000000000001,1.0230000000000001
2025-12-24,KPL,INE552U01010,BSE,1161.7,0.0,0.0,36252.21,0.0,0.0,0.0,0.0,0.0,0.0,28830.74,28830.74,28830.74
2025-12-26,ABDL,INE552Z01027,NSE,613.55,52.91,71529499.64999999,135367.76335,44.626,44.51857142857143,44.51857142857143,50436839.79,47310841.928571425,47310841.928571425,113557.82667999998,106839.37457857141,106839.37457857141
2025-12-26,NECCLTD,INE553C01016,NSE,18.54,56.67,332310.95999999996,584.68449,74.464,73.55714285714285,73.55714285714285,774544.8899999999,662254.83,662254.83,1054.764286,904.6584785714286,904.6584785714286
2025-12-24,BESTEAST,INE553F01035,BSE,11.0,0.0,0.0,1.507,0.0,0.0,0.0,0.0,0.0,0.0,26.278333333333332,26.278333333333332,26.278333333333332
2025-12-24,VAGHANI,INE554H01021,BSE,173.05,0.0,0.0,10328.833,0.0,0.0,0.0,0.0,0.0,0.0,6434.556,6434.556,6434.556
2025-12-24,KARNAVATI,INE554R01020,BSE,1.46,0.0,0.0,88.443,0.0,0.0,0.0,0.0,0.0,0.0,97.704,97.704,97.704
2025-12-24,SHIVACEM,INE555C01029,BSE,22.86,0.0,0.0,1909.985,0.0,0.0,0.0,0.0,0.0,0.0,1958.7443333333333,1958.7443333333333,1958.7443333333333
2025-12-24,KIRANVYPAR,INE555P01013,BSE,198.3,0.0,0.0,401.532,0.0,0.0,0.0,0.0,0.0,0.0,237.42033333333333,237.42033333333333,237.42033333333333
2025-12-26,TARACHAND,INE555Z01020,NSE,78.67,27.44,4451856.63,16233.7222,49.224000000000004,52.74142857142858,52.74142857142858,4582422.773999999,4005380.244285714,4005380.244285714,9500.48954,7985.765,7985.765
2025-12-24,ADMANUM,INE556D01017,BSE,60.34,0.0,0.0,130.494,0.0,0.0,0.0,0.0,0.0,0.0,89.88466666666666,89.88466666666666,89.88466666666666
2025-12-24,UHZAVERI,INE556Z01010,BSE,17.65,0.0,0.0,3040.255,0.0,0.0,0.0,0.0,0.0,0.0,1886.2226666666666,1886.2226666666666,1886.2226666666666
2025-12-26,BIRLANU,INE557A01011,NSE,1517.5,66.53,6771085.0,10145.2122,64.348,62.824285714285715,62.824285714285715,7145565.340000001,7603468.600000001,7603468.600000001,11127.77744,12058.3769,12058.3769
2025-12-26,LIBERTSHOE,INE557B01019,NSE,277.4,54.51,2678297.0,4962.740400000001,58.112,64.76,64.76,2779697.14,2634600.6071428577,2634600.6071428577,4729.56993,4172.790735714285,4172.790735714285
2025-12-24,INDSUCR,INE557C01017,BSE,72.88,0.0,0.0,1925.285,0.0,0.0,0.0,0.0,0.0,0.0,375.63533333333334,375.63533333333334,375.63533333333334
2025-12-24,CJGEL,INE557D01015,BSE,16.3,0.0,0.0,48.87,0.0,0.0,0.0,0.0,0.0,0.0,23.239333333333335,23.239333333333335,23.239333333333335
2025-12-26,PIGL,INE557Z01018,NSE,123.93,60.41,2437331.31,4077.5552599999996,68.016,67.9057142857143,67.9057142857143,3713532.4060000004,3392610.295714286,3392610.295714286,5664.947888,5151.793962857142,5151.793962857142
2025-12-24,IPRINGLTD,INE558A01019,BSE,114.95,0.0,0.0,176.534,0.0,0.0,0.0,0.0,0.0,0.0,194.2603333333333,194.2603333333333,194.2603333333333
2025-12-26,CORALFINAC,INE558D01021,NSE,40.51,75.83,661001.6699999999,879.91377,70.266,68.57428571428572,68.57428571428572,893271.0860000001,826147.0957142859,826147.0957142859,1549.12279,1404.2205828571427,1404.2205828571427
2025-12-24,CHLOGIST,INE558F01026,BSE,7.07,0.0,0.0,199.993,0.0,0.0,0.0,0.0,0.0,0.0,191.21966666666665,191.21966666666665,191.21966666666665
2025-12-26,HECPROJECT,INE558R01013,NSE,121.74,56.56,700126.74,1247.42274,41.730000000000004,48.86,48.86,353242.6819999999,354903.74714285706,354903.74714285706,917.3697400000001,802.53413,802.53413
2025-12-26,IFBIND,INE559A01017,NSE,1607.7,53.42,13995028.5,26381.441,59.598,54.667142857142856,54.667142857142856,45466805.24,36950028.92857143,36950028.92857143,71272.38372,61708.810699999995,61708.810699999995
2025-12-26,CREST,INE559D01011,NSE,390.2,77.91,2670919.0,3447.42065,54.948,59.40714285714286,59.40714285714286,4177455.55,3324609.514285714,3324609.514285714,12279.03369,9256.487014285714,9256.487014285714
2025-12-26,SRGHFL,INE559N01010,NSE,292.0,85.02,1842228.0,2139.8532,54.75599999999999,61.72333333333333,61.72333333333333,1403191.6099999999,1274521.9749999999,1274521.9749999999,4529.40141,3882.3927000000003,3882.3927000000003
2025-12-26,LANDMARK,INE559R01029,NSE,476.45,64.0,12698345.4,19948.25375,65.05799999999999,64.21857142857142,64.21857142857142,39648311.98,30356734.74285714,30356734.74285714,60057.94706,46172.194807142856,46172.194807142856
2025-12-26,INDIAGLYCO,INE560A01023,NSE,1027.4,58.16,51364863.00000001,89039.4981,49.254000000000005,48.825714285714284,48.825714285714284,29560364.96,31918795.485714287,31918795.485714287,60360.17268,65751.15960000001,65751.15960000001
2025-12-24,TUNITEX,INE560D01027,BSE,1.35,0.0,0.0,1578.07,0.0,0.0,0.0,0.0,0.0,0.0,537.2323333333334,537.2323333333334,537.2323333333334
2025-12-24,JOHNPHARMA,INE560F01022,BSE,0.59,0.0,0.0,507.274,0.0,0.0,0.0,0.0,0.0,0.0,366.46600000000007,366.46600000000007,366.46600000000007
2025-12-26,PFS,INE560K01014,NSE,33.88,52.17,8604503.600000001,16545.09377,56.964,58.28285714285714,58.28285714285714,6551397.904,6618910.581428572,6618910.581428572,11362.936144000001,11282.740411428573,11282.740411428573
2025-12-24,VEL,INE560T01015,BSE,37.91,0.0,0.0,590.032,0.0,0.0,0.0,0.0,0.0,0.0,2325.9936666666667,2325.9936666666667,2325.9936666666667
2025-12-24,EXPOEAPL,INE561D01025,BSE,67.55,0.0,0.0,179.674,0.0,0.0,0.0,0.0,0.0,0.0,272.5276666666666,272.5276666666666,272.5276666666666
2025-12-24,SKRABUL,INE561E01015,BSE,33.07,0.0,0.0,39.379,0.0,0.0,0.0,0.0,0.0,0.0,37.08233333333333,37.08233333333333,37.08233333333333
2025-12-26,PARSVNATH,INE561H01026,NSE,11.05,60.1,3020064.45,5096.04059,56.617999999999995,57.811428571428564,57.811428571428564,5619680.062,4947488.801428571,4947488.801428571,9957.148980000002,8642.926261428573,8642.926261428573
2025-12-26,ISHANCH,INE561M01018,NSE,63.11,82.59,366984.65,447.35632,55.512,58.71142857142858,58.71142857142858,336913.706,452815.5,452815.5,582.68542,737.6732985714286,737.6732985714286
2025-12-26,INDIANB,INE562A01011,NSE,778.45,47.61,263251550.3,552552.3835,54.33200000000001,52.06428571428571,52.06428571428571,452910208.86,465362304.9285714,465362304.9285714,811619.0110499999,873475.7379428571,873475.7379428571
2025-12-26,RAJSREESUG,INE562B01019,NSE,35.17,65.51,469519.5,714.28275,60.013999999999996,55.291428571428575,55.291428571428575,978780.5220000001,977548.6757142858,977548.6757142858,1674.555764,1937.4278028571428,1937.4278028571428
2025-12-24,SOFTRAKV,INE562E01021,BSE,1.97,0.0,0.0,236.522,0.0,0.0,0.0,0.0,0.0,0.0,418.7363333333333,418.7363333333333,418.7363333333333
2025-12-26,UNIVASTU,INE562X01013,NSE,68.95,57.77,1998860.5,3531.7102,65.53200000000001,67.67714285714285,67.67714285714285,1515051.756,1763665.3742857142,1763665.3742857142,2225.3529759999997,2425.6227457142854,2425.6227457142854
2025-12-23,SAUMYA,INE563C01015,BSE,151.4,0.0,0.0,1.514,0.0,0.0,0.0,0.0,0.0,0.0,2.443,2.443,2.443
2025-12-24,AADIIND,INE563D01013,BSE,10.88,0.0,0.0,168.11,0.0,0.0,0.0,0.0,0.0,0.0,512.426,512.426,512.426
2025-12-26,ASTEC,INE563J01010,NSE,711.4,23.8,6883506.399999999,29102.8593,15.687999999999999,14.321428571428571,14.321428571428571,12915760.559999999,15516466.721428571,15516466.721428571,83008.2193,122102.95228571429,122102.95228571429
2025-12-24,YARNSYN,INE564C01013,BSE,13.66,0.0,0.0,108.289,0.0,0.0,0.0,0.0,0.0,0.0,18.74,18.74,18.74
2025-12-24,SHRJAGP,INE564J01026,BSE,664.6,0.0,0.0,396.727,0.0,0.0,0.0,0.0,0.0,0.0,309.933,309.933,309.933
2025-12-24,KAMATS,INE564S01019,BSE,54.9,0.0,0.0,9403.148,0.0,0.0,0.0,0.0,0.0,0.0,1475.1696666666667,1475.1696666666667,1475.1696666666667
2025-12-19,BINDALEXPO,INE564V01013,BSE,26.71,0.0,0.0,106.84,0.0,0.0,0.0,0.0,0.0,0.0,106.84,106.84,106.84
2025-12-26,IOB,INE565A01014,NSE,33.93,44.68,60637490.55,135711.70459,50.95399999999999,48.18285714285714,48.18285714285714,160714287.106,188173901.40142855,188173901.40142855,320687.636198,417384.4179028572,417384.4179028572
2025-12-24,SURFI,INE565E01016,BSE,29.0,0.0,0.0,17.697,0.0,0.0,0.0,0.0,0.0,0.0,35.35,35.35,35.35
2025-12-26,ZEELEARN,INE565L01011,NSE,7.59,78.49,2151218.52,2700.3925099999997,69.942,69.12142857142857,69.12142857142857,4593125.437999999,3594356.184285714,3594356.184285714,7027.885404000001,5497.642265714286,5497.642265714286
2025-12-26,VALIANTORG,INE565V01010,NSE,274.4,54.42,3201699.1999999997,5900.285400000001,59.426,58.42285714285715,58.42285714285715,3163881.0100000002,2776797.7785714283,2776797.7785714283,5343.2974,4741.124057142857,4741.124057142857
2025-12-26,ISFT,INE566K01011,NSE,92.52,64.99,447334.19999999995,689.7900699999999,45.976,45.93285714285714,45.93285714285714,380382.66599999997,432574.35571428575,432574.35571428575,836.061908,964.2695814285714,964.2695814285714
2025-12-24,AZADIND,INE566M01017,BSE,134.05,0.0,0.0,522.744,0.0,0.0,0.0,0.0,0.0,0.0,364.5586666666666,364.5586666666666,364.5586666666666
2025-12-26,NIPPOBATRY,INE567A01028,NSE,414.05,64.75,693533.75,1076.75385,56.720000000000006,61.38714285714286,61.38714285714286,622645.54,845119.7857142857,845119.7857142857,1145.94641,1360.8798785714287,1360.8798785714287
2025-12-24,SNL,INE568F01017,BSE,374.65,0.0,0.0,188.104,0.0,0.0,0.0,0.0,0.0,0.0,188.74300000000002,188.74300000000002,188.74300000000002
2025-12-26,URAVIDEF,INE568Z01015,NSE,218.49,57.14,3014725.02,5237.5944500000005,82.33,74.17999999999999,74.17999999999999,1227528.5219999999,929428.5342857142,929428.5342857142,1595.6344900000001,1239.3158714285714,1239.3158714285714
2025-12-24,ISLCONSUL,INE569B01022,BSE,28.4,0.0,0.0,165.144,0.0,0.0,0.0,0.0,0.0,0.0,67.26266666666668,67.26266666666668,67.26266666666668
2025-12-26,ORIENTCER,INE569C01020,NSE,43.17,29.81,5206345.17,17539.9496,54.477999999999994,56.31428571428571,56.31428571428571,1369453.5639999998,1363199.4885714285,1363199.4885714285,2464.2654879999996,2394.136494285714,2394.136494285714
2025-12-26,IONEXCHANG,INE570A01022,NSE,383.5,29.15,98676467.5,339494.4643,43.37,35.86571428571428,35.86571428571428,35747815.95999999,76542215.25714286,76542215.25714286,84942.25673,628289.00515,628289.00515
2025-12-24,ADITYA,INE570B01012,BSE,10.37,0.0,0.0,1.838,0.0,0.0,0.0,0.0,0.0,0.0,21.927666666666667,21.927666666666667,21.927666666666667
2025-12-26,ARROWGREEN,INE570D01018,NSE,519.0,53.54,5077896.0,9543.6925,60.46600000000001,56.980000000000004,56.980000000000004,6018265.340000001,5802061.257142858,5802061.257142858,9099.19008,11089.182385714286,11089.182385714286
2025-12-26,SAILIFE,INE570L01029,NSE,896.55,45.38,27548291.849999998,60832.432799999995,55.513999999999996,58.10142857142857,58.10142857142857,144213762.83,134680458.4857143,134680458.4857143,241943.33469,221974.3827785714,221974.3827785714
2025-12-24,MILLENNIUM,INE570N01025,BSE,2.32,0.0,0.0,70.41,0.0,0.0,0.0,0.0,0.0,0.0,293.7246666666667,293.7246666666667,293.7246666666667
2025-12-26,IPCALAB,INE571A01038,NSE,1439.8,37.78,54363968.4,142691.4205,43.136,44.705714285714286,44.705714285714286,57941176.56,66587176.94285714,66587176.94285714,134846.26436,148075.62997142857,148075.62997142857
2025-12-26,JAYBARMARU,INE571B01036,NSE,90.84,64.38,11935376.76,18789.72629,57.257999999999996,59.72428571428571,59.72428571428571,8754806.746,6820328.8071428565,6820328.8071428565,18552.502249999998,14119.866489999999,14119.866489999999
2025-12-24,YASHCHEM,INE571U01010,BSE,78.96,0.0,0.0,585.562,0.0,0.0,0.0,0.0,0.0,0.0,434.85633333333334,434.85633333333334,434.85633333333334
2025-12-26,JBCHEPHARM,INE572A01036,NSE,1818.6,64.99,205192638.0,315222.4331,59.21,57.74142857142857,57.74142857142857,146062855.49999997,123620560.17142855,123620560.17142855,213067.65944,187457.14557142855,187457.14557142855
2025-12-24,FRONTSP,INE572D01014,BSE,3883.3,0.0,0.0,11049.966,0.0,0.0,0.0,0.0,0.0,0.0,12581.972666666668,12581.972666666668,12581.972666666668
2025-12-26,PNBHOUSING,INE572E01012,NSE,943.8,46.05,454804950.59999996,997487.0497000001,47.944,46.50285714285714,46.50285714285714,723517913.1800001,594957899.6857144,594957899.6857144,1401427.80003,1184641.354842857,1184641.354842857
2025-12-26,SPANDANA,INE572J01011,NSE,274.8,53.05,27861422.400000002,52065.595,47.512,50.24857142857143,50.24857142857143,14345832.16,19979209.864285715,19979209.864285715,30261.81389,38759.81835714286,38759.81835714286
2025-12-24,AMINTAN,INE572Z01017,BSE,1.7,0.0,0.0,58.328,0.0,0.0,0.0,0.0,0.0,0.0,43.242999999999995,43.242999999999995,43.242999999999995
2025-12-26,JKTYRE,INE573A01042,NSE,497.55,36.59,99318443.25,273462.90989999997,32.898,36.86714285714286,36.86714285714286,393010840.82,304081588.55714285,304081588.55714285,1531401.0527,1143761.1105857142,1143761.1105857142
2025-12-24,PRIMAPLA,INE573B01016,BSE,121.4,0.0,0.0,138.45,0.0,0.0,0.0,0.0,0.0,0.0,309.799,309.799,309.799
2025-12-26,RUSHIL,INE573K01025,NSE,22.81,60.91,4318913.83,7098.24072,57.882000000000005,56.910000000000004,56.910000000000004,4888599.13,4176704.5028571426,4176704.5028571426,7974.714898,6931.400448571428,6931.400448571428
2025-12-24,JAGAJITIND,INE574A01016,BSE,149.9,0.0,0.0,3215.83,0.0,0.0,0.0,0.0,0.0,0.0,2417.639333333333,2417.639333333333,2417.639333333333
2025-12-24,GVBL,INE574D01010,BSE,23.6,0.0,0.0,24.828,0.0,0.0,0.0,0.0,0.0,0.0,64.61933333333333,64.61933333333333,64.61933333333333
2025-12-24,VASUPRADA,INE574G01013,BSE,112.3,0.0,0.0,1.123,0.0,0.0,0.0,0.0,0.0,0.0,33.247,33.247,33.247
2025-12-24,SUPERIOR,INE574R01028,BSE,1.35,0.0,0.0,10.682,0.0,0.0,0.0,0.0,0.0,0.0,12.293,12.293,12.293
2025-12-26,INTLCONV,INE575C01027,NSE,92.15,61.74,4079480.5000000005,6627.17804,58.788,64.49285714285715,64.49285714285715,3522558.6620000005,3521401.331428572,3521401.331428572,6715.854927999999,6076.106854285715,6076.106854285715
2025-12-24,DANUBE,INE575D01041,BSE,6.11,0.0,0.0,1561.016,0.0,0.0,0.0,0.0,0.0,0.0,876.294,876.294,876.294
2025-12-24,RATHIBAR,INE575I01016,BSE,25.23,0.0,0.0,384.183,0.0,0.0,0.0,0.0,0.0,0.0,241.39066666666668,241.39066666666668,241.39066666666668
2025-12-26,STARHEALTH,INE575P01011,NSE,443.5,50.44,88707539.5,177686.34709999998,57.6,59.57714285714285,59.57714285714285,76762189.49000001,100959535.14285715,100959535.14285715,127503.95414,163016.83049999998,163016.83049999998
2025-12-24,ATHENAGLO,INE576B01019,BSE,89.82,0.0,0.0,1333.109,0.0,0.0,0.0,0.0,0.0,0.0,1467.4993333333332,1467.4993333333332,1467.4993333333332
2025-12-24,UNJHAFOR,INE576D01015,BSE,25.19,0.0,0.0,2.575,0.0,0.0,0.0,0.0,0.0,0.0,25.64166666666667,25.64166666666667,25.64166666666667
2025-12-26,JKIL,INE576I01022,NSE,576.5,42.42,7220662.5,17031.65645,57.339999999999996,57.262857142857136,57.262857142857136,30567535.419999998,31117249.42857143,31117249.42857143,51310.52311,52801.42576428572,52801.42576428572
2025-12-24,RADIXIND,INE576N01014,BSE,182.35,0.0,0.0,3.828,0.0,0.0,0.0,0.0,0.0,0.0,9.979,9.979,9.979
2025-12-26,LXCHEM,INE576O01020,NSE,167.4,58.19,25490835.0,44172.55939,54.141999999999996,55.104285714285716,55.104285714285716,39413838.901999995,37752141.398571424,37752141.398571424,66789.007652,64018.28502714286,64018.28502714286
2025-12-26,MUNJALSHOW,INE577A01027,NSE,125.18,51.31,1403267.8,2743.49544,64.19399999999999,65.77857142857142,65.77857142857142,1453560.794,1365445.5328571429,1365445.5328571429,2233.395076,2060.62415,2060.62415
2025-12-24,JYOTIRES,INE577D01013,BSE,1122.8,0.0,0.0,5392.359,0.0,0.0,0.0,0.0,0.0,0.0,9162.163999999999,9162.163999999999,9162.163999999999
2025-12-26,STEL,INE577L01016,NSE,513.6,42.92,1382611.2,3241.9535499999997,57.968,58.44428571428572,58.44428571428572,2205807.2,4434901.121428571,4434901.121428571,4063.13345,7603.595,7603.595
2025-12-26,HEIDELBERG,INE578A01017,NSE,173.62,55.08,7235092.640000001,13115.2894,56.102,58.50857142857143,58.50857142857143,7897863.194,7424197.514285714,7424197.514285714,13963.165684000001,12719.805462857143,12719.805462857143
2025-12-24,ACCEDERE,INE578B01015,BSE,83.65,0.0,0.0,6.463,0.0,0.0,0.0,0.0,0.0,0.0,15.547666666666665,15.547666666666665,15.547666666666665
2025-12-24,TPINDIA,INE578C01021,BSE,15.93,0.0,0.0,177.202,0.0,0.0,0.0,0.0,0.0,0.0,29.705000000000002,29.705000000000002,29.705000000000002
2025-12-24,ADHBHUTIN,INE578L01014,BSE,16.92,0.0,0.0,5.59,0.0,0.0,0.0,0.0,0.0,0.0,13.612666666666668,13.612666666666668,13.612666666666668
2025-12-24,GRAMEVA,INE578R01011,BSE,53.54,0.0,0.0,3.893,0.0,0.0,0.0,0.0,0.0,0.0,11.886333333333333,11.886333333333333,11.886333333333333
2025-12-24,GUJHYSPIN,INE578V01013,BSE,14.39,0.0,0.0,215.85,0.0,0.0,0.0,0.0,0.0,0.0,215.85,215.85,215.85
2025-12-24,ELPROINTL,INE579B01039,BSE,86.83,0.0,0.0,2976.447,0.0,0.0,0.0,0.0,0.0,0.0,16061.147333333332,16061.147333333332,16061.147333333332
2025-12-26,VIMTALABS,INE579C01029,NSE,611.05,41.59,17944094.299999997,43406.14455,35.406,35.364285714285714,35.364285714285714,35181437.8,33567988.22142857,33567988.22142857,105387.57134,100026.34481428571,100026.34481428571
2025-12-24,SITAENT,INE579D01019,BSE,140.9,0.0,0.0,142.946,0.0,0.0,0.0,0.0,0.0,0.0,367.609,367.609,367.609
2025-12-24,SAMSRITA,INE579N01018,BSE,23.26,0.0,0.0,8.653,0.0,0.0,0.0,0.0,0.0,0.0,12.219,12.219,12.219
2025-12-24,STARLOG,INE580C01019,BSE,37.83,0.0,0.0,164.184,0.0,0.0,0.0,0.0,0.0,0.0,114.507,114.507,114.507
2025-12-19,GLANCE,INE580D01017,BSE,199.0,0.0,0.0,0.199,0.0,0.0,0.0,0.0,0.0,0.0,0.199,0.199,0.199
2025-12-24,KMFBLDR,INE580H01026,BSE,6.29,0.0,0.0,4.521,0.0,0.0,0.0,0.0,0.0,0.0,2.0420000000000003,2.0420000000000003,2.0420000000000003
2025-12-23,JSLINDL,INE581L01018,BSE,1076.4,0.0,0.0,3.229,0.0,0.0,0.0,0.0,0.0,0.0,8.186,8.186,8.186
2025-12-24,VINAYAKPOL,INE581M01016,BSE,28.5,0.0,0.0,3.204,0.0,0.0,0.0,0.0,0.0,0.0,4.610333333333333,4.610333333333333,4.610333333333333
2025-12-24,JAGSONSER,INE582C01015,BSE,55.1,0.0,0.0,90.58,0.0,0.0,0.0,0.0,0.0,0.0,58.39533333333333,58.39533333333333,58.39533333333333
2025-12-24,RISHIROOP,INE582D01013,BSE,103.0,0.0,0.0,422.533,0.0,0.0,0.0,0.0,0.0,0.0,209.41599999999997,209.41599999999997,209.41599999999997
2025-12-26,SANDESH,INE583B01015,NSE,1063.2,79.82,963259.2000000001,1210.4316000000001,78.236,77.9742857142857,77.9742857142857,286360.88,476860.2571428571,476860.2571428571,367.58602,616.2780857142858,616.2780857142858
2025-12-26,DECCANCE,INE583C01021,NSE,762.75,51.62,14239017.0,27655.31515,60.686,54.637142857142855,54.637142857142855,9897064.459999999,11281986.764285713,11281986.764285713,16325.633600000001,22673.12240714286,22673.12240714286
2025-12-26,UGROCAP,INE583D01011,NSE,171.58,55.85,15701972.120000001,28157.00781,58.681999999999995,56.93714285714286,56.93714285714286,12611068.684000002,12745450.554285716,12745450.554285716,21802.737804000004,22795.34233571429,22795.34233571429
2025-12-26,PRITIKAUTO,INE583R01029,NSE,13.81,57.95,9103800.58,15977.87493,70.25399999999999,71.08285714285714,71.08285714285714,2668323.356,2337640.887142857,2337640.887142857,3813.3191739999993,3316.469951428571,3316.469951428571
2025-12-26,RADHIKAJWE,INE583V01021,NSE,76.73,37.49,7347511.340000001,19874.57936,42.20399999999999,45.93142857142857,45.93142857142857,7854271.282,7143232.1528571425,7143232.1528571425,20312.600226,17315.554397142856,17315.554397142856
2025-12-26,NMDC,INE584A01023,NSE,82.61,41.31,890811304.35,2156306.8541,47.382000000000005,46.61,46.61,999973741.6120001,813391542.3614285,813391542.3614285,2266976.018208,1841166.9058928571,1841166.9058928571
2025-12-24,SAINIK,INE584B01013,BSE,40.91,0.0,0.0,21.678,0.0,0.0,0.0,0.0,0.0,0.0,47.97733333333333,47.97733333333333,47.97733333333333
2025-12-24,JJFINCOR,INE584C01011,BSE,39.2,0.0,0.0,219.159,0.0,0.0,0.0,0.0,0.0,0.0,181.14366666666663,181.14366666666663,181.14366666666663
2025-12-24,SUNCITYSY,INE584D01019,BSE,13.06,0.0,0.0,4.715,0.0,0.0,0.0,0.0,0.0,0.0,6.863333333333333,6.863333333333333,6.863333333333333
2025-12-26,MANGALAM,INE584F01014,NSE,23.78,67.46,1053929.6,1557.22385,71.40400000000001,70.82428571428572,70.82428571428572,1322767.472,1216835.2614285715,1216835.2614285715,1806.025564,1676.5283085714286,1676.5283085714286
2025-12-24,SOLIDSTON,INE584G01012,BSE,28.46,0.0,0.0,32.008,0.0,0.0,0.0,0.0,0.0,0.0,145.54466666666667,145.54466666666667,145.54466666666667
2025-12-24,NAPEROL,INE585A01020,BSE,716.25,0.0,0.0,520.263,0.0,0.0,0.0,0.0,0.0,0.0,518.6536666666667,518.6536666666667,518.6536666666667
2025-12-26,MARUTI,INE585B01010,NSE,16596.0,69.32,2449519812.0,3533305.925,69.01,69.13571428571429,69.13571428571429,3048906349.0,2860732052.428571,2860732052.428571,4359414.3766,4082590.6745714284,4082590.6745714284
2025-12-26,TAJGVK,INE586B01026,NSE,429.8,47.41,158124709.4,330701.13805,40.492,41.15714285714285,41.15714285714285,72451828.56,56842708.60714286,56842708.60714286,241006.23952999996,183708.53060714286,183708.53060714286
2025-12-24,IWP,INE586E01020,BSE,38.26,0.0,0.0,307.322,0.0,0.0,0.0,0.0,0.0,0.0,376.49166666666673,376.49166666666673,376.49166666666673
2025-12-26,GULFPETRO,INE586G01017,NSE,35.68,72.88,879476.32,1202.44684,61.470000000000006,60.49000000000001,60.49000000000001,791468.246,767357.1900000001,767357.1900000001,1279.226202,1262.3887900000002,1262.3887900000002
2025-12-26,TCIEXP,INE586V01016,NSE,580.25,44.74,2090640.75,4695.86935,50.17,50.401428571428575,50.401428571428575,2948704.9299999992,2998796.428571428,2998796.428571428,5903.87988,5953.058592857144,5953.058592857144
2025-12-26,GTECJAINX,INE586X01012,NSE,24.0,76.75,86616.0,112.80914999999999,66.18199999999999,63.62142857142857,63.62142857142857,135508.71600000001,350553.7157142857,350553.7157142857,204.035568,597.2334242857142,597.2334242857142
2025-12-26,KAYA,INE587G01015,NSE,410.1,69.05,1649012.1,2373.6635499999998,51.436,62.82714285714286,62.82714285714286,4036292.2099999995,6541017.05,6541017.05,8400.957490000003,9753.664542857146,9753.664542857146
2025-12-24,CROISSANCE,INE587J01027,BSE,4.09,0.0,0.0,3379.396,0.0,0.0,0.0,0.0,0.0,0.0,2746.0320000000006,2746.0320000000006,2746.0320000000006
2025-12-17,ARISINT,INE588E01026,BSE,331.6,0.0,0.0,5.968,0.0,0.0,0.0,0.0,0.0,0.0,5.968,5.968,5.968
2025-12-24,MLKFOOD,INE588G01021,BSE,61.44,0.0,0.0,191.293,0.0,0.0,0.0,0.0,0.0,0.0,229.50966666666667,229.50966666666667,229.50966666666667
2025-12-26,NLCINDIA,INE589A01014,NSE,249.93,33.25,145709190.0,443310.64555,43.942,47.43,47.43,126548807.99000001,125890958.95857143,125890958.95857143,278183.289676,261389.6807942857,261389.6807942857
2025-12-24,DHINDIA,INE589D01018,BSE,157.4,0.0,0.0,871.336,0.0,0.0,0.0,0.0,0.0,0.0,2206.854333333333,2206.854333333333,2206.854333333333
2025-12-24,SANTETX,INE589J01015,BSE,140.75,0.0,0.0,117.824,0.0,0.0,0.0,0.0,0.0,0.0,449.3056666666667,449.3056666666667,449.3056666666667
2025-12-24,FILTRON,INE589N01017,BSE,84.8,0.0,0.0,104.304,0.0,0.0,0.0,0.0,0.0,0.0,28.513,28.513,28.513
2025-12-24,GARNETINT,INE590B01010,BSE,50.95,0.0,0.0,518.962,0.0,0.0,0.0,0.0,0.0,0.0,833.7696666666667,833.7696666666667,833.7696666666667
2025-12-24,DHPIND,INE590D01016,BSE,558.0,0.0,0.0,17.317,0.0,0.0,0.0,0.0,0.0,0.0,301.265,301.265,301.265
2025-12-26,VASWANI,INE590L01019,NSE,60.41,44.22,780799.25,1761.98384,44.60600000000001,43.58428571428572,43.58428571428572,2203028.668,3282082.444285714,3282082.444285714,5663.617469999999,9387.127257142856,9387.127257142856
2025-12-26,OILCOUNTUB,INE591A01010,NSE,62.35,63.55,488886.35000000003,775.14859,60.798,63.385714285714286,63.385714285714286,800910.558,942278.54,942278.54,1421.174552,1557.9660585714284,1557.9660585714284
2025-12-26,DIAMINESQ,INE591D01014,NSE,258.0,77.32,1931130.0,2507.54185,76.22400000000002,73.69285714285715,73.69285714285715,608323.47,528577.2214285715,528577.2214285715,795.17673,706.9753785714286,706.9753785714286
2025-12-26,COFORGE,INE591G01025,NSE,1673.3,46.82,3338867680.7,7183204.2885,48.558,47.44571428571429,47.44571428571429,1750301852.1,1434062260.6857142,1434062260.6857142,3727088.34318,3071361.0834571426,3071361.0834571426
2025-12-26,ORIENTPPR,INE592A01026,NSE,22.86,61.64,2187313.38,3585.10313,56.266,60.22428571428571,60.22428571428571,1861418.7140000002,2446142.185714286,2446142.185714286,3302.8915779999998,3919.695307142857,3919.695307142857
2025-12-26,TTL,INE592B01024,NSE,8.52,79.42,205417.19999999998,258.43206,67.64,64.25714285714285,64.25714285714285,536007.9060000001,507323.6585714286,507323.6585714286,783.651656,807.7124299999999,807.7124299999999
2025-12-24,KHYATI,INE593B01030,BSE,2.83,0.0,0.0,10.366,0.0,0.0,0.0,0.0,0.0,0.0,24.752000000000006,24.752000000000006,24.752000000000006
2025-12-24,JAUSPOL,INE593O01017,BSE,7.66,0.0,0.0,8.418,0.0,0.0,0.0,0.0,0.0,0.0,0.5175,0.5175,0.5175
2025-12-26,BSL,INE594B01012,NSE,157.19,29.42,619485.79,2087.0300700000003,35.108,39.10285714285714,39.10285714285714,619512.618,733257.8542857142,733257.8542857142,2036.3865959999998,2072.265911428571,2072.265911428571
2025-12-24,ELANGO,INE594D01018,BSE,13.53,0.0,0.0,5.642,0.0,0.0,0.0,0.0,0.0,0.0,10.143666666666666,10.143666666666666,10.143666666666666
2025-12-26,THYROCARE,INE594H01019,NSE,460.55,35.81,54834004.1,153390.653,39.75600000000001,37.22571428571429,37.22571428571429,47208531.970000006,60620725.321428575,60620725.321428575,118050.61068,195765.00019999998,195765.00019999998
2025-12-24,KUBERJI,INE594R01018,BSE,13.93,0.0,0.0,45.364,0.0,0.0,0.0,0.0,0.0,0.0,37.01433333333333,37.01433333333333,37.01433333333333
2025-12-24,TEXELIN,INE594V01028,BSE,82.91,0.0,0.0,1137.474,0.0,0.0,0.0,0.0,0.0,0.0,1820.7210000000002,1820.7210000000002,1820.7210000000002
2025-12-24,STARLENT,INE594W01042,BSE,3.08,0.0,0.0,1261.483,0.0,0.0,0.0,0.0,0.0,0.0,2807.922,2807.922,2807.922
2025-12-24,GOLCA,INE595D01015,BSE,9.46,0.0,0.0,8.458,0.0,0.0,0.0,0.0,0.0,0.0,0.5735,0.5735,0.5735
2025-12-19,SWRNASE,INE595G01018,BSE,79.0,0.0,0.0,0.397,0.0,0.0,0.0,0.0,0.0,0.0,2.156,2.156,2.156
2025-12-24,EASTWEST,INE595R01023,BSE,3.61,0.0,0.0,199.542,0.0,0.0,0.0,0.0,0.0,0.0,154.20133333333334,154.20133333333334,154.20133333333334
2025-12-24,MUKESHB,INE596B01017,BSE,112.8,0.0,0.0,63.899,0.0,0.0,0.0,0.0,0.0,0.0,101.60166666666667,101.60166666666667,101.60166666666667
2025-12-26,PTCIL,INE596F01018,NSE,18675.0,40.04,97857000.0,241453.475,30.635999999999996,31.917142857142853,31.917142857142853,102625038.2,101953542.0,101953542.0,346710.5608,328525.0342857143,328525.0342857143
2025-12-26,HGM,INE596H01014,NSE,69.09,75.33,147023.52000000002,197.50853,52.038,51.278571428571425,51.278571428571425,177472.928,194238.0342857143,194238.0342857143,342.392498,383.14959142857145,383.14959142857145
2025-12-26,CAMS,INE596I01020,NSE,748.8,41.02,222699110.39999998,546388.3455,38.773999999999994,40.85142857142857,40.85142857142857,304133471.6,277858387.05714285,277858387.05714285,829542.52644,725987.3347285715,725987.3347285715
2025-12-24,HINDBIO,INE597C01021,BSE,5.39,0.0,0.0,20.927,0.0,0.0,0.0,0.0,0.0,0.0,30.649666666666665,30.649666666666665,30.649666666666665
2025-12-26,SHARDAMOTR,INE597I01028,NSE,939.85,54.86,6260340.850000001,11471.48775,54.556,58.185714285714276,58.185714285714276,9884016.790000001,12684319.15,12684319.15,18149.5419,21212.15379285714,21212.15379285714
2025-12-26,SHALBY,INE597J01018,NSE,200.25,60.33,8114130.0,13466.48933,51.620000000000005,56.011428571428574,56.011428571428574,21417005.256,20320058.654285718,20320058.654285718,41170.639694,37112.69653857143,37112.69653857143
2025-12-26,LOVABLE,INE597L01014,NSE,80.83,82.79,565890.83,686.23471,50.4,46.67857142857143,46.67857142857143,412044.852,441272.13428571436,441272.13428571436,833.889336,990.21547,990.21547
2025-12-26,HISARMETAL,INE598C01011,NSE,160.31,80.82,133057.3,166.17748,78.688,77.27714285714286,77.27714285714286,625646.0599999999,515353.99428571423,515353.99428571423,872.6497340000002,714.4825271428573,714.4825271428573
2025-12-24,ALGOQUANT,INE598D01035,BSE,58.87,0.0,0.0,1209.956,0.0,0.0,0.0,0.0,0.0,0.0,1070.4983333333332,1070.4983333333332,1070.4983333333332
2025-12-24,MORGANITE,INE599F01020,BSE,1554.5,0.0,0.0,7099.925,0.0,0.0,0.0,0.0,0.0,0.0,1430.265,1430.265,1430.265
2025-12-26,JUSTDIAL,INE599M01018,NSE,722.6,43.85,12685243.0,28998.622600000002,40.65,42.347142857142856,42.347142857142856,21521372.96,20934763.42142857,20934763.42142857,54036.64495999999,50902.28923571428,50902.28923571428
2025-12-26,PILITA,INE600A01035,NSE,10.47,75.53,365549.58,482.753,79.304,78.38,78.38,388628.31,459057.67,459057.67,484.88859,583.5849542857143,583.5849542857143
2025-12-24,FILME,INE600B01033,BSE,1.99,0.0,0.0,6.132,0.0,0.0,0.0,0.0,0.0,0.0,22.271,22.271,22.271
2025-12-24,PFLINFOTC,INE600F01018,BSE,8.34,0.0,0.0,8.511,0.0,0.0,0.0,0.0,0.0,0.0,42.215333333333334,42.215333333333334,42.215333333333334
2025-12-26,GALAXYSURF,INE600K01018,NSE,2054.0,48.39,6303726.0,12986.260900000001,56.04200000000001,59.99000000000001,59.99000000000001,11579943.239999998,12926059.228571428,12926059.228571428,20692.55558,21423.28184285714,21423.28184285714
2025-12-26,LALPATHLAB,INE600L01024,NSE,1404.5,54.15,176702954.0,327371.0331,64.01199999999999,65.61285714285714,65.61285714285714,330315246.2,343147378.94285715,343147378.94285715,509472.83122000005,514973.9432285715,514973.9432285715
2025-12-26,DYCL,INE600Y01019,NSE,336.95,54.15,12351913.1,22886.755,46.766000000000005,49.09428571428572,49.09428571428572,16888548.8,15455984.5,15455984.5,37034.91282,32573.244207142856,32573.244207142856
2025-12-24,TEAM24,INE601A01017,BSE,27.84,0.0,0.0,101.194,0.0,0.0,0.0,0.0,0.0,0.0,183.996,183.996,183.996
2025-12-24,AJANTSOY,INE601B01023,BSE,29.23,0.0,0.0,1472.347,0.0,0.0,0.0,0.0,0.0,0.0,569.8063333333333,569.8063333333333,569.8063333333333
2025-12-24,ENVAIREL,INE601C01013,BSE,74.9,0.0,0.0,22.845,0.0,0.0,0.0,0.0,0.0,0.0,11.749666666666668,11.749666666666668,11.749666666666668
2025-12-24,EPSOMPRO,INE601F01016,BSE,6.87,0.0,0.0,0.728,0.0,0.0,0.0,0.0,0.0,0.0,8.033,8.033,8.033
2025-12-24,RGRL,INE601N01010,BSE,1.74,0.0,0.0,95.377,0.0,0.0,0.0,0.0,0.0,0.0,375.49,375.49,375.49
2025-12-19,91TCAPPERP,INE601U08242,BSE,1045000.0,0.0,0.0,1045.0,0.0,0.0,0.0,0.0,0.0,0.0,1045.0,1045.0,1045.0
2025-12-26,PCBL,INE602A01031,NSE,304.25,48.27,85367986.25,177979.90034999998,49.50600000000001,50.21142857142858,50.21142857142858,111382183.82000001,91827800.13571429,91827800.13571429,246587.23353,200581.47281428572,200581.47281428572
2025-12-24,KJMCCORP,INE602C01011,BSE,57.9,0.0,0.0,150.396,0.0,0.0,0.0,0.0,0.0,0.0,59.78966666666667,59.78966666666667,59.78966666666667
2025-12-24,SANBLUE,INE602D01027,BSE,46.1,0.0,0.0,0.465,0.0,0.0,0.0,0.0,0.0,0.0,2.4086666666666665,2.4086666666666665,2.4086666666666665
2025-12-26,KITEX,INE602G01020,NSE,183.51,43.38,28829788.02,66297.8243,43.604,44.595714285714294,44.595714285714294,35098820.988,42963694.101428576,42963694.101428576,83143.53842799999,97751.74557857143,97751.74557857143
2025-12-24,UNRYLMA,INE602H01010,BSE,15.97,0.0,0.0,24.552,0.0,0.0,0.0,0.0,0.0,0.0,10.746666666666668,10.746666666666668,10.746666666666668
2025-12-26,SENCO,INE602W01027,NSE,320.25,45.18,28213064.25,62399.05155,50.99399999999999,51.185714285714276,51.185714285714276,56944335.57000001,62062290.171428576,62062290.171428576,111951.21667,120932.75774999999,120932.75774999999
2025-12-26,PRAKASH,INE603A01013,NSE,136.92,80.19,99718014.47999999,124429.46392,59.11,61.64999999999999,61.64999999999999,54107833.664,48729565.40285714,48729565.40285714,93649.448746,81776.16717714285,81776.16717714285
2025-12-17,VEGA,INE603D01017,BSE,193.3,0.0,0.0,0.386,0.0,0.0,0.0,0.0,0.0,0.0,0.386,0.386,0.386
2025-12-24,NARPROP,INE603F01012,BSE,36.87,0.0,0.0,15.587,0.0,0.0,0.0,0.0,0.0,0.0,2.398,2.398,2.398
2025-12-26,PIIND,INE603J01030,NSE,3235.1,42.64,211649947.29999998,497568.4988,54.314,54.511428571428574,54.511428571428574,258929188.06000003,286446475.3714286,286446475.3714286,458876.51578,511157.2385,511157.2385
2025-12-24,PASARI,INE604F01010,BSE,7.32,0.0,0.0,8.362,0.0,0.0,0.0,0.0,0.0,0.0,8.175333333333334,8.175333333333334,8.175333333333334
2025-12-24,NEAGI,INE605D01012,BSE,3552.05,0.0,0.0,64.779,0.0,0.0,0.0,0.0,0.0,0.0,55.8815,55.8815,55.8815
2025-12-26,AMJLAND,INE606A01024,NSE,50.24,83.07,872518.0800000001,1053.5488799999998,80.694,79.86,79.86,717296.292,772343.0542857143,772343.0542857143,900.4151260000001,956.0455742857145,956.0455742857145
2025-12-24,NLFL,INE606C01012,BSE,47.79,0.0,0.0,1.514,0.0,0.0,0.0,0.0,0.0,0.0,13.698666666666668,13.698666666666668,13.698666666666668
2025-12-24,SRESTHA,INE606K01049,BSE,0.32,0.0,0.0,1087.943,0.0,0.0,0.0,0.0,0.0,0.0,1194.412,1194.412,1194.412
2025-12-26,EXCELSOFT,INE606N01019,NSE,88.14,23.56,27937823.94,118207.27824,18.798,19.31714285714286,19.31714285714286,44076026.884,56476672.09285714,56476672.09285714,250947.843874,302077.85932428576,302077.85932428576
2025-12-26,PRIMO,INE607A01022,NSE,24.17,62.35,1780096.33,2835.11718,66.474,69.17999999999999,69.17999999999999,1289416.55,1276068.4957142856,1276068.4957142856,1936.8071259999997,1829.8771171428568,1829.8771171428568
2025-12-24,COMPUPN,INE607B01012,BSE,4.51,0.0,0.0,49.194,0.0,0.0,0.0,0.0,0.0,0.0,49.13666666666666,49.13666666666666,49.13666666666666
2025-12-26,ORIENTBELL,INE607D01018,NSE,268.1,73.3,438611.60000000003,596.95055,69.47,68.80714285714286,68.80714285714286,915252.64,841107.4785714286,841107.4785714286,1382.0037200000002,1333.3329642857145,1333.3329642857145
2025-12-24,SAMYAKINT,INE607G01011,BSE,23.28,0.0,0.0,55.249,0.0,0.0,0.0,0.0,0.0,0.0,50.82266666666667,50.82266666666667,50.82266666666667
2025-12-24,VSL,INE607V01028,BSE,8.12,0.0,0.0,309.336,0.0,0.0,0.0,0.0,0.0,0.0,207.90033333333335,207.90033333333335,207.90033333333335
2025-12-26,PSB,INE608A01012,NSE,26.84,47.06,9403394.0,20010.63757,50.23800000000001,51.589999999999996,51.589999999999996,21635726.446000002,21048060.169999998,21048060.169999998,41267.906062,39674.30661571429,39674.30661571429
2025-12-24,CRANEX,INE608B01010,BSE,66.32,0.0,0.0,192.849,0.0,0.0,0.0,0.0,0.0,0.0,104.61333333333334,104.61333333333334,104.61333333333334
2025-12-24,NOVIS,INE608C01026,BSE,13.1,0.0,0.0,11.151,0.0,0.0,0.0,0.0,0.0,0.0,45.046,45.046,45.046
2025-12-24,PUNJCOMMU,INE609A01010,BSE,61.7,0.0,0.0,36.4,0.0,0.0,0.0,0.0,0.0,0.0,161.672,161.672,161.672
2025-12-24,1STCUS,INE609B01018,BSE,84.55,0.0,0.0,37.367,0.0,0.0,0.0,0.0,0.0,0.0,20.824666666666666,20.824666666666666,20.824666666666666
2025-12-26,ORIENTLTD,INE609C01024,NSE,77.8,78.42,64729.6,83.08799,72.00399999999999,72.58,72.58,79799.75200000001,87925.73142857142,87925.73142857142,140.40259199999997,145.53916285714283,145.53916285714283
2025-12-24,RAMSONS,INE609D01014,BSE,134.9,0.0,0.0,386.944,0.0,0.0,0.0,0.0,0.0,0.0,588.8586666666666,588.8586666666666,588.8586666666666
2025-12-26,ARENTERP,INE610C01014,NSE,46.87,68.14,20950.89,31.07984,74.604,70.04142857142857,70.04142857142857,104785.57999999999,101002.64285714286,101002.64285714286,134.516618,149.6574914285714,149.6574914285714
2025-12-26,RSWM,INE611A01016,NSE,149.59,79.92,2768611.72,3480.52076,72.27000000000001,73.67428571428572,73.67428571428572,1779611.7940000002,1636392.275714286,1636392.275714286,2459.179986,2188.02347,2188.02347
2025-12-24,IMEC,INE611C01020,BSE,284.05,0.0,0.0,1918.124,0.0,0.0,0.0,0.0,0.0,0.0,2178.7193333333335,2178.7193333333335,2178.7193333333335
2025-12-26,INDTERRAIN,INE611L01021,NSE,34.7,57.09,503080.60000000003,880.5270899999999,67.328,70.55571428571429,70.55571428571429,273197.05,366833.95,366833.95,397.07185799999996,502.92653,502.92653
2025-12-17,SANTOSHF,INE612D01018,BSE,22.16,0.0,0.0,13.64,0.0,0.0,0.0,0.0,0.0,0.0,13.64,13.64,13.64
2025-12-26,REPCOHOME,INE612J01015,NSE,408.25,53.47,42265714.25,79711.0555,54.967999999999996,63.11857142857143,63.11857142857143,11842389.77,25085721.34285714,25085721.34285714,21223.538930000002,34973.83185714286,34973.83185714286
2025-12-26,RALLIS,INE613A01020,NSE,276.25,44.22,53650788.75,120835.0775,52.762,50.660000000000004,50.660000000000004,71493205.61999999,77626206.55714285,77626206.55714285,134615.85556,158865.95710000003,158865.95710000003
2025-12-26,ICDSLTD,INE613B01010,NSE,43.63,68.27,34642.22,50.464169999999996,54.336,57.24857142857143,57.24857142857143,28551.474,24393.12142857143,24393.12142857143,57.27395800000001,47.174442857142864,47.174442857142864
2025-12-26,MCLOUD,INE613C01026,NSE,26.25,31.22,19258785.0,61887.723840000006,46.26800000000001,44.401428571428575,44.401428571428575,30811813.389999997,38495245.01857143,38495245.01857143,67516.32191,99772.80675857143,99772.80675857143
2025-12-26,RAMCOIND,INE614A01028,NSE,316.35,64.73,8726831.100000001,13647.922349999999,51.976,51.05857142857143,51.05857142857143,11089415.96,9375174.485714285,9375174.485714285,22014.55255,18677.92377857143,18677.92377857143
2025-12-26,KTKBANK,INE614B01018,NSE,202.29,66.35,237656765.28,360112.51035,46.102,48.41142857142857,48.41142857142857,256507621.146,344709847.7771429,344709847.7771429,564147.802164,716195.8593228571,716195.8593228571
2025-12-24,MFSINTRCRP,INE614F01019,BSE,16.24,0.0,0.0,303.857,0.0,0.0,0.0,0.0,0.0,0.0,58.099000000000004,58.099000000000004,58.099000000000004
2025-12-26,RPOWER,INE614G01033,NSE,36.54,34.8,636368106.78,1877252.72552,24.755999999999997,24.04428571428571,24.04428571428571,791649791.1040001,734785011.2028573,734785011.2028573,3349371.2607859997,3303975.2845899994,3303975.2845899994
2025-12-24,RAVALSUGAR,INE615A01025,BSE,950.0,0.0,0.0,8.613,0.0,0.0,0.0,0.0,0.0,0.0,11.266666666666666,11.266666666666666,11.266666666666666
2025-12-26,TITAGARH,INE615H01020,NSE,897.75,18.02,949255713.0,5244406.16345,18.014,22.875714285714285,22.875714285714285,295066532.05,248264871.19285712,248264871.19285712,1693599.7819200002,1314255.1703,1314255.1703
2025-12-26,GLOBUSSPR,INE615I01010,NSE,980.0,52.22,16631580.0,31968.3672,45.248000000000005,44.07714285714286,44.07714285714286,11788558.42,13202597.442857143,13202597.442857143,26104.352040000005,30031.306471428572,30031.306471428572
2025-12-26,QUESS,INE615P01015,NSE,212.32,51.02,15237144.799999999,30222.51767,52.98599999999999,55.00999999999999,55.00999999999999,48438546.564,43617127.851428576,43617127.851428576,90989.67922600001,79840.78996857142,79840.78996857142
2025-12-26,TRU,INE615R01029,NSE,7.91,79.76,383350.24,485.47638,64.092,65.16857142857143,65.16857142857143,978850.172,918133.4485714287,918133.4485714287,1511.85152,1408.7844814285713,1408.7844814285713
2025-12-24,RSDFIN,INE616F01022,BSE,88.68,0.0,0.0,676.721,0.0,0.0,0.0,0.0,0.0,0.0,104.81700000000001,104.81700000000001,104.81700000000001
2025-12-26,INOXINDIA,INE616N01034,NSE,1089.4,50.76,18639634.0,37004.21720000001,64.772,64.09857142857143,64.09857142857143,28636201.26,27011503.64285714,27011503.64285714,43656.77026,41657.61328571428,41657.61328571428
2025-12-26,YASHO,INE616Z01012,NSE,1455.6,49.52,2727794.4,5493.8557,54.16399999999999,56.15999999999999,56.15999999999999,4296091.12,8961756.985714285,8961756.985714285,8448.76252,15605.207542857142,15605.207542857142
2025-12-26,SEMAC,INE617A01013,NSE,297.55,84.5,389195.4,459.24615,75.23400000000001,75.95714285714287,75.95714285714287,218076.08000000002,360562.17857142864,360562.17857142864,283.78475,486.63104285714286,486.63104285714286
2025-12-24,MODAIRY,INE617B01011,BSE,39.47,0.0,0.0,524.404,0.0,0.0,0.0,0.0,0.0,0.0,1397.2716666666668,1397.2716666666668,1397.2716666666668
2025-12-24,ROYALCU,INE618A01011,BSE,19.38,0.0,0.0,429.789,0.0,0.0,0.0,0.0,0.0,0.0,555.2333333333333,555.2333333333333,555.2333333333333
2025-12-24,SUDAI,INE618D01015,BSE,69.47,0.0,0.0,147.353,0.0,0.0,0.0,0.0,0.0,0.0,59.76500000000001,59.76500000000001,59.76500000000001
2025-12-26,5PAISA,INE618L01018,NSE,337.9,29.28,13995480.1,48093.04525,33.748000000000005,37.74,37.74,19502661.83,15555136.078571426,15555136.078571426,166061.51351999998,122013.01362857141,122013.01362857141
2025-12-26,BALAXI,INE618N01022,NSE,28.4,58.65,1571911.5999999999,2691.73275,56.604,56.70428571428572,56.70428571428572,2099335.644,2025494.734285714,2025494.734285714,4154.546317999999,3897.044885714285,3897.044885714285
2025-12-26,SGFIN,INE618R01015,NSE,406.3,47.86,19545874.1,40573.401,53.275999999999996,58.33857142857143,58.33857142857143,58229289.379999995,71723429.8,71723429.8,127850.60008999999,125986.02719285713,125986.02719285713
2025-12-26,PATANJALI,INE619A01035,NSE,546.55,40.69,90131560.49999999,221867.26725,36.708000000000006,39.85285714285715,39.85285714285715,480373270.89,833281777.3928572,833281777.3928572,1391143.0623599999,2012972.2961642859,2012972.2961642859
2025-12-26,NEWGEN,INE619B01017,NSE,838.7,57.13,72594517.2,127926.71,33.15400000000001,32.75428571428572,32.75428571428572,77094921.28,71950561.65714285,71950561.65714285,257792.21740999998,239944.9509785714,239944.9509785714
2025-12-26,A2ZINFRA,INE619I01012,NSE,17.63,73.17,4236682.93,5818.24152,71.75399999999999,73.16428571428571,73.16428571428571,3345514.052,2674854.8185714283,2674854.8185714283,4518.01434,3612.703701428571,3612.703701428571
2025-12-24,INDPRUD,INE620D01011,BSE,5549.9,0.0,0.0,1333.683,0.0,0.0,0.0,0.0,0.0,0.0,3354.34,3354.34,3354.34
2025-12-24,PRITHVIEXCH,INE621B01021,BSE,115.05,0.0,0.0,80.568,0.0,0.0,0.0,0.0,0.0,0.0,94.38,94.38,94.38
2025-12-24,GUJHOTE,INE621C01011,BSE,206.3,0.0,0.0,232.319,0.0,0.0,0.0,0.0,0.0,0.0,117.24466666666666,117.24466666666666,117.24466666666666
2025-12-26,RELIGARE,INE621H01010,NSE,247.84,70.6,79211151.04,112337.98083,62.436,62.87714285714286,62.87714285714286,160732936.66599998,134936822.11571425,134936822.11571425,254484.18557600002,212863.19775571427,212863.19775571427
2025-12-24,COLORCHIPS,INE621I01042,BSE,17.27,0.0,0.0,66.705,0.0,0.0,0.0,0.0,0.0,0.0,133.87633333333335,133.87633333333335,133.87633333333335
2025-12-26,TEXRAIL,INE621L01012,NSE,140.09,26.02,381952583.2,1469485.50423,34.784000000000006,35.08857142857143,35.08857142857143,172785765.05800003,131786016.81857145,131786016.81857145,539961.32001,409365.32826428575,409365.32826428575
2025-12-24,GAYATRI,INE622E01023,BSE,11.09,0.0,0.0,184.84,0.0,0.0,0.0,0.0,0.0,0.0,1137.3896666666667,1137.3896666666667,1137.3896666666667
2025-12-26,INDOFARM,INE622H01018,NSE,190.55,14.94,10336956.4,69217.56082,25.238,32.40714285714286,32.40714285714286,7451909.518000001,7103194.720000001,7103194.720000001,38745.253948,31375.68362142857,31375.68362142857
2025-12-24,MOBAVENUE,INE622Q01019,BSE,1211.35,0.0,0.0,7035.838,0.0,0.0,0.0,0.0,0.0,0.0,9464.402,9464.402,9464.402
2025-12-26,ACMESOLAR,INE622W01025,NSE,231.12,67.77,141953904.0,211944.39676,56.974000000000004,55.51571428571429,55.51571428571429,122395512.45,115891306.54571427,115891306.54571427,205134.88545800006,199999.45237285717,199999.45237285717
2025-12-26,SAKHTISUG,INE623A01011,NSE,19.0,65.77,1219515.0,1861.91976,64.59400000000001,67.92142857142858,67.92142857142858,954645.818,1118953.7642857141,1118953.7642857141,1505.372796,1620.2028614285716,1620.2028614285716
2025-12-19,STEP2COR,INE623D01015,BSE,35.68,0.0,0.0,0.142,0.0,0.0,0.0,0.0,0.0,0.0,23.301,23.301,23.301
2025-12-24,LYKISLTD,INE624M01014,BSE,43.74,0.0,0.0,1492.146,0.0,0.0,0.0,0.0,0.0,0.0,8724.149666666666,8724.149666666666,8724.149666666666
2025-12-26,SOLARA,INE624Z01016,NSE,560.05,54.02,15885818.249999998,29362.86205,46.733999999999995,47.224285714285706,47.224285714285706,15177600.809999999,13901772.907142857,13901772.907142857,32769.53703,29699.74677142857,29699.74677142857
2025-12-26,RANASUG,INE625B01014,NSE,12.43,64.97,1453887.38,2262.9913300000003,64.47,63.31142857142857,63.31142857142857,1658362.7799999998,1360306.0571428572,1360306.0571428572,3016.287074,2468.2801485714285,2468.2801485714285
2025-12-24,STANCAP,INE625D01028,BSE,0.57,0.0,0.0,5866.816,0.0,0.0,0.0,0.0,0.0,0.0,3873.675333333333,3873.675333333333,3873.675333333333
2025-12-26,WELENT,INE625G01013,NSE,505.8,59.02,24442279.2,41534.27355,58.410000000000004,60.86,60.86,20686777.630000003,20773194.521428574,20773194.521428574,34542.669,33639.9276,33639.9276
2025-12-26,SILVERTUC,INE625X01018,NSE,880.0,50.62,66185680.0,130732.0724,41.95,40.27285714285715,40.27285714285715,45069800.760000005,50371358.614285715,50371358.614285715,113278.57411,132199.95945714286,132199.95945714286
2025-12-26,SAURASHCEM,INE626A01014,NSE,80.81,52.57,2066634.94,3953.75379,52.85,54.13428571428572,54.13428571428572,4033882.69,4494587.411428572,4494587.411428572,7946.305376000001,8693.482727142858,8693.482727142858
2025-12-24,ZBINTXPP,INE626H01019,BSE,2596.15,0.0,0.0,14.864,0.0,0.0,0.0,0.0,0.0,0.0,16.3125,16.3125,16.3125
2025-12-26,HARDWYN,INE626Z01029,NSE,17.82,68.1,8340971.76,12170.806630000001,52.26400000000001,51.27857142857143,51.27857142857143,8077734.147999999,7431216.121428571,7431216.121428571,17572.100744000003,16014.20308857143,16014.20308857143
2025-12-24,ADARSHPL,INE627D01016,BSE,34.62,0.0,0.0,110.158,0.0,0.0,0.0,0.0,0.0,0.0,260.474,260.474,260.474
2025-12-24,CENLUB,INE627F01011,BSE,241.65,0.0,0.0,435.023,0.0,0.0,0.0,0.0,0.0,0.0,687.4826666666667,687.4826666666667,687.4826666666667
2025-12-26,CTE,INE627H01017,NSE,39.93,27.13,177329.13,655.1325899999999,36.022,35.75142857142857,35.75142857142857,398508.63,367812.99571428576,367812.99571428576,1079.7453420000002,1005.8322714285715,1005.8322714285715
2025-12-26,UPL,INE628A01036,NSE,774.05,66.02,754678624.6999999,1143525.6939,62.102,59.29857142857143,59.29857142857143,1677036873.56,1360083472.357143,1360083472.357143,2620267.8091200003,2179368.1192785716,2179368.1192785716
2025-12-24,OROSMITHS,INE628B01034,BSE,4.58,0.0,0.0,100.495,0.0,0.0,0.0,0.0,0.0,0.0,175.13766666666666,175.13766666666666,175.13766666666666
2025-12-24,THRIVE,INE628D01014,BSE,113.0,0.0,0.0,613.013,0.0,0.0,0.0,0.0,0.0,0.0,940.8523333333333,940.8523333333333,940.8523333333333
2025-12-24,RLF,INE629C01014,BSE,10.04,0.0,0.0,19.335,0.0,0.0,0.0,0.0,0.0,0.0,30.563333333333333,30.563333333333333,30.563333333333333
2025-12-26,BANSWRAS,INE629D01020,NSE,114.37,92.03,268197.65,290.34668,75.36,70.01285714285714,70.01285714285714,401968.79800000007,420628.6185714286,420628.6185714286,540.622974,623.5142557142857,623.5142557142857
2025-12-24,KALLAM,INE629F01025,BSE,3.54,0.0,0.0,95.147,0.0,0.0,0.0,0.0,0.0,0.0,71.02733333333335,71.02733333333335,71.02733333333335
2025-12-26,SESHAPAPER,INE630A01024,NSE,242.12,39.66,494651.16000000003,1244.59186,52.855999999999995,51.68,51.68,1042130.6600000001,975396.5071428573,975396.5071428573,1933.8269919999998,1867.3916814285712,1867.3916814285712
2025-12-24,BRIGHTBR,INE630D01010,BSE,260.25,0.0,0.0,344.158,0.0,0.0,0.0,0.0,0.0,0.0,280.461,280.461,280.461
2025-12-24,NCCBLUE,INE630N01019,BSE,23.0,0.0,0.0,36.708,0.0,0.0,0.0,0.0,0.0,0.0,17.201999999999998,17.201999999999998,17.201999999999998
2025-12-23,PADALPO,INE630U01014,BSE,16.49,0.0,0.0,21.077,0.0,0.0,0.0,0.0,0.0,0.0,6.3735,6.3735,6.3735
2025-12-26,MEDICO,INE630Y01024,NSE,52.73,59.43,3045526.61,5217.74731,65.396,64.60714285714286,64.60714285714286,11194032.602,8630158.937142858,8630158.937142858,16098.868764000003,12570.232201428573,12570.232201428573
2025-12-26,SHANTIGEAR,INE631A01022,NSE,470.25,69.52,1625654.25,2338.9445499999997,54.676,54.182857142857145,54.182857142857145,2302417.67,2915569.7642857144,2915569.7642857144,4176.1752400000005,5364.41495,5364.41495
2025-12-24,GGDPROP,INE631D01026,BSE,77.0,0.0,0.0,22.152,0.0,0.0,0.0,0.0,0.0,0.0,28.107333333333333,28.107333333333333,28.107333333333333
2025-12-24,SPICELOUNG,INE631E01024,BSE,48.47,0.0,0.0,2204.098,0.0,0.0,0.0,0.0,0.0,0.0,3666.906333333334,3666.906333333334,3666.906333333334
2025-12-24,MADHAVIPL,INE631R01026,BSE,10.8,0.0,0.0,1478.332,0.0,0.0,0.0,0.0,0.0,0.0,2156.672,2156.672,2156.672
2025-12-26,VIDHIING,INE632C01026,NSE,344.75,59.48,1150086.0,1925.76135,69.19199999999998,66.28142857142856,66.28142857142856,1713003.27,1449829.9428571428,1449829.9428571428,2448.6074799999997,2132.6834285714285,2132.6834285714285
2025-12-24,GSTL,INE632W01016,BSE,17.85,0.0,0.0,1053.37,0.0,0.0,0.0,0.0,0.0,0.0,538.679,538.679,538.679
2025-12-26,SHRENIK,INE632X01030,NSE,0.49,78.54,806696.7999999999,1034.72055,68.368,65.48142857142857,65.48142857142857,2528672.37,1905295.637142857,1905295.637142857,4328.315966,3265.984762857143,3265.984762857143
2025-12-26,POLYPLEX,INE633B01018,NSE,809.9,60.71,10578913.799999999,17452.80415,58.734,58.76428571428572,58.76428571428572,31709522.839999996,31328824.74285714,31328824.74285714,55882.09467,54696.06048571429,54696.06048571429
2025-12-26,HONDAPOWER,INE634A01018,NSE,2327.3,55.91,4082084.2,7333.853700000001,54.176,53.752857142857145,53.752857142857145,2914922.7399999998,2841938.5,2841938.5,5611.56462,5393.2959,5393.2959
2025-12-24,EMMESSA,INE634B01016,BSE,28.97,0.0,0.0,39.808,0.0,0.0,0.0,0.0,0.0,0.0,21.903333333333332,21.903333333333332,21.903333333333332
2025-12-26,KNRCON,INE634I01029,NSE,178.93,15.77,505737951.01,3219557.01618,35.318,38.46428571428571,38.46428571428571,146394896.32199997,121177427.1585714,121177427.1585714,766337.0543320001,583089.0630271429,583089.0630271429
2025-12-26,MANKIND,INE634S01028,NSE,2193.0,57.57,321816171.0,557398.4087,59.418000000000006,63.884285714285724,63.884285714285724,505379600.9799999,648488888.9285715,648488888.9285715,864250.3158399999,1000962.2935714285,1000962.2935714285
2025-12-26,SHYAMTEL,INE635A01023,NSE,12.54,86.55,53269.92,61.558370000000004,77.374,72.44285714285714,72.44285714285714,113480.302,238919.73285714287,238919.73285714287,353.181602,611.1101357142858,611.1101357142858
2025-12-24,INANI,INE635D01027,BSE,18.9,0.0,0.0,294.625,0.0,0.0,0.0,0.0,0.0,0.0,217.72166666666666,217.72166666666666,217.72166666666666
2025-12-24,PARSHWANA,INE635I01018,BSE,104.95,0.0,0.0,529.567,0.0,0.0,0.0,0.0,0.0,0.0,7.388000000000001,7.388000000000001,7.388000000000001
2025-12-26,GULFOILLUB,INE635Q01029,NSE,1191.2,42.83,30217170.400000002,71142.237,69.308,68.01,68.01,31462111.880000003,31263914.37142857,31263914.37142857,45799.98304000001,46503.3721,46503.3721
2025-12-26,MAWANASUG,INE636A01039,NSE,89.73,60.05,12266808.84,20100.05151,61.846000000000004,61.151428571428575,61.151428571428575,2255313.988,1937437.7385714285,1937437.7385714285,3576.1466020000007,3107.6820485714293,3107.6820485714293
2025-12-24,ACME,INE636B01011,BSE,38.6,0.0,0.0,34.401,0.0,0.0,0.0,0.0,0.0,0.0,7.058333333333334,7.058333333333334,7.058333333333334
2025-12-24,JOSTS,INE636D01041,BSE,294.0,0.0,0.0,958.454,0.0,0.0,0.0,0.0,0.0,0.0,1228.4823333333334,1228.4823333333334,1228.4823333333334
2025-12-24,GUJPETR,INE636P01011,BSE,60.75,0.0,0.0,69.54,0.0,0.0,0.0,0.0,0.0,0.0,124.04566666666666,124.04566666666666,124.04566666666666
2025-12-26,POKARNA,INE637C01025,NSE,824.5,39.33,30488361.0,78496.1231,51.98,50.33714285714285,50.33714285714285,55817113.339999996,46984111.24285714,46984111.24285714,87712.18842999998,78150.60277142856,78150.60277142856
2025-12-23,TULIVE,INE637D01015,BSE,712.0,0.0,0.0,0.712,0.0,0.0,0.0,0.0,0.0,0.0,34.894,34.894,34.894
2025-12-26,SHIVAMAUTO,INE637H01024,NSE,23.17,71.91,4981712.19,7042.09076,61.362,62.17142857142857,62.17142857142857,1589812.6,1264992.44,1264992.44,2862.3406160000004,2239.37039,2239.37039
2025-12-23,PATIDAR,INE637N01014,BSE,8.32,0.0,0.0,28.339,0.0,0.0,0.0,0.0,0.0,0.0,1.035,1.035,1.035
2025-12-24,SINGER,INE638A01035,BSE,66.6,0.0,0.0,3100.013,0.0,0.0,0.0,0.0,0.0,0.0,3125.010666666667,3125.010666666667,3125.010666666667
2025-12-24,HBPOR,INE638B01025,BSE,64.04,0.0,0.0,155.207,0.0,0.0,0.0,0.0,0.0,0.0,62.18333333333334,62.18333333333334,62.18333333333334
2025-12-24,KUNSTOFF,INE638D01021,BSE,22.98,0.0,0.0,24.233,0.0,0.0,0.0,0.0,0.0,0.0,7.385666666666666,7.385666666666666,7.385666666666666
2025-12-24,ECOHOTELS,INE638N01012,BSE,13.01,0.0,0.0,433.39,0.0,0.0,0.0,0.0,0.0,0.0,213.55966666666666,213.55966666666666,213.55966666666666
2025-12-24,TANFACIND,INE639B01015,BSE,4198.1,0.0,0.0,25295.853,0.0,0.0,0.0,0.0,0.0,0.0,21927.941666666666,21927.941666666666,21927.941666666666
2025-12-24,RAJPACK,INE639C01013,BSE,39.81,0.0,0.0,116.446,0.0,0.0,0.0,0.0,0.0,0.0,45.4195,45.4195,45.4195
2025-12-24,SATCH,INE639K01016,BSE,3.97,0.0,0.0,484.93,0.0,0.0,0.0,0.0,0.0,0.0,436.689,436.689,436.689
2025-12-26,SKFINDIA,INE640A01023,NSE,1778.6,37.23,24813248.599999998,66898.3782,59.088,64.07571428571428,64.07571428571428,76320261.14,84530696.64285715,84530696.64285715,126121.00072000001,128755.69021428573,128755.69021428573
2025-12-24,HBESD,INE640B01021,BSE,68.0,0.0,0.0,112.334,0.0,0.0,0.0,0.0,0.0,0.0,181.38699999999997,181.38699999999997,181.38699999999997
2025-12-26,SHAHALLOYS,INE640C01011,NSE,67.76,74.03,558139.12,779.4076,54.622,53.03285714285715,53.03285714285715,231521.258,246187.12714285715,246187.12714285715,425.7790940000001,502.00901000000005,502.00901000000005
2025-12-24,NEXOME,INE641A01013,BSE,101.0,0.0,0.0,50.326,0.0,0.0,0.0,0.0,0.0,0.0,360.83133333333336,360.83133333333336,360.83133333333336
2025-12-24,SHIKHAR,INE641B01011,BSE,12.32,0.0,0.0,10.472,0.0,0.0,0.0,0.0,0.0,0.0,6.04,6.04,6.04
2025-12-24,QUINT,INE641R01017,BSE,34.9,0.0,0.0,129.23,0.0,0.0,0.0,0.0,0.0,0.0,174.15366666666668,174.15366666666668,174.15366666666668
2025-12-26,RUBFILA,INE642C01025,NSE,73.84,89.44,870352.0800000001,976.29369,79.376,79.0957142857143,79.0957142857143,1140903.184,1013328.2914285715,1013328.2914285715,1398.70972,1252.7303357142857,1252.7303357142857
2025-12-24,GOKAKTEX,INE642I01014,BSE,67.14,0.0,0.0,9.911,0.0,0.0,0.0,0.0,0.0,0.0,84.59266666666667,84.59266666666667,84.59266666666667
2025-12-24,DIDL,INE642P01019,BSE,9.43,0.0,0.0,10.741,0.0,0.0,0.0,0.0,0.0,0.0,66.65599999999999,66.65599999999999,66.65599999999999
2025-12-26,HINDCON,INE642Y01029,NSE,27.2,70.5,217518.4,310.85423,66.92,74.14999999999999,74.14999999999999,406664.48400000005,768585.6985714285,768585.6985714285,634.419906,978.9545785714284,978.9545785714284
2025-12-26,AKI,INE642Z01026,NSE,6.95,66.52,279640.2,420.64196999999996,88.25,87.85428571428572,87.85428571428572,415156.436,352451.82571428566,352451.82571428566,507.31287999999995,427.17918428571426,427.17918428571426
2025-12-26,JTEKTINDIA,INE643A01035,NSE,142.78,63.27,6071576.72,9616.16582,48.69800000000001,50.064285714285724,50.064285714285724,4464792.516,4407254.631428571,4407254.631428571,9295.207846000001,8957.795991428573,8957.795991428573
2025-12-24,NATFIT,INE643C01015,BSE,165.2,0.0,0.0,274.073,0.0,0.0,0.0,0.0,0.0,0.0,334.7093333333333,334.7093333333333,334.7093333333333
2025-12-26,ARIHANTSUP,INE643K01018,NSE,326.65,33.9,16165908.499999998,47016.05475,60.11600000000001,61.157142857142865,61.157142857142865,20598827.27,17303095.235714287,17303095.235714287,31073.88272,26270.21527857143,26270.21527857143
2025-12-24,DECIPHER,INE643N01012,BSE,9.66,0.0,0.0,65.59,0.0,0.0,0.0,0.0,0.0,0.0,99.86899999999999,99.86899999999999,99.86899999999999
2025-12-19,PEOPLIN,INE644U01015,BSE,181.0,0.0,0.0,4.505,0.0,0.0,0.0,0.0,0.0,0.0,4.505,4.505,4.505
2025-12-26,SHIVAMILLS,INE644Y01017,NSE,61.43,53.64,132565.94,246.10135,67.21799999999999,69.82,69.82,93651.506,81173.33714285714,81173.33714285714,138.99445,118.8990942857143,118.8990942857143
2025-12-24,KABSON,INE645C01010,BSE,15.19,0.0,0.0,25.442,0.0,0.0,0.0,0.0,0.0,0.0,41.415,41.415,41.415
2025-12-26,SUTLEJTEX,INE645H01027,NSE,31.57,75.37,2286173.12,3025.99648,83.046,77.66857142857144,77.66857142857144,866462.676,709976.6428571428,709976.6428571428,997.600058,852.2686242857143,852.2686242857143
2025-12-26,ROLEXRINGS,INE645S01024,NSE,125.9,42.58,26220437.6,62156.867009999994,32.128,29.747142857142855,29.747142857142855,72475245.85800001,66147721.24000001,66147721.24000001,197667.849236,200745.36559428571,200745.36559428571
2025-12-26,AIRAN,INE645W01026,NSE,18.12,58.15,582286.2000000001,1006.85365,66.354,70.91714285714286,70.91714285714286,832746.2520000001,761928.1285714286,761928.1285714286,1271.0601139999999,1115.12367,1115.12367
2025-12-26,MEDICAMEQ,INE646B01010,NSE,377.7,54.92,1978770.3,3626.5702,53.884,53.06714285714286,53.06714285714286,2856504.94,3015060.464285714,3015060.464285714,5286.50055,5686.749964285714,5686.749964285714
2025-12-26,GROBTEA,INE646C01018,NSE,999.5,62.5,14992.5,23.9544,81.434,79.19857142857143,79.19857142857143,40787.46,73028.02857142857,73028.02857142857,47.80548,81.29724285714285,81.29724285714285
2025-12-26,CAPITALSFB,INE646H01017,NSE,264.55,75.39,5982533.7,7893.93865,64.0,66.52428571428571,66.52428571428571,4294511.720000001,4627828.485714286,4627828.485714286,6705.24826,6937.101928571428,6937.101928571428
2025-12-26,INDIGO,INE646L01027,NSE,5074.0,37.6,1117584018.0,2963248.8475,59.626,59.11285714285714,59.11285714285714,11641246821.7,9962087658.785715,9962087658.785715,17236261.0142,15149076.020357143,15149076.020357143
2025-12-26,ASTRON,INE646X01014,NSE,6.21,69.56,162521.91,233.57556,72.284,67.58285714285715,67.58285714285715,132734.864,133696.85714285713,133696.85714285713,194.660458,208.95777285714283,208.95777285714283
2025-12-26,SRF,INE647A01010,NSE,3101.6,52.67,771575727.1999999,1476457.0813,59.012,59.11,59.11,686855208.14,696440242.9285715,696440242.9285715,1147640.51734,1156264.9427857143,1156264.9427857143
2025-12-26,ABFRL,INE647O01011,NSE,76.78,88.86,502840435.46,566254.15611,57.664,50.30571428571428,50.30571428571428,291322867.16200006,252494036.8357143,252494036.8357143,429181.08721599996,538544.48997,538544.48997
2025-12-24,SHARPLINE,INE647W01014,BSE,10.51,0.0,0.0,61.882,0.0,0.0,0.0,0.0,0.0,0.0,199.12633333333335,199.12633333333335,199.12633333333335
2025-12-24,VIVIDM,INE647Z01025,BSE,6.41,0.0,0.0,7327.039,0.0,0.0,0.0,0.0,0.0,0.0,1292.689,1292.689,1292.689
2025-12-24,PANELEC,INE648E01010,BSE,43.03,0.0,0.0,70.44,0.0,0.0,0.0,0.0,0.0,0.0,74.54,74.54,74.54
2025-12-26,ACCURACY,INE648Z01023,NSE,5.81,83.97,334069.19,399.78907,68.55199999999999,67.65571428571428,67.65571428571428,245782.796,280381.3285714286,280381.3285714286,358.058974,410.6395857142857,410.6395857142857
2025-12-24,ROSEMER,INE649C01012,BSE,78.94,0.0,0.0,370.182,0.0,0.0,0.0,0.0,0.0,0.0,164.95499999999998,164.95499999999998,164.95499999999998
2025-12-24,IDM,INE649R01010,BSE,28.48,0.0,0.0,45.479,0.0,0.0,0.0,0.0,0.0,0.0,5.758666666666667,5.758666666666667,5.758666666666667
2025-12-24,DILIGENT,INE650C01036,BSE,2.75,0.0,0.0,553.436,0.0,0.0,0.0,0.0,0.0,0.0,1044.5923333333333,1044.5923333333333,1044.5923333333333
2025-12-24,MENNPIS,INE650G01029,BSE,58.37,0.0,0.0,780.146,0.0,0.0,0.0,0.0,0.0,0.0,489.6603333333333,489.6603333333333,489.6603333333333
2025-12-26,BROOKS,INE650L01011,NSE,86.31,78.71,4694573.5200000005,6088.7395,57.48,52.457142857142856,52.457142857142856,1674523.58,1438517.7642857141,1438517.7642857141,2797.340894,2655.5851599999996,2655.5851599999996
2025-12-24,RASRESOR,INE651D01016,BSE,39.46,0.0,0.0,6.702,0.0,0.0,0.0,0.0,0.0,0.0,6.737333333333333,6.737333333333333,6.737333333333333
2025-12-24,975JMFCS28,INE651J07622,BSE,1063.5,0.0,0.0,584.925,0.0,0.0,0.0,0.0,0.0,0.0,336.965,336.965,336.965
2025-12-19,981JMFCS28,INE651J07697,BSE,1010.0,0.0,0.0,10.1,0.0,0.0,0.0,0.0,0.0,0.0,10.1,10.1,10.1
2025-12-24,RICHUNV,INE652D01014,BSE,7.35,0.0,0.0,11.76,0.0,0.0,0.0,0.0,0.0,0.0,5.115333333333333,5.115333333333333,5.115333333333333
2025-12-26,CCHHL,INE652F01027,NSE,15.17,66.89,241506.4,367.81879,74.382,71.83714285714287,71.83714285714287,295060.154,334997.47000000003,334997.47000000003,398.79744200000005,470.4817142857143,470.4817142857143
2025-12-26,GANESHCP,INE652V01016,NSE,218.35,64.66,20203488.8,31498.3095,57.220000000000006,57.63428571428572,57.63428571428572,14861406.86,11796590.028571427,11796590.028571427,24580.05241,19580.48464285714,19580.48464285714
2025-12-26,AVROIND,INE652Z01017,NSE,118.12,48.31,1027644.0,2165.04744,56.70400000000001,62.460000000000015,62.460000000000015,1195441.718,1107145.4785714287,1107145.4785714287,2393.9971640000003,2057.6306985714286,2057.6306985714286
2025-12-24,NICCOPAR,INE653C01022,BSE,80.83,0.0,0.0,475.793,0.0,0.0,0.0,0.0,0.0,0.0,356.78933333333333,356.78933333333333,356.78933333333333
2025-12-24,SAMINDUS,INE653D01012,BSE,47.7,0.0,0.0,45.785,0.0,0.0,0.0,0.0,0.0,0.0,136.19899999999998,136.19899999999998,136.19899999999998
2025-12-24,SYMBIOX,INE653R01012,BSE,2.1,0.0,0.0,260.706,0.0,0.0,0.0,0.0,0.0,0.0,230.3603333333333,230.3603333333333,230.3603333333333
2025-12-24,GARMNTMNTR,INE653S01028,BSE,1.5,0.0,0.0,618.872,0.0,0.0,0.0,0.0,0.0,0.0,351.42966666666666,351.42966666666666,351.42966666666666
2025-12-24,BALTE,INE654B01014,BSE,15.69,0.0,0.0,338.992,0.0,0.0,0.0,0.0,0.0,0.0,42.13033333333333,42.13033333333333,42.13033333333333
2025-12-24,NATGENI,INE654H01011,BSE,44.28,0.0,0.0,0.177,0.0,0.0,0.0,0.0,0.0,0.0,3.122,3.122,3.122
2025-12-26,STCINDIA,INE655A01013,NSE,130.52,13.54,37971531.0,294991.41247000004,36.73,38.92285714285714,38.92285714285714,3750573.8140000002,2938051.4942857143,2938051.4942857143,11160.720838000001,8569.070204285714,8569.070204285714
2025-12-26,BANARBEADS,INE655B01011,NSE,128.4,82.8,327548.4,398.15409999999997,68.026,65.62285714285714,65.62285714285714,303674.936,284219.62142857147,284219.62142857147,501.81445399999996,479.2415828571428,479.2415828571428
2025-12-24,SHALIWIR,INE655D01025,BSE,19.86,0.0,0.0,80.636,0.0,0.0,0.0,0.0,0.0,0.0,46.193000000000005,46.193000000000005,46.193000000000005
2025-12-24,PANAFIC,INE655P01029,BSE,0.78,0.0,0.0,73.548,0.0,0.0,0.0,0.0,0.0,0.0,56.07033333333334,56.07033333333334,56.07033333333334
2025-12-24,RMC,INE655V01019,BSE,424.65,0.0,0.0,4793.168,0.0,0.0,0.0,0.0,0.0,0.0,7391.833000000001,7391.833000000001,7391.833000000001
2025-12-24,PRADHIN,INE656B01027,BSE,0.25,0.0,0.0,760.919,0.0,0.0,0.0,0.0,0.0,0.0,1161.8123333333333,1161.8123333333333,1161.8123333333333
2025-12-24,SIMMOND,INE657D01021,BSE,120.1,0.0,0.0,316.298,0.0,0.0,0.0,0.0,0.0,0.0,628.5956666666666,628.5956666666666,628.5956666666666
2025-12-24,SIMPLEXCAS,INE658D01011,BSE,504.25,0.0,0.0,5819.756,0.0,0.0,0.0,0.0,0.0,0.0,10080.396,10080.396,10080.396
2025-12-24,949KIIFB29,INE658F08235,BSE,100996.0,0.0,0.0,100.996,0.0,0.0,0.0,0.0,0.0,0.0,100.996,100.996,100.996
2025-12-23,942KIIFB30,INE658F08300,BSE,100728.15,0.0,0.0,705.097,0.0,0.0,0.0,0.0,0.0,0.0,150.91649999999998,150.91649999999998,150.91649999999998
2025-12-23,942KIIFB34,INE658F08318,BSE,101238.35,0.0,0.0,303.715,0.0,0.0,0.0,0.0,0.0,0.0,605.5,605.5,605.5
2025-12-23,942KIIFB33,INE658F08326,BSE,101090.0,0.0,0.0,1010.015,0.0,0.0,0.0,0.0,0.0,0.0,905.876,905.876,905.876
2025-12-23,942KIIFB29,INE658F08359,BSE,100564.41,0.0,0.0,402.257,0.0,0.0,0.0,0.0,0.0,0.0,2008.294,2008.294,2008.294
2025-12-23,967KIIFB29,INE658F08433,BSE,102200.0,0.0,0.0,408.8,0.0,0.0,0.0,0.0,0.0,0.0,357.70000000000005,357.70000000000005,357.70000000000005
2025-12-24,967KIIFB30,INE658F08441,BSE,102951.47,0.0,0.0,617.708,0.0,0.0,0.0,0.0,0.0,0.0,513.734,513.734,513.734
2025-12-17,967KIIFB31,INE658F08458,BSE,101010.0,0.0,0.0,201.572,0.0,0.0,0.0,0.0,0.0,0.0,201.572,201.572,201.572
2025-12-26,WEALTH,INE658T01017,NSE,946.25,59.01,2044846.25,3417.6737000000003,64.55,68.58285714285714,68.58285714285714,1950025.8199999998,1873042.3071428572,1873042.3071428572,3107.10719,2819.5240642857143,2819.5240642857143
2025-12-26,SUDARSCHEM,INE659A01023,NSE,941.6,57.69,49625144.800000004,86182.04340000001,54.15999999999999,52.65714285714285,52.65714285714285,36495297.480000004,33608972.71428572,33608972.71428572,67885.5008,63660.32662857143,63660.32662857143
2025-12-24,GUJINJEC,INE659F01014,BSE,33.26,0.0,0.0,5011.687,0.0,0.0,0.0,0.0,0.0,0.0,1087.9823333333334,1087.9823333333334,1087.9823333333334
2025-12-26,SUNDARMFIN,INE660A01013,NSE,5149.3,76.52,531639478.5,695573.9371,63.376,60.15857142857143,60.15857142857143,260913312.27999997,204033722.78571424,204033722.78571424,378426.70155999996,303856.4822428571,303856.4822428571
2025-12-24,CATVISION,INE660B01011,BSE,20.23,0.0,0.0,34.543,0.0,0.0,0.0,0.0,0.0,0.0,119.25566666666667,119.25566666666667,119.25566666666667
2025-12-26,CENTRUM,INE660C01027,NSE,28.01,71.6,2732991.72,3820.67483,64.892,65.52,65.52,2482207.932,2304677.522857143,2304677.522857143,3873.6810339999997,3574.866975714285,3574.866975714285
2025-12-24,VIPPYSP,INE660D01017,BSE,167.0,0.0,0.0,3.326,0.0,0.0,0.0,0.0,0.0,0.0,187.023,187.023,187.023
2025-12-24,VISIONCO,INE661D01015,BSE,3.34,0.0,0.0,10.102,0.0,0.0,0.0,0.0,0.0,0.0,53.586333333333336,53.586333333333336,53.586333333333336
2025-12-24,INTRGLB,INE661M01016,BSE,88.58,0.0,0.0,13.174,0.0,0.0,0.0,0.0,0.0,0.0,19.945666666666664,19.945666666666664,19.945666666666664
2025-12-24,VANICOM,INE661Q01017,BSE,10.69,0.0,0.0,0.096,0.0,0.0,0.0,0.0,0.0,0.0,78.50666666666666,78.50666666666666,78.50666666666666
2025-12-26,SUPERSPIN,INE662A01027,NSE,8.11,82.72,156044.50999999998,186.72822,62.657999999999994,70.71142857142857,70.71142857142857,338819.56200000003,407310.35714285716,407310.35714285716,600.757644,615.6345928571429,615.6345928571429
2025-12-26,SPLPETRO,INE663A01033,NSE,641.25,52.64,5747523.75,10901.5534,40.324,45.26571428571429,45.26571428571429,8569801.51,8618293.978571428,8618293.978571428,21735.2383,19896.099035714287,19896.099035714287
2025-12-26,CONTROLPR,INE663B01015,NSE,690.05,66.32,17160853.45,26101.496600000002,58.854,62.33,62.33,10252669.040000001,9343385.507142859,9343385.507142859,16595.69142,14674.583592857143,14674.583592857143
2025-12-26,NAUKRI,INE663F01032,NSE,1365.8,58.81,298531100.8,507674.2577,60.742,61.107142857142854,61.107142857142854,479493789.52,465777562.6571428,465777562.6571428,788484.90672,757620.053157143,757620.053157143
2025-12-24,BENARAS,INE664D01019,BSE,9474.7,0.0,0.0,1080.839,0.0,0.0,0.0,0.0,0.0,0.0,5213.434333333334,5213.434333333334,5213.434333333334
2025-12-26,SWANCORP,INE665A01038,NSE,467.9,38.38,167727645.1,434894.49439999997,38.152,38.41571428571429,38.41571428571429,112882123.88999999,155189290.83571428,155189290.83571428,298019.29724000004,413430.76435714297,413430.76435714297
2025-12-23,BENGALT,INE665D01016,BSE,143.0,0.0,0.0,204.388,0.0,0.0,0.0,0.0,0.0,0.0,40.2565,40.2565,40.2565
2025-12-26,VMART,INE665J01013,NSE,738.65,51.63,10368430.049999999,20111.9934,70.08399999999999,64.66714285714285,64.66714285714285,48615768.59,40838555.33571429,40838555.33571429,68560.67905,60632.75517857143,60632.75517857143
2025-12-26,VARROC,INE665L01035,NSE,606.1,58.31,54159883.800000004,92881.70509999999,58.422000000000004,58.25,58.25,50774873.18,49516402.60714286,49516402.60714286,86785.68249,84968.79375,84968.79375
2025-12-26,BORORENEW,INE666D01022,NSE,547.35,40.15,36883179.75,91948.21025,50.870000000000005,52.06714285714286,52.06714285714286,94341872.03,79285203.64999999,79285203.64999999,180634.63212,150705.43000714286,150705.43000714286
2025-12-26,ACL,INE666E01020,NSE,68.9,81.84,569045.1000000001,691.61497,74.95599999999999,75.22571428571428,75.22571428571428,1114904.03,1175346.3357142857,1175346.3357142857,1536.147718,1670.17539,1670.17539
2025-12-24,EIKO,INE666Q01016,BSE,51.64,0.0,0.0,270.676,0.0,0.0,0.0,0.0,0.0,0.0,237.52900000000002,237.52900000000002,237.52900000000002
2025-12-24,DOLFIN,INE666Y01010,BSE,180.05,0.0,0.0,170.75,0.0,0.0,0.0,0.0,0.0,0.0,99.33566666666667,99.33566666666667,99.33566666666667
2025-12-26,SAKSOFT,INE667G01023,NSE,198.13,56.85,17834671.95,31612.863100000002,41.232,41.61,41.61,14515727.934,20757876.401428573,20757876.401428573,36993.641694000005,50690.969284285726,50690.969284285726
2025-12-26,TMB,INE668A01016,NSE,504.9,49.37,18427335.3,37524.31885,57.592,57.769999999999996,57.769999999999996,27904536.53,26079419.742857147,26079419.742857147,48442.31462999999,45179.35007142857,45179.35007142857
2025-12-26,DONEAR,INE668D01028,NSE,94.4,62.46,2280326.4,3625.05655,59.61999999999999,58.367142857142845,58.367142857142845,2166735.1939999997,1982103.0457142857,1982103.0457142857,3882.128366,3581.517187142857,3581.517187142857
2025-12-26,JYOTHYLAB,INE668F01031,NSE,282.35,59.02,116144954.85000001,195442.79294999997,56.864,52.207142857142856,52.207142857142856,41556998.05,35378690.96428572,35378690.96428572,71195.51398,65044.170521428576,65044.170521428576
2025-12-26,ELDEHSG,INE668G01021,NSE,953.8,62.29,1000536.2,1595.7945,63.565999999999995,62.97285714285714,62.97285714285714,2148728.96,4524497.142857144,4524497.142857144,3652.5406799999996,7991.491685714284,7991.491685714284
2025-12-19,TRUSTWAVE,INE668Y01016,BSE,16.4,0.0,0.0,0.442,0.0,0.0,0.0,0.0,0.0,0.0,0.442,0.442,0.442
2025-12-26,INFOMEDIA,INE669A01022,NSE,6.46,66.74,22183.64,33.15972,79.242,83.79714285714286,83.79714285714286,64974.514,68216.62142857144,68216.62142857144,85.248622,83.01786428571428,83.01786428571428
2025-12-26,TECHM,INE669C01036,NSE,1612.3,48.3,359114028.2,745432.3386,58.746,57.620000000000005,57.620000000000005,1362104126.94,1171548875.3,1171548875.3,2309554.4020800004,2005847.3662428574,2005847.3662428574
2025-12-26,IDEA,INE669E01016,NSE,11.94,19.89,1227576772.5,6194695.16375,20.464,19.40285714285714,19.40285714285714,2330650088.784,2025189694.7742858,2025189694.7742858,11275991.974620001,10208687.336375715,10208687.336375715
2025-12-24,ELITECON,INE669R01026,BSE,108.2,0.0,0.0,117775.535,0.0,0.0,0.0,0.0,0.0,0.0,63252.30566666666,63252.30566666666,63252.30566666666
2025-12-26,GEEKAYWIRE,INE669X01032,NSE,32.05,70.94,1209182.4,1703.7153,65.84599999999999,62.63714285714285,62.63714285714285,1559290.378,1404145.352857143,1404145.352857143,2349.6921119999997,2218.3667699999996,2218.3667699999996
2025-12-24,SHARIKA,INE669Y01022,BSE,13.2,0.0,0.0,372.488,0.0,0.0,0.0,0.0,0.0,0.0,283.99899999999997,283.99899999999997,283.99899999999997
2025-12-26,TATAELXSI,INE670A01012,NSE,5348.0,33.09,149637040.0,454619.0085,26.222,29.734285714285715,29.734285714285715,465147641.3,370114319.5,370114319.5,2771467.7975999997,2078436.2123571427,2078436.2123571427
2025-12-24,IIRM,INE670C01026,BSE,89.69,0.0,0.0,16577.037,0.0,0.0,0.0,0.0,0.0,0.0,4509.993333333333,4509.993333333333,4509.993333333333
2025-12-19,OSWAYRN,INE670H01017,BSE,23.0,0.0,0.0,57.73,0.0,0.0,0.0,0.0,0.0,0.0,28.548,28.548,28.548
2025-12-26,LODHA,INE670K01029,NSE,1073.5,60.48,310489478.5,514450.5126,47.867999999999995,46.075714285714284,46.075714285714284,245233124.08,260369339.94285718,260369339.94285718,509715.36900000006,584596.5625142858,584596.5625142858
2025-12-24,ONEGLOBAL,INE670O01013,BSE,651.4,0.0,0.0,25068.966,0.0,0.0,0.0,0.0,0.0,0.0,30283.01933333333,30283.01933333333,30283.01933333333
2025-12-26,LASA,INE670X01014,NSE,9.2,95.56,403981.19999999995,424.30852000000004,67.542,65.57571428571428,65.57571428571428,228917.99599999998,203747.94,203747.94,354.11600200000004,320.01664428571434,320.01664428571434
2025-12-26,HONAUT,INE671A01010,NSE,33005.0,61.47,52808000.0,86130.99,59.4,55.42857142857143,55.42857142857143,42552226.0,41783332.85714286,41783332.85714286,71786.234,75896.96071428571,75896.96071428571
2025-12-24,SUNLOC,INE671C01016,BSE,72.0,0.0,0.0,1.253,0.0,0.0,0.0,0.0,0.0,0.0,113.56366666666666,113.56366666666666,113.56366666666666
2025-12-24,HASTIFIN,INE671D01014,BSE,9.15,0.0,0.0,4.575,0.0,0.0,0.0,0.0,0.0,0.0,0.186,0.186,0.186
2025-12-26,SOBHA,INE671H01015,NSE,1479.6,69.15,155861064.0,224982.30469999998,58.958000000000006,54.36857142857143,54.36857142857143,120876474.58,111005879.94285715,111005879.94285715,190987.35156,192389.89011428572,192389.89011428572
2025-12-24,SUNRAKSHAK,INE671K01027,BSE,206.7,0.0,0.0,689.292,0.0,0.0,0.0,0.0,0.0,0.0,1352.3790000000001,1352.3790000000001,1352.3790000000001
2025-12-24,DARSHANORNA,INE671T01028,BSE,3.01,0.0,0.0,273.682,0.0,0.0,0.0,0.0,0.0,0.0,158.37800000000001,158.37800000000001,158.37800000000001
2025-12-26,TATAINVEST,INE672A01026,NSE,707.3,42.76,59272447.3,138746.3609,37.96,37.29,37.29,72135069.65,74064742.89285715,74064742.89285715,191001.18483,199503.9844714286,199503.9844714286
2025-12-26,MUNJALAU,INE672B01032,NSE,79.87,31.22,6089208.930000001,19796.24119,45.918,47.47571428571428,47.47571428571428,2559309.888,2357879.464285714,2357879.464285714,5490.945164,4958.884147142858,4958.884147142858
2025-12-24,TRUEGREEN,INE672K01025,BSE,61.21,0.0,0.0,654.596,0.0,0.0,0.0,0.0,0.0,0.0,1392.0159999999998,1392.0159999999998,1392.0159999999998
2025-12-24,AMERISE,INE673C01020,BSE,0.64,0.0,0.0,76.933,0.0,0.0,0.0,0.0,0.0,0.0,32.361,32.361,32.361
2025-12-24,SMTEL,INE673E01018,BSE,180.95,0.0,0.0,0.18,0.0,0.0,0.0,0.0,0.0,0.0,6.739,6.739,6.739
2025-12-24,SULABEN,INE673M01029,BSE,2.39,0.0,0.0,64.027,0.0,0.0,0.0,0.0,0.0,0.0,69.41466666666666,69.41466666666666,69.41466666666666
2025-12-26,TBOTEK,INE673O01025,NSE,1700.4,68.19,86140563.60000001,126244.0843,39.374,40.370000000000005,40.370000000000005,48546629.86,66347099.71428572,66347099.71428572,127367.12801999999,165184.37087142857,165184.37087142857
2025-12-26,ABCAPITAL,INE674K01013,NSE,348.15,46.27,520946941.34999996,1121539.1979,54.98,53.66142857142857,53.66142857142857,748982743.4,709974653.4857142,709974653.4857142,1347696.6550099999,1311571.312585714,1311571.312585714
2025-12-23,KINETRU,INE674M01019,BSE,37.59,0.0,0.0,7.518,0.0,0.0,0.0,0.0,0.0,0.0,11.935,11.935,11.935
2025-12-26,CIGNITITEC,INE675C01017,NSE,1647.8,73.0,134974593.6,185932.5796,62.46,64.10714285714286,64.10714285714286,106282303.1,110425431.5857143,110425431.5857143,178314.65422,178085.2559857143,178085.2559857143
2025-12-26,BBOX,INE676A01027,NSE,550.9,49.61,289034092.2,584912.96565,46.324,46.36714285714286,46.36714285714286,70445086.28999999,60144146.32142856,60144146.32142856,152212.80667999998,129513.15839285715,129513.15839285715
2025-12-24,MKPMOB,INE676G01024,BSE,132.8,0.0,0.0,4.403,0.0,0.0,0.0,0.0,0.0,0.0,1.644,1.644,1.644
2025-12-26,MASTERTR,INE677D01037,NSE,118.61,30.27,7229279.5,23889.60771,31.276,29.974285714285713,29.974285714285713,6420699.402,5914553.218571429,5914553.218571429,22200.122542000005,20899.60217571429,20899.60217571429
2025-12-24,IBINFO,INE678B01021,BSE,260.65,0.0,0.0,23.003,0.0,0.0,0.0,0.0,0.0,0.0,64.65266666666666,64.65266666666666,64.65266666666666
2025-12-24,MULTIBASE,INE678F01014,BSE,216.0,0.0,0.0,794.882,0.0,0.0,0.0,0.0,0.0,0.0,493.038,493.038,493.038
2025-12-26,CSBBANK,INE679A01013,NSE,420.8,45.83,80539436.8,177670.99959999998,50.614,49.932857142857145,49.932857142857145,63029729.970000006,53673710.342857145,53673710.342857145,125930.00279000001,108074.78725000001,108074.78725000001
2025-12-24,SOURCENTRL,INE679C01027,BSE,141.0,0.0,0.0,27.6,0.0,0.0,0.0,0.0,0.0,0.0,48.96866666666667,48.96866666666667,48.96866666666667
2025-12-24,AGRIBIO,INE679E01015,BSE,223.8,0.0,0.0,2681.429,0.0,0.0,0.0,0.0,0.0,0.0,7297.8043333333335,7297.8043333333335,7297.8043333333335
2025-12-24,ZMILGFIN,INE679T01013,BSE,62.02,0.0,0.0,5180.789,0.0,0.0,0.0,0.0,0.0,0.0,11378.087666666666,11378.087666666666,11378.087666666666
2025-12-26,AVL,INE679V01027,NSE,507.95,51.11,20020341.3,39059.00425,55.7,56.84571428571429,56.84571428571429,49826244.5,46825408.621428564,46825408.621428564,88191.17758,81791.04987142856,81791.04987142856
2025-12-26,DHANBANK,INE680A01011,NSE,24.92,66.99,4456942.0,6633.04399,53.358000000000004,55.877142857142864,55.877142857142864,4497434.988,4739718.72,4739718.72,8452.013136,8516.382382857144,8516.382382857144
2025-12-24,MARGOFIN,INE680B01019,BSE,72.5,0.0,0.0,90.232,0.0,0.0,0.0,0.0,0.0,0.0,65.01,65.01,65.01
2025-12-26,AVG,INE680Z01018,NSE,179.16,16.02,2089005.5999999999,13280.88961,64.048,60.36571428571428,60.36571428571428,2930342.9799999995,4237751.745714285,4237751.745714285,4767.574460000001,7517.39332,7517.39332
2025-12-26,INDRAMEDCO,INE681B01017,NSE,456.05,65.91,27381698.05,41628.0231,60.510000000000005,57.160000000000004,57.160000000000004,41187300.839999996,43380196.135714285,43380196.135714285,67977.94253999999,77623.90916428571,77623.90916428571
2025-12-26,KEYFINSERV,INE681C01015,NSE,307.15,61.86,401445.05,657.9464499999999,63.21,58.81857142857143,58.81857142857143,608919.4600000001,584581.7428571429,584581.7428571429,960.81063,999.3710571428572,999.3710571428572
2025-12-24,ORIENTTR,INE681D01039,BSE,21.02,0.0,0.0,5568.704,0.0,0.0,0.0,0.0,0.0,0.0,17289.322333333334,17289.322333333334,17289.322333333334
2025-12-24,HARLETH,INE681F01018,BSE,63.5,0.0,0.0,1.587,0.0,0.0,0.0,0.0,0.0,0.0,74.444,74.444,74.444
2025-12-24,MIZVEN,INE681K01026,BSE,141.2,0.0,0.0,285.218,0.0,0.0,0.0,0.0,0.0,0.0,1246.5173333333332,1246.5173333333332,1246.5173333333332
2025-12-23,DELTA,INE681Q01015,BSE,13.69,0.0,0.0,0.027,0.0,0.0,0.0,0.0,0.0,0.0,0.5559999999999999,0.5559999999999999,0.5559999999999999
2025-12-24,ICSL,INE682B01023,BSE,4.2,0.0,0.0,6.35,0.0,0.0,0.0,0.0,0.0,0.0,29.479666666666663,29.479666666666663,29.479666666666663
2025-12-24,RASANDIK,INE682D01011,BSE,64.8,0.0,0.0,105.839,0.0,0.0,0.0,0.0,0.0,0.0,168.168,168.168,168.168
2025-12-26,JLHL,INE682M01012,NSE,1389.1,50.98,4847959.0,9528.132800000001,64.262,67.74857142857142,67.74857142857142,28250045.459999997,62944519.89999999,62944519.89999999,41239.316139999995,76201.24375714285,76201.24375714285
2025-12-26,SOUTHBANK,INE683A01023,NSE,37.64,43.74,229717710.44,526422.21962,50.396,49.42428571428571,49.42428571428571,346432418.252,310536164.9271428,310536164.9271428,684495.4172799999,623093.8854842858,623093.8854842858
2025-12-24,FIRSTFIN,INE683B01047,BSE,6.94,0.0,0.0,9.117,0.0,0.0,0.0,0.0,0.0,0.0,7.733,7.733,7.733
2025-12-26,MAITHANALL,INE683C01011,NSE,984.4,51.64,20358376.4,39147.862799999995,56.552,57.92714285714286,57.92714285714286,12434274.309999999,10527919.328571428,10527919.328571428,22162.983780000002,18520.999871428572,18520.999871428572
2025-12-24,CORALAB,INE683E01017,BSE,481.5,0.0,0.0,557.19,0.0,0.0,0.0,0.0,0.0,0.0,524.0876666666667,524.0876666666667,524.0876666666667
2025-12-24,ISTLTD,INE684B01029,BSE,779.45,0.0,0.0,469.658,0.0,0.0,0.0,0.0,0.0,0.0,398.73,398.73,398.73
2025-12-24,RGF,INE684D01025,BSE,0.94,0.0,0.0,490.833,0.0,0.0,0.0,0.0,0.0,0.0,375.7753333333333,375.7753333333333,375.7753333333333
2025-12-26,FSL,INE684F01012,NSE,342.65,54.15,63845631.849999994,119163.02404999999,44.332,45.01571428571428,45.01571428571428,76539580.6,65364800.81428571,65364800.81428571,176530.22853999998,149154.73327857142,149154.73327857142
2025-12-26,TORNTPHARM,INE685A01028,NSE,3816.6,42.11,61443443.4,145963.8923,64.352,63.034285714285716,63.034285714285716,451035020.4,408838305.2,408838305.2,683884.28476,633187.7068142857,633187.7068142857
2025-12-24,VAMA,INE685D01022,BSE,4.58,0.0,0.0,134.891,0.0,0.0,0.0,0.0,0.0,0.0,276.37166666666667,276.37166666666667,276.37166666666667
2025-12-24,RAJNISH,INE685Z01033,BSE,0.55,0.0,0.0,20265.024,0.0,0.0,0.0,0.0,0.0,0.0,3987.8440000000005,3987.8440000000005,3987.8440000000005
2025-12-26,CEMPRO,INE686A01026,NSE,798.35,45.79,47524178.800000004,104736.628,46.722,48.457142857142856,48.457142857142856,70086381.61,66426489.83571429,66426489.83571429,151064.87122,138836.64271428573,138836.64271428573
2025-12-24,PRIYALT,INE686C01014,BSE,21.3,0.0,0.0,0.319,0.0,0.0,0.0,0.0,0.0,0.0,5.457999999999999,5.457999999999999,5.457999999999999
2025-12-26,UBL,INE686F01025,NSE,1623.9,62.92,57299311.5,90778.4478,44.924,47.91571428571428,47.91571428571428,38488430.06,41618553.028571434,41618553.028571434,82991.5698,83899.11928571427,83899.11928571427
2025-12-26,FINEORG,INE686Y01026,NSE,4202.8,56.94,16453962.0,28882.0784,63.262,63.78285714285715,63.78285714285715,37787868.78,32878742.12857143,32878742.12857143,57499.9696,50067.32037142857,50067.32037142857
2025-12-24,TRANSPEK,INE687A01016,BSE,1281.7,0.0,0.0,396803.315,0.0,0.0,0.0,0.0,0.0,0.0,2906.576333333333,2906.576333333333,2906.576333333333
2025-12-24,REXNORD,INE687C01012,BSE,78.0,0.0,0.0,153.552,0.0,0.0,0.0,0.0,0.0,0.0,94.03266666666667,94.03266666666667,94.03266666666667
2025-12-24,ZKHANDEN,INE687W01010,BSE,138.2,0.0,0.0,3.455,0.0,0.0,0.0,0.0,0.0,0.0,105.77966666666667,105.77966666666667,105.77966666666667
2025-12-26,TCI,INE688A01022,NSE,1070.8,59.3,5496416.399999999,9276.4556,59.75,61.13285714285714,61.13285714285714,11950830.74,12181026.414285716,12181026.414285716,20304.10004,20153.110685714288,20153.110685714288
2025-12-26,RESPONIND,INE688D01026,NSE,198.49,60.37,4231409.82,7050.41126,51.504,52.221428571428575,52.221428571428575,5151670.08,4353483.081428572,4353483.081428572,10134.431356,8448.320195714286,8448.320195714286
2025-12-26,HERCULES,INE688E01024,NSE,156.6,76.52,2564011.8,3372.75161,63.16799999999999,60.34571428571428,60.34571428571428,1902412.8239999998,1588402.5314285713,1588402.5314285713,3060.89733,2623.1857299999997,2623.1857299999997
2025-12-26,EXCEL,INE688J01023,NSE,1.6,68.95,3916259.2,5661.05559,65.28999999999999,70.76285714285714,70.76285714285714,5791946.558,4784302.109999999,4784302.109999999,11876.264942,9248.314461428572,9248.314461428572
2025-12-26,DANGEE,INE688Y01022,NSE,3.68,73.53,157835.2,217.09085000000002,80.86,71.63714285714285,71.63714285714285,192886.284,196244.99285714288,196244.99285714288,256.79976800000003,304.42998142857147,304.42998142857147
2025-12-24,HISARSP,INE689E01014,BSE,45.0,0.0,0.0,4.5,0.0,0.0,0.0,0.0,0.0,0.0,6.786,6.786,6.786
2025-12-24,LORDSHOTL,INE689J01013,BSE,14.65,0.0,0.0,7.497,0.0,0.0,0.0,0.0,0.0,0.0,1.5803333333333331,1.5803333333333331,1.5803333333333331
2025-12-24,PQIF,INE689M01025,BSE,32.21,0.0,0.0,547.707,0.0,0.0,0.0,0.0,0.0,0.0,342.71000000000004,342.71000000000004,342.71000000000004
2025-12-24,MERCANTILE,INE689O01013,BSE,24.0,0.0,0.0,34.667,0.0,0.0,0.0,0.0,0.0,0.0,21.240333333333336,21.240333333333336,21.240333333333336
2025-12-24,SBECSYS,INE689V01018,BSE,20.49,0.0,0.0,82.164,0.0,0.0,0.0,0.0,0.0,0.0,16.96666666666667,16.96666666666667,16.96666666666667
2025-12-26,PRINCEPIPE,INE689W01016,NSE,251.8,48.77,12160177.4,24896.520800000002,48.769999999999996,49.201428571428565,49.201428571428565,12884086.27,12991860.828571428,12991860.828571428,26207.416019999997,26218.11509285714,26218.11509285714
2025-12-26,TTKPRESTIG,INE690A01028,NSE,624.95,67.98,5170836.300000001,7600.94015,56.13000000000001,56.61428571428572,56.61428571428572,4521564.220000001,4297400.671428571,4297400.671428571,8690.83422,8035.023185714285,8035.023185714285
2025-12-24,SUBSM,INE690D01014,BSE,66.46,0.0,0.0,0.664,0.0,0.0,0.0,0.0,0.0,0.0,0.069,0.069,0.069
2025-12-24,INOVSYNTH,INE690J01011,BSE,77.8,0.0,0.0,4952.654,0.0,0.0,0.0,0.0,0.0,0.0,845.9563333333334,845.9563333333334,845.9563333333334
2025-12-24,JKAGRI,INE690O01011,BSE,386.0,0.0,0.0,205.315,0.0,0.0,0.0,0.0,0.0,0.0,166.02700000000002,166.02700000000002,166.02700000000002
2025-12-26,UCOBANK,INE691A01018,NSE,28.63,45.78,57166351.269999996,125437.3812,38.222,39.940000000000005,39.940000000000005,49546908.296000004,49268018.30142857,49268018.30142857,134735.109224,128290.11635857144,128290.11635857144
2025-12-24,SWASTIKA,INE691C01022,BSE,74.28,0.0,0.0,601.922,0.0,0.0,0.0,0.0,0.0,0.0,252.25300000000004,252.25300000000004,252.25300000000004
2025-12-24,SUDTIND-B,INE691D01012,BSE,77.72,0.0,0.0,4329.523,0.0,0.0,0.0,0.0,0.0,0.0,7385.36,7385.36,7385.36
2025-12-24,BOMBCYC,INE691K01017,BSE,1695.0,0.0,0.0,54.294,0.0,0.0,0.0,0.0,0.0,0.0,118.482,118.482,118.482
2025-12-26,GANGAFORGE,INE691Z01023,NSE,3.59,41.48,4485227.53,10969.7253,43.456,47.82,47.82,1644765.4039999999,2474458.9257142856,2474458.9257142856,4651.603349999999,6216.996267142857,6216.996267142857
2025-12-26,UNIONBANK,INE692A01016,NSE,150.22,36.87,147140039.34,399891.12919,42.556,45.18714285714286,45.18714285714286,425264779.3960001,500132556.4142858,500132556.4142858,1003683.4300960001,1091630.7969385716,1091630.7969385716
2025-12-26,MURUDCERA,INE692B01014,NSE,34.56,76.33,634141.4400000001,832.00207,47.376,53.26571428571429,53.26571428571429,791446.3360000001,779394.1885714286,779394.1885714286,2339.6217340000003,1996.9828514285714,1996.9828514285714
2025-12-24,TANAA,INE692C01020,BSE,294.4,0.0,0.0,3008.683,0.0,0.0,0.0,0.0,0.0,0.0,1803.3073333333334,1803.3073333333334,1803.3073333333334
2025-12-26,XCHANGING,INE692G01013,NSE,82.02,72.82,3388656.3,4651.82441,58.318000000000005,59.994285714285716,59.994285714285716,2234610.944,2406695.2542857146,2406695.2542857146,3854.520362,4015.4218357142854,4015.4218357142854
2025-12-26,AFFORDABLE,INE692Z01013,NSE,207.89,66.8,1527991.5,2288.0143199999998,55.258,53.43428571428573,53.43428571428573,7169749.862000001,5762049.198571429,5762049.198571429,14196.099965999998,11545.15801142857,11545.15801142857
2025-12-24,VADILENT,INE693D01018,BSE,10002.5,0.0,0.0,300.01,0.0,0.0,0.0,0.0,0.0,0.0,696.7716666666666,696.7716666666666,696.7716666666666
2025-12-24,JAYCH,INE693E01016,BSE,6.84,0.0,0.0,45.261,0.0,0.0,0.0,0.0,0.0,0.0,246.03633333333332,246.03633333333332,246.03633333333332
2025-12-26,UNITECH,INE694A01020,NSE,5.85,54.12,18963231.299999997,35079.98087,48.862,53.33714285714286,53.33714285714286,26435944.244,22133023.422857143,22133023.422857143,70919.71146600001,55907.66789714287,55907.66789714287
2025-12-26,VADILALIND,INE694D01016,NSE,4989.0,53.34,6974622.0,13115.4725,52.302,55.68714285714286,55.68714285714286,10721130.1,10898118.285714285,10898118.285714285,20301.870499999997,19491.26614285714,19491.26614285714
2025-12-26,KANPRPLA,INE694E01014,NSE,179.89,52.32,1078620.44,2098.23242,60.236000000000004,51.61285714285714,51.61285714285714,2727559.592,2048960.3071428572,2048960.3071428572,4275.256547999999,3427.9157585714283,3427.9157585714283
2025-12-26,HERANBA,INE694N01015,NSE,248.15,56.7,3991244.6,7105.93325,55.428,51.33,51.33,3861074.3299999996,4396465.107142857,4396465.107142857,6939.465549999999,8899.545385714286,8899.545385714286
2025-12-24,ASHNI,INE694W01024,BSE,3.21,0.0,0.0,1345.976,0.0,0.0,0.0,0.0,0.0,0.0,2527.8533333333335,2527.8533333333335,2527.8533333333335
2025-12-24,GGENG,INE694X01030,BSE,0.55,0.0,0.0,1902.235,0.0,0.0,0.0,0.0,0.0,0.0,1406.180333333333,1406.180333333333,1406.180333333333
2025-12-26,COUNCODOS,INE695B01025,NSE,5.22,74.41,337206.77999999997,460.01718,84.23,81.69142857142859,81.69142857142859,266146.624,221715.78714285715,221715.78714285715,316.06138,268.60269,268.60269
2025-12-24,WALCHPF,INE695D01021,BSE,128.9,0.0,0.0,213.857,0.0,0.0,0.0,0.0,0.0,0.0,140.22166666666666,140.22166666666666,140.22166666666666
2025-12-24,VANTABIO,INE695X01011,BSE,18.72,0.0,0.0,70.305,0.0,0.0,0.0,0.0,0.0,0.0,38.265,38.265,38.265
2025-12-26,JUNIPER,INE696F01016,NSE,259.07,52.15,4059108.76,7793.02419,50.682,53.688571428571436,53.688571428571436,5909337.014,11437144.27142857,11437144.27142857,11317.41209,19622.26473,19622.26473
2025-12-26,PRAKASHSTL,INE696K01024,NSE,5.0,63.51,6711310.0,10195.76411,73.38199999999999,71.91428571428571,71.91428571428571,617839.2880000001,593912.4171428572,593912.4171428572,858.65228,836.57797,836.57797
2025-12-26,JAIPURKURT,INE696V01013,NSE,29.03,90.64,85174.02,94.09874,71.036,74.39,74.39,242672.25199999995,359443.7914285714,359443.7914285714,340.4219939999999,474.2683157142857,474.2683157142857
2025-12-23,USHAKIRA,INE697C01011,BSE,42.0,0.0,0.0,0.63,0.0,0.0,0.0,0.0,0.0,0.0,19.311,19.311,19.311
2025-12-24,PANKAJPO,INE698B01011,BSE,33.43,0.0,0.0,2637.377,0.0,0.0,0.0,0.0,0.0,0.0,463.5623333333333,463.5623333333333,463.5623333333333
2025-12-24,JUMBO,INE699D01015,BSE,70.57,0.0,0.0,445.893,0.0,0.0,0.0,0.0,0.0,0.0,170.91133333333335,170.91133333333335,170.91133333333335
2025-12-26,AWL,INE699H01024,NSE,236.95,49.88,120601626.25,241390.20325,50.71,53.151428571428575,53.151428571428575,155924327.59999996,182875087.70714283,182875087.70714283,302827.77858,328889.56237142853,328889.56237142853
2025-12-26,JUBLPHARMA,INE700A01033,NSE,1074.6,58.23,42180199.199999996,72256.2059,55.574,56.037142857142854,56.037142857142854,88563709.08,75893549.55714285,75893549.55714285,138491.45288,121082.05518571429,121082.05518571429
2025-12-24,CFEL,INE700F01024,BSE,39.06,0.0,0.0,4396.092,0.0,0.0,0.0,0.0,0.0,0.0,406.69533333333334,406.69533333333334,406.69533333333334
2025-12-24,SHASHIJIT,INE700V01021,BSE,3.7,0.0,0.0,16.527,0.0,0.0,0.0,0.0,0.0,0.0,32.299,32.299,32.299
2025-12-26,VHL,INE701A01023,NSE,3594.1,47.92,247992.9,517.1828,57.652,60.58857142857143,60.58857142857143,511007.54000000004,597008.9571428571,597008.9571428571,880.1960000000001,973.7990857142858,973.7990857142858
2025-12-24,AKCAPIT,INE701G01012,BSE,1445.7,0.0,0.0,1212.462,0.0,0.0,0.0,0.0,0.0,0.0,1973.8853333333334,1973.8853333333334,1973.8853333333334
2025-12-26,APLAPOLLO,INE702C01027,NSE,1886.1,46.82,312381540.3,664457.0422,53.96600000000001,56.53857142857144,56.53857142857144,432960129.82,510823169.5,510823169.5,797358.4471799999,896241.6312857142,896241.6312857142
2025-12-24,PNTKYOR,INE702E01015,BSE,46.32,0.0,0.0,20.407,0.0,0.0,0.0,0.0,0.0,0.0,6.411666666666666,6.411666666666666,6.411666666666666
2025-12-24,JAGJANANI,INE702H01018,BSE,5.29,0.0,0.0,7.307,0.0,0.0,0.0,0.0,0.0,0.0,47.368,47.368,47.368
2025-12-26,RATNAMANI,INE703B01027,NSE,2311.9,70.53,13365093.9,18934.2248,57.69599999999999,57.694285714285705,57.694285714285705,15988855.080000002,16750157.271428572,16750157.271428572,26632.002339999995,28451.568171428567,28451.568171428567
2025-12-24,BIOGEN,INE703D01023,BSE,0.73,0.0,0.0,860.08,0.0,0.0,0.0,0.0,0.0,0.0,483.26800000000003,483.26800000000003,483.26800000000003
2025-12-26,HUBTOWN,INE703H01016,NSE,236.8,57.92,68570886.4,120325.3063,48.098,47.52,47.52,67206498.53999999,78395090.62142858,78395090.62142858,149941.96078000002,173492.15130714286,173492.15130714286
2025-12-26,RACLGEAR,INE704B01017,NSE,1178.3,20.47,59221358.0,283808.568,55.524,53.78285714285715,53.78285714285715,7130310.140000001,7202742.885714286,7202742.885714286,12708.11434,13947.032542857143,13947.032542857143
2025-12-24,BAJAJST,INE704G01024,BSE,503.2,0.0,0.0,3919.7,0.0,0.0,0.0,0.0,0.0,0.0,5484.706333333333,5484.706333333333,5484.706333333333
2025-12-26,CINELINE,INE704H01022,NSE,93.88,56.26,857312.1599999999,1533.93426,62.572,59.10000000000001,59.10000000000001,931164.9099999999,1001841.2214285714,1001841.2214285714,1381.88877,1705.5946,1705.5946
2025-12-26,COCHINSHIP,INE704P01025,NSE,1652.1,16.82,418921344.9,2525186.8415,23.720000000000002,29.381428571428575,29.381428571428575,487367546.82,464831928.9285714,464831928.9285714,2417593.05414,2004262.9451428573,2004262.9451428573
2025-12-26,SHIVATEX,INE705C01020,NSE,180.98,70.27,204507.4,292.89075,66.988,67.21428571428571,67.21428571428571,386755.90599999996,324362.89857142855,324362.89857142855,526.070066,445.9106485714286,445.9106485714286
2025-12-24,HIMTEK,INE705G01021,BSE,216.3,0.0,0.0,414.307,0.0,0.0,0.0,0.0,0.0,0.0,1651.6423333333332,1651.6423333333332,1651.6423333333332
2025-12-26,GOYALALUM,INE705X01026,NSE,6.75,70.36,367314.75,523.91137,73.48599999999999,71.85571428571428,71.85571428571428,367198.548,348626.2314285714,348626.2314285714,487.55738,476.8263514285714,476.8263514285714
2025-12-24,VIKASWSP,INE706A01022,BSE,1.24,0.0,0.0,74.757,0.0,0.0,0.0,0.0,0.0,0.0,374.077,374.077,374.077
2025-12-24,SAMKRG,INE706B01012,BSE,139.25,0.0,0.0,1564.777,0.0,0.0,0.0,0.0,0.0,0.0,513.0736666666667,513.0736666666667,513.0736666666667
2025-12-24,AUTOPINS,INE706C01028,BSE,130.75,0.0,0.0,17.528,0.0,0.0,0.0,0.0,0.0,0.0,22.682333333333332,22.682333333333332,22.682333333333332
2025-12-24,UNITEDINT,INE706D01018,BSE,82.0,0.0,0.0,33.38,0.0,0.0,0.0,0.0,0.0,0.0,3.5453333333333332,3.5453333333333332,3.5453333333333332
2025-12-24,SYLPH,INE706F01021,BSE,0.7,0.0,0.0,15273.289,0.0,0.0,0.0,0.0,0.0,0.0,21917.233333333334,21917.233333333334,21917.233333333334
2025-12-23,EASTBUILD,INE706N01017,BSE,66.34,0.0,0.0,10.355,0.0,0.0,0.0,0.0,0.0,0.0,103.25999999999999,103.25999999999999,103.25999999999999
2025-12-26,VINDHYATEL,INE707A01012,NSE,1411.8,66.65,3600090.0,5436.1625,55.672000000000004,57.511428571428574,57.511428571428574,5197610.42,4848293.2,4848293.2,9650.01556,8707.782628571429,8707.782628571429
2025-12-24,SEASONST,INE707B01010,BSE,17.0,0.0,0.0,18.479,0.0,0.0,0.0,0.0,0.0,0.0,137.0496666666667,137.0496666666667,137.0496666666667
2025-12-26,CAPTRUST,INE707C01018,NSE,13.91,69.62,2635569.43,3700.36256,79.54799999999999,76.48857142857142,76.48857142857142,1218513.2019999998,1204359.3657142855,1204359.3657142855,1560.25152,1599.7128142857143,1599.7128142857143
2025-12-26,VLSFINANCE,INE709A01018,NSE,291.7,52.28,5065370.5,9771.45065,46.222,41.40857142857143,41.40857142857143,7403526.43,8306374.178571428,8306374.178571428,16966.06687,27022.716364285712,27022.716364285712
2025-12-24,SKPSEC,INE709B01016,BSE,117.0,0.0,0.0,263.789,0.0,0.0,0.0,0.0,0.0,0.0,813.8843333333333,813.8843333333333,813.8843333333333
2025-12-24,ASHAI,INE709D01012,BSE,11.84,0.0,0.0,9.199,0.0,0.0,0.0,0.0,0.0,0.0,5.867333333333332,5.867333333333332,5.867333333333332
2025-12-26,VSTIND,INE710A01016,NSE,256.05,50.98,28391336.1,55934.6114,58.434000000000005,59.39285714285715,59.39285714285715,15216212.719999999,14538173.528571427,14538173.528571427,26124.542599999997,24632.53615,24632.53615
2025-12-24,BNRSEC,INE710D01028,BSE,17.31,0.0,0.0,800.968,0.0,0.0,0.0,0.0,0.0,0.0,533.2183333333334,533.2183333333334,533.2183333333334
2025-12-26,WALCHANNAG,INE711A01022,NSE,189.36,33.67,56347855.2,170911.57571,17.192,19.93142857142857,19.93142857142857,264578911.48999995,213492185.16571426,213492185.16571426,2864079.101466,2208233.47224,2208233.47224
2025-12-24,JASCH,INE711C01028,BSE,161.45,0.0,0.0,222.038,0.0,0.0,0.0,0.0,0.0,0.0,557.8913333333334,557.8913333333334,557.8913333333334
2025-12-24,BACPHAR,INE711D01018,BSE,36.03,0.0,0.0,663.037,0.0,0.0,0.0,0.0,0.0,0.0,994.5873333333334,994.5873333333334,994.5873333333334
2025-12-24,OCEANIC,INE711V01010,BSE,70.37,0.0,0.0,182.836,0.0,0.0,0.0,0.0,0.0,0.0,1436.6603333333333,1436.6603333333333,1436.6603333333333
2025-12-24,WARRENTEA,INE712A01012,BSE,44.05,0.0,0.0,38.345,0.0,0.0,0.0,0.0,0.0,0.0,46.61333333333334,46.61333333333334,46.61333333333334
2025-12-26,SUPERHOUSE,INE712B01010,NSE,145.58,81.45,245447.88000000003,304.39135,72.44800000000001,71.80142857142857,71.80142857142857,272437.478,290607.2628571429,290607.2628571429,375.66125000000005,404.82688142857154,404.82688142857154
2025-12-26,SHREEPUSHK,INE712K01011,NSE,380.85,56.82,3074982.9000000004,5459.7921,49.681999999999995,50.11,50.11,5392702.550000001,5262465.557142858,5262465.557142858,10740.532089999999,10346.801335714283,10346.801335714283
2025-12-24,RJSHAH,INE712Z01019,BSE,528.05,0.0,0.0,26.402,0.0,0.0,0.0,0.0,0.0,0.0,54.152,54.152,54.152
2025-12-26,SURYALAXMI,INE713B01026,NSE,57.71,84.2,211045.47,253.51164,63.188,70.31285714285714,70.31285714285714,257082.41599999997,201780.12428571424,201780.12428571424,438.56567800000005,333.97220285714286,333.97220285714286
2025-12-26,SURAJLTD,INE713C01016,NSE,245.9,98.74,192047.9,197.58125,74.864,76.99285714285715,76.99285714285715,220860.09,293225.6357142857,293225.6357142857,301.87584000000004,381.48185000000007,381.48185000000007
2025-12-24,CANDOUR,INE713D01055,BSE,154.65,0.0,0.0,3961.621,0.0,0.0,0.0,0.0,0.0,0.0,4890.358666666666,4890.358666666666,4890.358666666666
2025-12-26,APOLLO,INE713T01028,NSE,267.55,28.91,519803631.40000004,1806048.23215,36.246,38.71,38.71,342127279.33000004,290954931.2285715,290954931.2285715,954259.8595499999,786709.5225571428,786709.5225571428
2025-12-24,ANDHRAPET,INE714B01016,BSE,48.65,0.0,0.0,2246.228,0.0,0.0,0.0,0.0,0.0,0.0,1536.6456666666666,1536.6456666666666,1536.6456666666666
2025-12-24,CONART,INE714D01020,BSE,95.05,0.0,0.0,300.599,0.0,0.0,0.0,0.0,0.0,0.0,307.45099999999996,307.45099999999996,307.45099999999996
2025-12-24,CHPLIND,INE714Q01014,BSE,107.0,0.0,0.0,337.316,0.0,0.0,0.0,0.0,0.0,0.0,424.86066666666665,424.86066666666665,424.86066666666665
2025-12-24,IFL,INE714U01024,BSE,0.55,0.0,0.0,1828.622,0.0,0.0,0.0,0.0,0.0,0.0,2092.1066666666666,2092.1066666666666,2092.1066666666666
2025-12-26,WHEELS,INE715A01015,NSE,860.45,66.34,8737869.75,13258.867199999999,44.976,48.01,48.01,13451990.62,16726837.17142857,16726837.17142857,32801.91067,36414.69492142857,36414.69492142857
2025-12-26,ANDHRSUGAR,INE715B01021,NSE,74.63,78.17,5717180.409999999,7357.22139,54.818000000000005,56.38857142857143,56.38857142857143,4794755.346000001,4542278.32,4542278.32,9137.745426,8288.36311142857,8288.36311142857
2025-12-24,CORNE,INE715D01019,BSE,14.3,0.0,0.0,164.645,0.0,0.0,0.0,0.0,0.0,0.0,11.740666666666668,11.740666666666668,11.740666666666668
2025-12-24,LLFICL,INE715Q01029,BSE,3.9,0.0,0.0,1514.658,0.0,0.0,0.0,0.0,0.0,0.0,1639.3310000000001,1639.3310000000001,1639.3310000000001
2025-12-24,DHATRE,INE715T01031,BSE,5.85,0.0,0.0,237.564,0.0,0.0,0.0,0.0,0.0,0.0,227.46333333333334,227.46333333333334,227.46333333333334
2025-12-26,SHRADHA,INE715Y01031,NSE,39.92,78.4,228462.16,293.67909000000003,81.03200000000001,81.68857142857144,81.68857142857144,11611801.534,8333537.275714286,8333537.275714286,11554.157798000002,8300.373344285716,8300.373344285716
2025-12-26,WHIRLPOOL,INE716A01013,NSE,908.8,47.95,150293708.79999998,314889.29480000003,49.61,52.384285714285724,52.384285714285724,117746080.75999999,133416038.97142856,133416038.97142856,232310.20328000002,244961.8878,244961.8878
2025-12-26,TIPSMUSIC,INE716B01029,NSE,528.4,53.93,39305562.4,72840.55225,41.426,42.104285714285716,42.104285714285716,36937711.13,36764288.842857145,36764288.842857145,88340.77144000001,86695.56251428572,86695.56251428572
2025-12-24,CRSL,INE716D01033,BSE,3.17,0.0,0.0,4274.361,0.0,0.0,0.0,0.0,0.0,0.0,2101.145,2101.145,2101.145
2025-12-24,INDOKEM,INE716F01012,BSE,695.85,0.0,0.0,15343.474,0.0,0.0,0.0,0.0,0.0,0.0,7193.878333333333,7193.878333333333,7193.878333333333
2025-12-24,SFPIL,INE716K01020,BSE,9.39,0.0,0.0,11.669,0.0,0.0,0.0,0.0,0.0,0.0,22.295333333333332,22.295333333333332,22.295333333333332
2025-12-24,SWADEIN,INE716M01034,BSE,156.8,0.0,0.0,2833.53,0.0,0.0,0.0,0.0,0.0,0.0,4354.504333333333,4354.504333333333,4354.504333333333
2025-12-24,KENNAMET,INE717A01029,BSE,2108.25,0.0,0.0,8985.03,0.0,0.0,0.0,0.0,0.0,0.0,2853.9753333333333,2853.9753333333333,2853.9753333333333
2025-12-24,MANGIND,INE717C01025,BSE,0.99,0.0,0.0,66493.705,0.0,0.0,0.0,0.0,0.0,0.0,36349.04866666667,36349.04866666667,36349.04866666667
2025-12-24,CUBIFIN,INE717D01023,BSE,2.95,0.0,0.0,14.702,0.0,0.0,0.0,0.0,0.0,0.0,36.45666666666667,36.45666666666667,36.45666666666667
2025-12-24,TALBROSENG,INE717E01013,BSE,615.75,0.0,0.0,216.212,0.0,0.0,0.0,0.0,0.0,0.0,198.28599999999997,198.28599999999997,198.28599999999997
2025-12-24,VARIMAN,INE717F01028,BSE,6.82,0.0,0.0,6621.823,0.0,0.0,0.0,0.0,0.0,0.0,1040.977,1040.977,1040.977
2025-12-26,GANDHAR,INE717W01049,NSE,150.13,41.67,18667014.07,44435.63538,46.83,41.86,41.86,18452958.85,22577130.38857143,22577130.38857143,39151.125153999994,61277.99758857143,61277.99758857143
2025-12-24,USGTECH,INE718B01017,BSE,8.61,0.0,0.0,96.878,0.0,0.0,0.0,0.0,0.0,0.0,37.33133333333333,37.33133333333333,37.33133333333333
2025-12-26,CSLFINANCE,INE718F01018,NSE,317.1,79.68,2095079.7000000002,2627.22435,67.468,66.48857142857143,66.48857142857143,2524518.6,2865621.185714286,2865621.185714286,3669.10195,4245.918914285714,4245.918914285714
2025-12-26,AUTOIND,INE718H01014,NSE,79.84,62.85,4581059.5200000005,7335.63962,58.388,59.371428571428574,59.371428571428574,10782445.904000001,10800469.964285715,10800469.964285715,17959.517675999996,17789.288884285714,17789.288884285714
2025-12-26,JSWCEMENT,INE718I01012,NSE,118.72,59.08,118057661.12,200908.25038999997,60.596000000000004,58.620000000000005,58.620000000000005,117482688.00799999,109247711.35999998,109247711.35999998,190437.90715599997,183790.59096571428,183790.59096571428
2025-12-24,LAKSHMIEW,INE718M01022,BSE,2209.0,0.0,0.0,43.626,0.0,0.0,0.0,0.0,0.0,0.0,32.30866666666666,32.30866666666666,32.30866666666666
2025-12-24,JAMESWARREN,INE718P01017,BSE,346.3,0.0,0.0,167.901,0.0,0.0,0.0,0.0,0.0,0.0,426.4583333333333,426.4583333333333,426.4583333333333
2025-12-26,SHIVAUM,INE719F01016,NSE,299.7,85.19,13786.199999999999,16.2252,97.174,97.645,97.645,42117.42,36319.85,36319.85,43.51217,37.482324999999996,37.482324999999996
2025-12-26,KOTHARIPET,INE720A01015,NSE,131.24,50.48,2349720.96,4699.04181,55.95799999999999,54.145714285714284,54.145714285714284,3348814.756,2729077.055714286,2729077.055714286,5719.0053,4750.099392857142,4750.099392857142
2025-12-26,SHRIRAMFIN,INE721A01047,NSE,960.25,43.08,1960287958.75,4561461.7116,51.184000000000005,53.07714285714286,53.07714285714286,9543673176.94,7982821232.871429,7982821232.871429,19261718.542880002,15821088.611414285,15821088.611414285
2025-12-19,94SFL28,INE721A07NX5,BSE,1065.99,0.0,0.0,106.599,0.0,0.0,0.0,0.0,0.0,0.0,106.599,106.599,106.599
2025-12-24,GARBIFIN,INE721C01019,BSE,13.13,0.0,0.0,3.325,0.0,0.0,0.0,0.0,0.0,0.0,28.615,28.615,28.615
2025-12-24,GSLSEC,INE721D01017,BSE,42.0,0.0,0.0,14.074,0.0,0.0,0.0,0.0,0.0,0.0,20.55033333333333,20.55033333333333,20.55033333333333
2025-12-19,GEL,INE721X01015,BSE,294.0,0.0,0.0,110.25,0.0,0.0,0.0,0.0,0.0,0.0,334.462,334.462,334.462
2025-12-26,AARON,INE721Z01010,NSE,176.21,67.91,1537256.04,2280.1038799999997,64.074,65.07285714285715,65.07285714285715,1054459.4759999998,946007.3742857141,946007.3742857141,1701.748918,1498.4714214285716,1498.4714214285716
2025-12-24,PRAVEG,INE722B01019,BSE,330.5,0.0,0.0,32288.945,0.0,0.0,0.0,0.0,0.0,0.0,44412.427,44412.427,44412.427
2025-12-24,HARDCAS,INE722D01015,BSE,729.95,0.0,0.0,48.694,0.0,0.0,0.0,0.0,0.0,0.0,10.697666666666665,10.697666666666665,10.697666666666665
2025-12-26,RGL,INE722H01024,NSE,123.19,58.4,44272638.15,76031.21823,40.215999999999994,41.550000000000004,41.550000000000004,14431897.118,14602684.581428573,14602684.581428573,38433.289952,37032.69698857143,37032.69698857143
2025-12-26,RKDL,INE722J01012,NSE,23.12,26.35,249118.0,958.85272,75.15,79.77857142857144,79.77857142857144,234975.544,333971.98285714287,333971.98285714287,351.352464,437.4686685714286,437.4686685714286
2025-12-24,JATTAINDUS,INE722N01014,BSE,390.0,0.0,0.0,493.417,0.0,0.0,0.0,0.0,0.0,0.0,29.489,29.489,29.489
2025-12-24,ABHIFIN,INE723C01015,BSE,42.35,0.0,0.0,104.895,0.0,0.0,0.0,0.0,0.0,0.0,104.895,104.895,104.895
2025-12-24,RUDRAECO,INE723D01021,BSE,25.45,0.0,0.0,1384.179,0.0,0.0,0.0,0.0,0.0,0.0,1465.6473333333333,1465.6473333333333,1465.6473333333333
2025-12-24,ASHUTPM,INE723K01018,BSE,8.38,0.0,0.0,62.702,0.0,0.0,0.0,0.0,0.0,0.0,23.396,23.396,23.396
2025-12-24,PRIMAIN,INE723N01012,BSE,22.26,0.0,0.0,140.339,0.0,0.0,0.0,0.0,0.0,0.0,3.447,3.447,3.447
2025-12-24,LKPFIN,INE724A01017,BSE,974.85,0.0,0.0,30401.367,0.0,0.0,0.0,0.0,0.0,0.0,9944.696666666667,9944.696666666667,9944.696666666667
2025-12-24,HINDHARD,INE724D01011,BSE,902.4,0.0,0.0,1108.848,0.0,0.0,0.0,0.0,0.0,0.0,600.0533333333333,600.0533333333333,600.0533333333333
2025-12-24,SALAUTO,INE724G01014,BSE,215.0,0.0,0.0,11.179,0.0,0.0,0.0,0.0,0.0,0.0,156.52733333333333,156.52733333333333,156.52733333333333
2025-12-26,NAVA,INE725A01030,NSE,555.35,41.11,32946694.1,80702.51525,46.66,47.02571428571428,47.02571428571428,63431896.75999999,58784118.35714285,58784118.35714285,135584.58541,125167.41459999999,125167.41459999999
2025-12-26,ORISSAMINE,INE725E01024,NSE,5128.7,22.43,98327436.39999999,436710.7167,35.006,41.59428571428572,41.59428571428572,33184670.079999994,26761918.728571422,26761918.728571422,142726.0463,107390.67665714286,107390.67665714286
2025-12-26,ICRA,INE725G01011,NSE,6135.5,52.1,8282925.0,16043.689,68.376,64.93,64.93,37560477.4,29491428.57142857,29491428.57142857,54221.17059999999,43406.52799999999,43406.52799999999
2025-12-26,KARMAENG,INE725L01011,NSE,49.49,88.85,218795.29,248.37458999999998,65.888,64.00571428571429,64.00571428571429,390806.79399999994,354943.7485714285,354943.7485714285,585.2013119999999,537.2980885714286,537.2980885714286
2025-12-24,WAAREE,INE725P01012,BSE,224.7,0.0,0.0,2539.136,0.0,0.0,0.0,0.0,0.0,0.0,1928.1436666666668,1928.1436666666668,1928.1436666666668
2025-12-24,JINDHOT,INE726D01016,BSE,74.67,0.0,0.0,57.18,0.0,0.0,0.0,0.0,0.0,0.0,39.20633333333333,39.20633333333333,39.20633333333333
2025-12-24,UPHOT,INE726E01014,BSE,1574.85,0.0,0.0,203.347,0.0,0.0,0.0,0.0,0.0,0.0,369.1816666666667,369.1816666666667,369.1816666666667
2025-12-26,ICICIPRULI,INE726G01019,NSE,649.95,50.38,83163052.35000001,165052.1242,64.072,62.84857142857144,62.84857142857144,503230712.51000005,530300338.57857144,530300338.57857144,708384.7059299999,754406.4715999999,754406.4715999999
2025-12-26,DELPHIFX,INE726L01019,NSE,235.94,31.39,1541867.9,5013.06366,34.727999999999994,32.941428571428574,32.941428571428574,5284397.996,4459780.351428571,4459780.351428571,14127.253172,12524.078535714287,12524.078535714287
2025-12-26,PRICOLLTD,INE726V01018,NSE,622.4,53.88,81781492.8,152813.25675,45.002,47.547142857142866,47.547142857142866,163527998.26,241517329.5,241517329.5,365544.27820999996,496650.98758571426,496650.98758571426
2025-12-23,SPACAPS,INE726X01014,BSE,235.0,0.0,0.0,0.235,0.0,0.0,0.0,0.0,0.0,0.0,0.859,0.859,0.859
2025-12-26,GENESYS,INE727B01026,NSE,439.45,45.85,30139678.25,66250.68505,30.553999999999995,37.14999999999999,37.14999999999999,76984865.19000001,61385335.32857144,61385335.32857144,434848.84245999996,322151.7203142857,322151.7203142857
2025-12-24,CGFL,INE727C01024,BSE,30.23,0.0,0.0,1013.727,0.0,0.0,0.0,0.0,0.0,0.0,671.43,671.43,671.43
2025-12-26,BRNL,INE727S01012,NSE,22.09,56.11,801381.02,1437.93981,54.638,59.144285714285715,59.144285714285715,823350.7220000001,706735.7228571429,706735.7228571429,1650.1119800000001,1344.9398500000002,1344.9398500000002
2025-12-24,SMFIL,INE728B01032,BSE,4.87,0.0,0.0,335.577,0.0,0.0,0.0,0.0,0.0,0.0,65.65633333333334,65.65633333333334,65.65633333333334
2025-12-24,SHIVA,INE728Q01014,BSE,7.5,0.0,0.0,22.665,0.0,0.0,0.0,0.0,0.0,0.0,16.888,16.888,16.888
2025-12-26,SOFTTECH,INE728Z01015,NSE,315.95,29.71,407891.45,1384.8193,32.12800000000001,27.998571428571434,27.998571428571434,258272.21000000002,236169.17142857146,236169.17142857146,877.63118,914.4277714285714,914.4277714285714
2025-12-23,PURSHOTTAM,INE729C01020,BSE,37.22,0.0,0.0,0.212,0.0,0.0,0.0,0.0,0.0,0.0,79.479,79.479,79.479
2025-12-26,KILITCH,INE729D01010,NSE,343.55,69.0,1324385.25,1931.7329,50.028000000000006,49.91285714285715,49.91285714285715,2073530.05,1706210.1714285717,1706210.1714285717,5031.57654,4047.6792785714283,4047.6792785714283
2025-12-24,PRISMMEDI,INE730E01016,BSE,19.78,0.0,0.0,33.531,0.0,0.0,0.0,0.0,0.0,0.0,65.79766666666667,65.79766666666667,65.79766666666667
2025-12-24,SNIM,INE730R01042,BSE,19.35,0.0,0.0,0.154,0.0,0.0,0.0,0.0,0.0,0.0,0.205,0.205,0.205
2025-12-26,ARCHIES,INE731A01020,NSE,18.66,66.12,672506.4,1023.17154,61.63199999999999,66.05571428571429,66.05571428571429,536969.738,415204.6185714286,415204.6185714286,998.66649,755.7611528571427,755.7611528571427
2025-12-24,HOTLSILV,INE731B01010,BSE,12.44,0.0,0.0,5.467,0.0,0.0,0.0,0.0,0.0,0.0,27.41433333333333,27.41433333333333,27.41433333333333
2025-12-26,KHAITANLTD,INE731C01018,NSE,100.66,95.56,140924.0,147.14763,78.364,75.39,75.39,171012.982,181747.18571428568,181747.18571428568,254.19919600000003,258.47485571428575,258.47485571428575
2025-12-24,KPT,INE731D01024,BSE,601.95,0.0,0.0,662.672,0.0,0.0,0.0,0.0,0.0,0.0,912.651,912.651,912.651
2025-12-24,WELSPLSOL,INE731F01037,BSE,38.98,0.0,0.0,12345.207,0.0,0.0,0.0,0.0,0.0,0.0,22641.769666666663,22641.769666666663,22641.769666666663
2025-12-24,KHOOBSURAT,INE731G01027,BSE,0.56,0.0,0.0,407.501,0.0,0.0,0.0,0.0,0.0,0.0,521.84,521.84,521.84
2025-12-26,ACE,INE731H01025,NSE,951.2,51.46,45034564.0,87732.56955,51.85999999999999,48.304285714285705,48.304285714285705,85253083.42999999,79490270.86428571,79490270.86428571,165451.06657999998,167321.7402428571,167321.7402428571
2025-12-26,DIGJAMLMTD,INE731U01028,NSE,50.98,59.45,65611.26,110.60628,84.366,83.73714285714286,83.73714285714286,401143.044,624890.3428571429,624890.3428571429,464.572112,757.8363157142857,757.8363157142857
2025-12-26,KIRLOSBROS,INE732A01036,NSE,1601.8,44.29,24300907.8,55410.687,41.69199999999999,46.068571428571424,46.068571428571424,32313062.8,78628943.68571427,78628943.68571427,76008.21325999999,152892.22367142857,152892.22367142857
2025-12-26,NCLIND,INE732C01016,NSE,196.65,66.35,2289792.6,3453.42063,71.90599999999999,68.31142857142858,68.31142857142858,5893401.134000001,4764603.73,4764603.73,8116.773093999999,6737.5227428571425,6737.5227428571425
2025-12-26,ANGELONE,INE732I01013,NSE,2495.8,39.89,452535960.20000005,1139000.1021,28.387999999999998,26.23,26.23,363873546.58,311291470.64285713,311291470.64285713,1269989.9182600002,1152422.7258857144,1152422.7258857144
2025-12-24,PROFINC,INE732K01027,BSE,8.52,0.0,0.0,45034.839,0.0,0.0,0.0,0.0,0.0,0.0,20304.365333333335,20304.365333333335,20304.365333333335
2025-12-26,SAKAR,INE732S01012,NSE,423.7,80.5,6255506.8,7740.94055,60.222,64.32285714285715,64.32285714285715,7771712.040000001,9899760.492857143,9899760.492857143,13063.175220000001,15168.92305,15168.92305
2025-12-26,STARPAPER,INE733A01018,NSE,162.82,88.38,71803.62,81.53595,79.082,83.0,83.0,334305.188,307095.0571428571,307095.0571428571,443.669188,390.62127142857145,390.62127142857145
2025-12-26,NTPC,INE733E01010,NSE,324.1,55.96,757116721.9000001,1353342.1031,66.928,67.97571428571429,67.97571428571429,1631842498.6,1498309786.0357144,1498309786.0357144,2376316.89261,2169131.946964286,2169131.946964286
2025-12-24,LAKESHORE,INE734D01010,BSE,87.66,0.0,0.0,86.215,0.0,0.0,0.0,0.0,0.0,0.0,405.1275,405.1275,405.1275
2025-12-26,FINKURVE,INE734I01027,NSE,102.38,41.88,269873.68,652.00216,39.019999999999996,38.75857142857143,38.75857142857143,1038289.4280000001,938143.5714285716,938143.5714285716,2677.5616039999995,2406.8759928571426,2406.8759928571426
2025-12-26,SNOWMAN,INE734N01019,NSE,40.29,60.95,5285725.68,8710.94382,52.242000000000004,55.33571428571429,55.33571428571429,5777986.774000001,5570587.167142858,5570587.167142858,10975.911757999998,10185.794522857143,10185.794522857143
2025-12-24,AMRAAGRI,INE735C01027,BSE,0.61,0.0,0.0,141.61,0.0,0.0,0.0,0.0,0.0,0.0,115.08133333333332,115.08133333333332,115.08133333333332
2025-12-26,SAMPANN,INE735M01018,NSE,32.64,55.57,1194689.28,2216.8925099999997,58.153999999999996,54.46857142857142,54.46857142857142,587225.402,528600.2742857143,528600.2742857143,1030.019492,976.5015400000001,976.5015400000001
2025-12-26,UTKARSHBNK,INE735W01017,NSE,14.89,63.41,38979399.36,61812.17591,49.029999999999994,48.65142857142856,48.65142857142856,37091004.883999996,33297298.66142857,33297298.66142857,74606.12986,67463.23037285714,67463.23037285714
2025-12-24,11USFBL31,INE735W08053,BSE,100940.0,0.0,0.0,402.4,0.0,0.0,0.0,0.0,0.0,0.0,402.4,402.4,402.4
2025-12-26,CDSL,INE736A01011,NSE,1482.7,51.15,920305959.2,1807084.544,35.010000000000005,35.135714285714286,35.135714285714286,451492333.38,482580545.84285706,482580545.84285706,1306173.89038,1370844.1764428571,1370844.1764428571
2025-12-24,GSAUTO,INE736H01024,BSE,33.98,0.0,0.0,239.633,0.0,0.0,0.0,0.0,0.0,0.0,109.90433333333333,109.90433333333333,109.90433333333333
2025-12-24,NORTHLINK,INE736P01019,BSE,15.84,0.0,0.0,0.015,0.0,0.0,0.0,0.0,0.0,0.0,0.015,0.015,0.015
2025-12-26,ADROITINFO,INE737B01033,NSE,10.12,62.49,961865.5199999999,1498.61975,81.68599999999999,83.24857142857142,83.24857142857142,654028.726,516973.6228571428,516973.6228571428,811.8265960000001,637.4235457142858,637.4235457142858
2025-12-24,VIVIDIND,INE737C01023,BSE,17.02,0.0,0.0,61.21,0.0,0.0,0.0,0.0,0.0,0.0,26.868666666666666,26.868666666666666,26.868666666666666
2025-12-26,MODISONLTD,INE737D01021,NSE,143.92,38.85,6721783.6,17363.41845,53.366,52.56285714285714,52.56285714285714,2606819.122,2464077.63,2464077.63,4899.137402,4700.587682857143,4700.587682857143
2025-12-24,SOMAPPR,INE737E01011,BSE,142.32,0.0,0.0,11.67,0.0,0.0,0.0,0.0,0.0,0.0,103.04066666666665,103.04066666666665,103.04066666666665
2025-12-24,HARAFIN,INE737G01016,BSE,85.03,0.0,0.0,45.197,0.0,0.0,0.0,0.0,0.0,0.0,45.197,45.197,45.197
2025-12-26,FIEMIND,INE737H01014,NSE,2306.2,56.23,88631878.39999999,159440.45880000002,47.908,50.31142857142857,50.31142857142857,102544466.34,99674278.51428571,99674278.51428571,199172.83632000003,186918.65600000002,186918.65600000002
2025-12-26,AKASH,INE737W01013,NSE,25.41,35.07,28840.35,82.72911,67.17,64.25428571428571,64.25428571428571,92405.048,109673.82571428572,109673.82571428572,145.891274,204.90996142857142,204.90996142857142
2025-12-24,MRUTR,INE738D01029,BSE,5.31,0.0,0.0,0.414,0.0,0.0,0.0,0.0,0.0,0.0,0.5786666666666668,0.5786666666666668,0.5786666666666668
2025-12-26,ECLERX,INE738I01010,NSE,4681.4,34.69,34848341.599999994,101091.5692,42.31,39.540000000000006,39.540000000000006,112348460.9,116736771.34285715,116736771.34285715,260281.3162,321358.2213571429,321358.2213571429
2025-12-24,HELPAGE,INE738P01015,BSE,26.48,0.0,0.0,321.227,0.0,0.0,0.0,0.0,0.0,0.0,175.3663333333333,175.3663333333333,175.3663333333333
2025-12-26,ARTNIRMAN,INE738V01013,NSE,48.67,52.72,15087.7,28.34479,62.739999999999995,65.96285714285715,65.96285714285715,47548.492000000006,76059.62857142858,76059.62857142858,87.084084,122.96292000000001,122.96292000000001
2025-12-26,CERA,INE739E01017,NSE,5181.0,56.58,71917461.0,127107.0705,56.36,48.76714285714286,48.76714285714286,47202036.8,56340420.71428572,56340420.71428572,81684.35319999998,134212.79507142855,134212.79507142855
2025-12-26,NRAIL,INE740D01017,NSE,479.85,62.44,13583113.950000001,22130.65075,64.522,61.55857142857143,61.55857142857143,6779260.05,5203567.907142857,5203567.907142857,9652.726999999999,7554.658864285714,7554.658864285714
2025-12-26,AGROPHOS,INE740V01019,NSE,39.18,72.41,676129.26,937.2230500000001,74.422,68.36857142857143,68.36857142857143,649993.586,578021.7442857142,578021.7442857142,880.2408740000001,846.0133,846.0133
2025-12-26,LAL,INE740X01023,NSE,9.27,71.3,163504.25999999998,229.1895,63.61399999999999,59.9242857142857,59.9242857142857,127940.124,122206.10571428572,122206.10571428572,206.027402,205.21239857142857,205.21239857142857
2025-12-24,MYSORPETRO,INE741A01011,BSE,108.3,0.0,0.0,9.771,0.0,0.0,0.0,0.0,0.0,0.0,17.639,17.639,17.639
2025-12-24,GLITTEKG,INE741B01027,BSE,11.17,0.0,0.0,2690.375,0.0,0.0,0.0,0.0,0.0,0.0,516.7483333333333,516.7483333333333,516.7483333333333
2025-12-24,NEELKAN,INE741D01015,BSE,17.15,0.0,0.0,20.288,0.0,0.0,0.0,0.0,0.0,0.0,9.197666666666667,9.197666666666667,9.197666666666667
2025-12-26,CREDITACC,INE741K01010,NSE,1261.6,50.35,210122003.2,423939.3922,45.85000000000001,44.75,44.75,73326818.53999999,78545285.85714285,78545285.85714285,152853.42946,173166.00664285716,173166.00664285716
2025-12-26,DUCON,INE741L01018,NSE,3.55,81.96,1157193.5,1442.80241,78.35000000000001,79.03,79.03,870128.682,1000349.9771428572,1000349.9771428572,1124.596328,1282.7964985714286,1282.7964985714286
2025-12-26,GUFICBIO,INE742B01025,NSE,333.75,55.68,9274578.75,16750.01155,48.162,49.29857142857143,49.29857142857143,6250375.390000001,5631311.242857143,5631311.242857143,12463.24635,11134.519957142857,11134.519957142857
2025-12-26,JINDRILL,INE742C01031,NSE,559.15,42.0,33182756.75,80282.71815,48.45399999999999,52.99285714285714,52.99285714285714,71056750.46000001,61077050.9,61077050.9,198430.03271,157282.10930714288,157282.10930714288
2025-12-26,ADANIPORTS,INE742F01042,NSE,1487.1,47.55,619799486.4,1307953.1243,52.038,53.55,53.55,845768119.56,859932046.2714285,859932046.2714285,1596739.2919200002,1586329.4864857143,1586329.4864857143
2025-12-24,PADMAIND,INE743D01011,BSE,9.51,0.0,0.0,0.104,0.0,0.0,0.0,0.0,0.0,0.0,4.170999999999999,4.170999999999999,4.170999999999999
2025-12-26,RHIM,INE743M01012,NSE,449.65,46.62,18716681.25,40202.76835,46.878,48.24857142857143,48.24857142857143,27032037.79,26706940.164285712,26706940.164285712,65388.45579999998,60967.07129999999,60967.07129999999
2025-12-24,NORRIS,INE744C01029,BSE,16.9,0.0,0.0,22.091,0.0,0.0,0.0,0.0,0.0,0.0,18.960333333333335,18.960333333333335,18.960333333333335
2025-12-24,PANJON,INE744D01019,BSE,17.63,0.0,0.0,350.975,0.0,0.0,0.0,0.0,0.0,0.0,266.601,266.601,266.601
2025-12-24,YASTF,INE745A01012,BSE,168.0,0.0,0.0,1.68,0.0,0.0,0.0,0.0,0.0,0.0,9.746,9.746,9.746
2025-12-26,KHAICHEM,INE745B01028,NSE,81.0,54.94,6663789.0,12194.41439,44.356,48.41285714285714,48.41285714285714,6340038.034,6842257.850000001,6842257.850000001,14332.358108,14033.65350857143,14033.65350857143
2025-12-26,MCX,INE745G01035,NSE,11052.0,27.05,1220958648.0,4487772.757,32.17999999999999,31.621428571428567,31.621428571428567,1584970036.8,1401651633.4285715,1401651633.4285715,5008019.191000001,4482810.552571429,4482810.552571429
2025-12-24,AMARSEC,INE745P01010,BSE,12.8,0.0,0.0,172.187,0.0,0.0,0.0,0.0,0.0,0.0,268.75466666666665,268.75466666666665,268.75466666666665
2025-12-24,REGIS,INE745R01024,BSE,2.87,0.0,0.0,415.593,0.0,0.0,0.0,0.0,0.0,0.0,398.29266666666666,398.29266666666666,398.29266666666666
2025-12-24,PIONRINV,INE746D01014,BSE,118.72,0.0,0.0,2269.215,0.0,0.0,0.0,0.0,0.0,0.0,1964.7876666666668,1964.7876666666668,1964.7876666666668
2025-12-23,DRA,INE746V01016,BSE,17.83,0.0,0.0,458.025,0.0,0.0,0.0,0.0,0.0,0.0,65.925,65.925,65.925
2025-12-26,NEXTMEDIA,INE747B01016,NSE,6.19,80.39,72794.40000000001,89.69824,80.656,71.97714285714287,71.97714285714287,49764.19600000001,45778.01142857143,45778.01142857143,62.54758199999999,67.56266857142856,67.56266857142856
2025-12-26,3IINFOLTD,INE748C01038,NSE,16.75,80.8,3546645.0,4392.91616,70.474,70.11285714285715,70.11285714285715,4389963.538,3780759.6514285714,3780759.6514285714,6390.897304,5501.699207142857,5501.699207142857
2025-12-24,PRIMECAPM,INE748D01010,BSE,8.36,0.0,0.0,0.292,0.0,0.0,0.0,0.0,0.0,0.0,23.439666666666664,23.439666666666664,23.439666666666664
2025-12-26,SUMIT,INE748Z01013,NSE,70.19,67.67,480801.5,718.7076800000001,57.898,54.95857142857143,54.95857142857143,806245.2200000001,690491.1285714286,690491.1285714286,1408.1016220000001,1245.2368000000001,1245.2368000000001
2025-12-26,JINDALSTEL,INE749A01030,NSE,986.5,44.72,344181958.0,772571.7517,45.995999999999995,47.47142857142857,47.47142857142857,628722513.6800001,628611133.6428572,628611133.6428572,1241866.2240799998,1205916.6535142858,1205916.6535142858
2025-12-26,ORIENTHOT,INE750A01020,NSE,102.3,58.41,17055865.2,29313.11302,54.096000000000004,55.371428571428574,55.371428571428574,20647109.068,17990881.691428572,17990881.691428572,42296.063748,35734.82052285714,35734.82052285714
2025-12-24,PARKERAC,INE750B01010,BSE,19.8,0.0,0.0,5.94,0.0,0.0,0.0,0.0,0.0,0.0,1.6216666666666668,1.6216666666666668,1.6216666666666668
2025-12-26,MARKSANS,INE750C01026,NSE,178.96,58.03,44557639.760000005,77392.09490000001,44.888,47.64,47.64,42763254.17999999,59432730.84714285,59432730.84714285,94793.04256,116067.72835285714,116067.72835285714
2025-12-26,RELCHEMQ,INE750D01016,NSE,135.45,73.16,321151.94999999995,443.40181,65.524,63.401428571428575,63.401428571428575,249608.28199999998,323964.01999999996,323964.01999999996,332.596496,478.1179485714286,478.1179485714286
2025-12-19,EY,INE750G01019,BSE,970.0,0.0,0.0,0.97,0.0,0.0,0.0,0.0,0.0,0.0,10.474,10.474,10.474
2025-12-26,HEXATRADEX,INE750M01017,NSE,160.32,96.06,605368.32,632.37638,64.56,66.81428571428572,66.81428571428572,225198.31399999995,400857.96428571426,400857.96428571426,345.79501600000003,564.45998,564.45998
2025-12-24,AARNAV,INE750R01016,BSE,30.6,0.0,0.0,702.483,0.0,0.0,0.0,0.0,0.0,0.0,1758.5403333333334,1758.5403333333334,1758.5403333333334
2025-12-26,PIXTRANS,INE751B01018,NSE,1430.7,49.39,3925840.8000000003,7934.9486,64.99,67.25285714285714,67.25285714285714,4804757.36,6682779.685714285,6682779.685714285,7436.34574,9554.700057142856,9554.700057142856
2025-12-24,SANDUPHQ,INE751D01014,BSE,38.59,0.0,0.0,41.794,0.0,0.0,0.0,0.0,0.0,0.0,40.376333333333335,40.376333333333335,40.376333333333335
2025-12-24,RAJPUTANA,INE751R01014,BSE,38.0,0.0,0.0,11.4,0.0,0.0,0.0,0.0,0.0,0.0,14.358333333333334,14.358333333333334,14.358333333333334
2025-12-24,POLYCHEM,INE752B01024,BSE,2140.0,0.0,0.0,8.44,0.0,0.0,0.0,0.0,0.0,0.0,118.30700000000002,118.30700000000002,118.30700000000002
2025-12-26,POWERGRID,INE752E01010,NSE,265.45,71.71,1147594501.8,1605329.0513,70.08,70.46428571428571,70.46428571428571,2041938375.81,1999956963.2571428,1999956963.2571428,2859827.15503,2796837.9039785713,2796837.9039785713
2025-12-26,MSPL,INE752G01015,NSE,35.57,52.75,37043095.98,71574.2243,50.49400000000001,51.220000000000006,51.220000000000006,29667219.046000004,31008952.574285716,31008952.574285716,59200.322014,60908.58021571429,60908.58021571429
2025-12-26,CARERATING,INE752H01013,NSE,1603.7,48.21,21598631.6,44710.6696,62.86400000000001,63.81285714285715,63.81285714285715,38941304.84,37129043.800000004,37129043.800000004,62233.31452,58453.975842857144,58453.975842857144
2025-12-24,RAGHUNAT,INE753B01014,BSE,11.71,0.0,0.0,38.743,0.0,0.0,0.0,0.0,0.0,0.0,39.207,39.207,39.207
2025-12-24,SHRICON,INE753D01010,BSE,184.85,0.0,0.0,22.684,0.0,0.0,0.0,0.0,0.0,0.0,9.823666666666666,9.823666666666666,9.823666666666666
2025-12-26,EMMBI,INE753K01015,NSE,98.96,68.37,680745.84,997.8723299999999,56.646,58.10857142857144,58.10857142857144,681247.606,733570.2999999999,733570.2999999999,1177.9132140000002,1251.069335714286,1251.069335714286
2025-12-26,DIVGIITTS,INE753U01022,NSE,605.45,68.47,2037944.7000000002,2976.96375,66.446,64.56857142857143,64.56857142857143,1397296.05,1197751.0642857144,1197751.0642857144,2049.99797,1800.1256428571428,1800.1256428571428
2025-12-26,SANGINITA,INE753W01010,NSE,9.84,92.56,459498.48,504.01665,87.326,84.14999999999999,84.14999999999999,389002.0,357789.5228571429,357789.5228571429,446.607622,412.3309528571429,412.3309528571429
2025-12-26,SUBEXLTD,INE754A01055,NSE,11.39,45.49,13372771.200000001,29571.77855,47.388,45.26142857142857,45.26142857142857,5421748.899999999,4936746.527142857,4936746.527142857,11500.617124,10895.73987,10895.73987
2025-12-24,RAGHUTOB,INE754B01012,BSE,17.39,0.0,0.0,9.969,0.0,0.0,0.0,0.0,0.0,0.0,47.941,47.941,47.941
2025-12-24,SODFC,INE754C01010,BSE,115.0,0.0,0.0,2.187,0.0,0.0,0.0,0.0,0.0,0.0,461.86600000000004,461.86600000000004,461.86600000000004
2025-12-24,SOBME,INE754D01018,BSE,879.85,0.0,0.0,268.684,0.0,0.0,0.0,0.0,0.0,0.0,652.1336666666666,652.1336666666666,652.1336666666666
2025-12-26,AARVI,INE754X01016,NSE,128.4,39.17,661260.0,1694.51143,51.402,51.642857142857146,51.642857142857146,1139857.6420000002,1059044.9171428573,1059044.9171428573,2684.710946,2389.369975714286,2389.369975714286
2025-12-24,STOVACQ,INE755D01015,BSE,2049.7,0.0,0.0,1307.93,0.0,0.0,0.0,0.0,0.0,0.0,606.0493333333334,606.0493333333334,606.0493333333334
2025-12-24,GALLOPENT,INE755J01012,BSE,23.7,0.0,0.0,42.091,0.0,0.0,0.0,0.0,0.0,0.0,7.379333333333332,7.379333333333332,7.379333333333332
2025-12-24,VISHAL,INE755Q01025,BSE,27.01,0.0,0.0,1706.913,0.0,0.0,0.0,0.0,0.0,0.0,1686.6626666666664,1686.6626666666664,1686.6626666666664
2025-12-24,VXLINSTR,INE756A01019,BSE,2.71,0.0,0.0,12.072,0.0,0.0,0.0,0.0,0.0,0.0,4.585,4.585,4.585
2025-12-26,NDGL,INE756C01015,NSE,2889.4,78.06,442078.2,563.3177,78.00399999999999,79.75,79.75,391905.72000000003,593430.5571428572,593430.5571428572,517.97866,746.2266,746.2266
2025-12-26,HDBFS,INE756I01012,NSE,758.4,49.89,173400576.0,345031.54525,56.83599999999999,55.49714285714284,55.49714285714284,1083039796.23,825849826.5928571,825849826.5928571,1837691.5314500001,1414088.2481642857,1414088.2481642857
2025-12-23,ZCHDBFS28,INE756I07FI1,BSE,101975.8,0.0,0.0,1733.588,0.0,0.0,0.0,0.0,0.0,0.0,1733.588,1733.588,1733.588
2025-12-24,MEGRISOFT,INE756R01013,BSE,99.5,0.0,0.0,5.168,0.0,0.0,0.0,0.0,0.0,0.0,35.717999999999996,35.717999999999996,35.717999999999996
2025-12-26,COSMOFIRST,INE757A01017,NSE,668.95,44.06,9076982.55,20797.3577,59.0,59.790000000000006,59.790000000000006,14682659.529999997,16099831.22142857,16099831.22142857,25317.358809999998,27250.594814285716,27250.594814285716
2025-12-26,TRANSWORLD,INE757B01015,NSE,203.72,45.83,4482654.88,9909.918800000001,49.916,43.66857142857143,43.66857142857143,3149521.228,5013368.2485714285,5013368.2485714285,6221.256636,15995.50716857143,15995.50716857143
2025-12-24,ADDIND,INE757C01021,BSE,106.9,0.0,0.0,157.835,0.0,0.0,0.0,0.0,0.0,0.0,150.40233333333333,150.40233333333333,150.40233333333333
2025-12-24,TEEAI,INE757D01011,BSE,119.65,0.0,0.0,154.881,0.0,0.0,0.0,0.0,0.0,0.0,41.599,41.599,41.599
2025-12-24,AEPL,INE757T01025,BSE,20.73,0.0,0.0,208.68,0.0,0.0,0.0,0.0,0.0,0.0,170.17433333333335,170.17433333333335,170.17433333333335
2025-12-24,AVANCE,INE758A01072,BSE,1.59,0.0,0.0,69606.039,0.0,0.0,0.0,0.0,0.0,0.0,63863.304000000004,63863.304000000004,63863.304000000004
2025-12-26,AHLUCONT,INE758C01029,NSE,1007.1,48.72,53006694.300000004,107690.44655,49.322,44.42714285714286,44.42714285714286,31404556.270000003,50748822.942857146,50748822.942857146,66389.61941999999,303248.1029142857,303248.1029142857
2025-12-24,DHENUBUILD,INE758D01027,BSE,6.52,0.0,0.0,4.795,0.0,0.0,0.0,0.0,0.0,0.0,1.1733333333333333,1.1733333333333333,1.1733333333333333
2025-12-26,JIOFIN,INE758E01017,NSE,296.95,49.38,578509972.35,1176391.85885,53.803999999999995,53.40571428571428,53.40571428571428,1024984682.71,1020822439.1999999,1020822439.1999999,1918395.1288800002,1919579.421992857,1919579.421992857
2025-12-26,ETERNAL,INE758T01015,NSE,281.75,56.23,2494204553.75,4447469.4218500005,58.581999999999994,57.44571428571429,57.44571428571429,2434722831.35,3590018799.9857144,3590018799.9857144,4149544.6553599997,6476507.480742857,6476507.480742857
2025-12-26,MASTEK,INE759A01021,NSE,2144.9,16.38,85710204.0,523776.2823,56.648,54.582857142857144,54.582857142857144,47228540.6,43156267.4,43156267.4,82484.40104,78037.6533857143,78037.6533857143
2025-12-24,AJCON,INE759C01027,BSE,6.57,0.0,0.0,79.383,0.0,0.0,0.0,0.0,0.0,0.0,293.228,293.228,293.228
2025-12-24,AUSTENG,INE759F01012,BSE,135.8,0.0,0.0,67.086,0.0,0.0,0.0,0.0,0.0,0.0,261.64799999999997,261.64799999999997,261.64799999999997
2025-12-24,PERFEPA,INE759I01024,BSE,89.7,0.0,0.0,1.614,0.0,0.0,0.0,0.0,0.0,0.0,46.565666666666665,46.565666666666665,46.565666666666665
2025-12-26,HEADSUP,INE759V01019,NSE,9.16,57.0,488521.12,851.0493100000001,76.978,78.25714285714285,78.25714285714285,369022.212,305275.30428571434,305275.30428571434,456.103582,377.2175657142857,377.2175657142857
2025-12-26,KOKUYOCMLN,INE760A01029,NSE,88.69,65.73,2028961.13,3104.18783,61.34599999999999,64.77428571428571,64.77428571428571,2175523.834,1898233.015714286,1898233.015714286,3768.8544520000005,3169.8905642857144,3169.8905642857144
2025-12-24,VALIANT,INE760B01019,BSE,808.15,0.0,0.0,5011.203,0.0,0.0,0.0,0.0,0.0,0.0,8580.120333333334,8580.120333333334,8580.120333333334
2025-12-26,INDOAMIN,INE760F01028,NSE,128.59,60.29,4375660.5200000005,7380.097589999999,59.044,58.964285714285715,58.964285714285715,5698089.432,4935464.147142857,4935464.147142857,10291.894871999999,8835.388338571427,8835.388338571427
2025-12-24,CEETAIN,INE760J01012,BSE,34.98,0.0,0.0,8.842,0.0,0.0,0.0,0.0,0.0,0.0,31.292,31.292,31.292
2025-12-26,TBZ,INE760L01018,NSE,163.69,25.25,13988456.33,55686.73618,47.13,49.574285714285715,49.574285714285715,7428041.272,8109728.198571429,8109728.198571429,16530.573504,16860.01877857143,16860.01877857143
2025-12-26,RPPL,INE760W01023,NSE,19.95,53.73,3105496.8,5675.293269999999,63.924,60.91142857142857,60.91142857142857,1125406.4080000003,974365.1742857145,974365.1742857145,1920.46997,1689.8402228571429,1689.8402228571429
2025-12-26,ASHOKAMET,INE760Y01011,NSE,15.35,73.53,317177.05,429.7913,61.468,62.06714285714286,62.06714285714286,712946.878,526528.7300000001,526528.7300000001,1992.913712,1453.4588414285713,1453.4588414285713
2025-12-24,WARDWIZFBL,INE761D01021,BSE,9.74,0.0,0.0,721.324,0.0,0.0,0.0,0.0,0.0,0.0,1627.3190000000002,1627.3190000000002,1627.3190000000002
2025-12-24,BLACKROSE,INE761G01016,BSE,97.1,0.0,0.0,522.678,0.0,0.0,0.0,0.0,0.0,0.0,796.7153333333332,796.7153333333332,796.7153333333332
2025-12-26,PAGEIND,INE761H01022,NSE,36470.0,48.98,186142880.0,379866.585,61.548,60.395714285714284,60.395714285714284,705000497.0,631648267.1428572,631648267.1428572,1099262.4919999999,1002264.3521428572,1002264.3521428572
2025-12-24,VGCL,INE761Q01015,BSE,38.0,0.0,0.0,18.866,0.0,0.0,0.0,0.0,0.0,0.0,77.97633333333333,77.97633333333333,77.97633333333333
2025-12-24,TFSL,INE761R01013,BSE,41.97,0.0,0.0,35.767,0.0,0.0,0.0,0.0,0.0,0.0,23.617,23.617,23.617
2025-12-26,ZODIAC,INE761Y01019,NSE,300.15,64.4,2664431.55,4166.1065,51.620000000000005,51.58142857142857,51.58142857142857,2492461.63,2400639.735714286,2400639.735714286,4860.4417,4679.1948571428575,4679.1948571428575
2025-12-24,AMRAPLIN,INE762C01021,BSE,15.21,0.0,0.0,29.98,0.0,0.0,0.0,0.0,0.0,0.0,92.97233333333332,92.97233333333332,92.97233333333332
2025-12-24,VISVEN,INE762D01011,BSE,54.33,0.0,0.0,1.412,0.0,0.0,0.0,0.0,0.0,0.0,0.7090000000000001,0.7090000000000001,0.7090000000000001
2025-12-24,RAMAVISION,INE763B01013,BSE,122.1,0.0,0.0,198.722,0.0,0.0,0.0,0.0,0.0,0.0,280.9783333333333,280.9783333333333,280.9783333333333
2025-12-24,VOLLF,INE763D01019,BSE,11.0,0.0,0.0,1.728,0.0,0.0,0.0,0.0,0.0,0.0,5.217666666666667,5.217666666666667,5.217666666666667
2025-12-26,TARIL,INE763I01026,NSE,288.6,36.93,163467369.0,448284.37585,28.205999999999996,24.53428571428571,24.53428571428571,279838718.92999995,369473246.14285713,369473246.14285713,1031070.5634600001,1838030.6429214287,1838030.6429214287
2025-12-24,MERCURYEV,INE763M01028,BSE,39.48,0.0,0.0,12302.142,0.0,0.0,0.0,0.0,0.0,0.0,6513.496999999999,6513.496999999999,6513.496999999999
2025-12-24,SUMERUIND,INE764B01029,BSE,1.88,0.0,0.0,19.319,0.0,0.0,0.0,0.0,0.0,0.0,16.244,16.244,16.244
2025-12-26,VSTTILLERS,INE764D01017,NSE,5901.5,51.16,40124298.5,78711.229,57.834,56.83857142857143,56.83857142857143,54150951.4,46297691.28571428,46297691.28571428,92881.0967,80021.36042857144,80021.36042857144
2025-12-26,SADBHIN,INE764L01010,NSE,3.78,65.55,169839.18,255.61628,80.612,76.54714285714284,76.54714285714284,445320.20999999996,373410.7357142857,373410.7357142857,566.238658,488.3303585714286,488.3303585714286
2025-12-24,SKYIND,INE765B01018,BSE,91.03,0.0,0.0,438.452,0.0,0.0,0.0,0.0,0.0,0.0,564.9443333333334,564.9443333333334,564.9443333333334
2025-12-24,WPIL,INE765D01022,BSE,418.35,0.0,0.0,7070.176,0.0,0.0,0.0,0.0,0.0,0.0,25926.416666666668,25926.416666666668,25926.416666666668
2025-12-26,ICICIGI,INE765G01017,NSE,1950.0,46.99,129427350.0,275129.9526,67.66400000000002,67.24000000000001,67.24000000000001,503329404.7200001,551714958.9428571,551714958.9428571,737625.8143,817512.5288999999,817512.5288999999
2025-12-24,BETXIND,INE765L01017,BSE,259.95,0.0,0.0,1668.293,0.0,0.0,0.0,0.0,0.0,0.0,403.493,403.493,403.493
2025-12-24,SMARTFIN,INE766D01020,BSE,8.4,0.0,0.0,104.737,0.0,0.0,0.0,0.0,0.0,0.0,129.15066666666667,129.15066666666667,129.15066666666667
2025-12-26,MAHLOG,INE766P01016,NSE,322.65,58.2,6843083.85,11815.765949999999,60.758,61.49,61.49,10523154.77,10624561.57142857,10624561.57142857,16690.22883,16910.739021428573,16910.739021428573
2025-12-26,AARTIDRUGS,INE767A01016,NSE,417.3,49.35,32758884.6,66433.14925,52.34799999999999,54.64428571428571,54.64428571428571,60187961.25,48694157.178571425,48694157.178571425,124739.53227000001,98560.9144857143,98560.9144857143
2025-12-24,VIKASPROP,INE767B01022,BSE,0.31,0.0,0.0,36.926,0.0,0.0,0.0,0.0,0.0,0.0,35.17033333333333,35.17033333333333,35.17033333333333
2025-12-24,AXTEL,INE767C01012,BSE,411.35,0.0,0.0,2874.366,0.0,0.0,0.0,0.0,0.0,0.0,2311.2656666666667,2311.2656666666667,2311.2656666666667
2025-12-24,BANGANGA,INE767M01029,BSE,55.02,0.0,0.0,1731.93,0.0,0.0,0.0,0.0,0.0,0.0,31632.63333333333,31632.63333333333,31632.63333333333
2025-12-26,ZYDUSWELL,INE768C01028,NSE,424.4,53.72,17727612.4,33004.04105,47.616,49.097142857142856,49.097142857142856,17415410.86,17306550.742857143,17306550.742857143,36436.58681,35213.906142857144,35213.906142857144
2025-12-24,AICHAMP,INE768E01024,BSE,44.02,0.0,0.0,81.829,0.0,0.0,0.0,0.0,0.0,0.0,127.13900000000001,127.13900000000001,127.13900000000001
2025-12-26,AARTIIND,INE769A01020,NSE,376.4,39.87,42485773.599999994,107125.86825,38.694,36.08857142857143,36.08857142857143,92862154.47999999,82377389.16428569,82377389.16428569,259450.99908000004,239269.0504,239269.0504
2025-12-24,REGENTRP,INE769D01016,BSE,5.91,0.0,0.0,663.837,0.0,0.0,0.0,0.0,0.0,0.0,62.07066666666666,62.07066666666666,62.07066666666666
2025-12-24,PRADPME,INE770A01010,BSE,275.6,0.0,0.0,2076.226,0.0,0.0,0.0,0.0,0.0,0.0,2683.3673333333336,2683.3673333333336,2683.3673333333336
2025-12-26,MIRZAINT,INE771A01026,NSE,37.44,59.51,2919870.7199999997,4920.98737,52.184000000000005,51.21,51.21,4232095.865999999,4241837.944285714,4241837.944285714,8230.519982,8443.518765714285,8443.518765714285
2025-12-24,ASSOCER,INE771E01010,BSE,203.75,0.0,0.0,26.492,0.0,0.0,0.0,0.0,0.0,0.0,125.721,125.721,125.721
2025-12-26,FISCHER,INE771F01041,NSE,43.0,52.57,10422297.0,19819.77542,46.372,51.98428571428572,51.98428571428572,15333989.951999998,18444612.984285712,18444612.984285712,34476.552012,35947.628248571426,35947.628248571426
2025-12-24,HARIAEXPO,INE772B01014,BSE,6.7,0.0,0.0,0.013,0.0,0.0,0.0,0.0,0.0,0.0,29.661333333333335,29.661333333333335,29.661333333333335
2025-12-26,PVSL,INE772T01024,NSE,117.51,65.76,2216121.0900000003,3367.38807,55.224000000000004,55.04,55.04,4974903.544,4279562.015714286,4279562.015714286,7501.0362079999995,6665.574798571428,6665.574798571428
2025-12-24,TRABI,INE773D01018,BSE,2.93,0.0,0.0,82.587,0.0,0.0,0.0,0.0,0.0,0.0,73.07266666666668,73.07266666666668,73.07266666666668
2025-12-26,ALKALI,INE773I01017,NSE,79.81,66.02,144695.53,217.40095000000002,63.874,63.78142857142858,63.78142857142858,232696.78600000002,221811.12714285715,221811.12714285715,413.900284,384.72317571428573,384.72317571428573
2025-12-24,RELICAB,INE773T01014,BSE,52.37,0.0,0.0,76.106,0.0,0.0,0.0,0.0,0.0,0.0,360.1836666666666,360.1836666666666,360.1836666666666
2025-12-24,TDSL,INE773Y01014,BSE,7.15,0.0,0.0,123.917,0.0,0.0,0.0,0.0,0.0,0.0,24.457333333333334,24.457333333333334,24.457333333333334
2025-12-26,M&MFIN,INE774D01024,NSE,394.15,48.31,567915363.15,1174262.51375,38.296,39.57,39.57,899229623.3,766729789.1,766729789.1,2366103.19412,2010592.2995857145,2010592.2995857145
2025-12-17,92MMFSL27,INE774D07SV1,BSE,1102.5,0.0,0.0,22.05,0.0,0.0,0.0,0.0,0.0,0.0,22.05,22.05,22.05
2025-12-24,93MMFSL27,INE774D07SW9,BSE,1083.0,0.0,0.0,344.392,0.0,0.0,0.0,0.0,0.0,0.0,215.99933333333334,215.99933333333334,215.99933333333334
2025-12-24,MMFSL26A,INE774D08MG3,BSE,2270.0,0.0,0.0,113.5,0.0,0.0,0.0,0.0,0.0,0.0,113.5,113.5,113.5
2025-12-17,800MMFSL27,INE774D08MK5,BSE,1041.7,0.0,0.0,51.044,0.0,0.0,0.0,0.0,0.0,0.0,51.044,51.044,51.044
2025-12-24,805MMFSL32,INE774D08MM1,BSE,1068.89,0.0,0.0,61.901,0.0,0.0,0.0,0.0,0.0,0.0,95.68549999999999,95.68549999999999,95.68549999999999
2025-12-19,95MMFSL29,INE774D08MP4,BSE,1104.1,0.0,0.0,16.561,0.0,0.0,0.0,0.0,0.0,0.0,11.2,11.2,11.2
2025-12-26,MOTHERSON,INE775A01035,NSE,119.29,53.54,826422630.0500001,1549937.06197,45.092,47.34428571428572,47.34428571428572,731435836.654,636192631.8857143,636192631.8857143,1575694.512102,1343957.1932442859,1343957.1932442859
2025-12-23,ROLCOEN,INE775R01013,BSE,615.0,0.0,0.0,30.75,0.0,0.0,0.0,0.0,0.0,0.0,30.75,30.75,30.75
2025-12-26,GMRAIRPORT,INE776C01039,NSE,102.45,39.65,318751250.7,809929.99169,46.564,44.94857142857143,44.94857142857143,806695788.5179999,724098664.5071428,724098664.5071428,1580937.513436,1495834.0640714285,1495834.0640714285
2025-12-24,GITARENEW,INE776O01018,BSE,88.56,0.0,0.0,407.867,0.0,0.0,0.0,0.0,0.0,0.0,108.427,108.427,108.427
2025-12-24,NATHIND,INE777A01023,BSE,65.51,0.0,0.0,94.224,0.0,0.0,0.0,0.0,0.0,0.0,64.218,64.218,64.218
2025-12-24,GSBFIN,INE777C01011,BSE,32.0,0.0,0.0,18.56,0.0,0.0,0.0,0.0,0.0,0.0,11.1895,11.1895,11.1895
2025-12-26,EXICOM,INE777F01014,NSE,117.68,39.78,8744918.48,21975.85847,29.442,24.51,24.51,14707295.938,29703313.23285714,29703313.23285714,63656.117338000004,327057.2249557143,327057.2249557143
2025-12-24,SRAMSET,INE777G01012,BSE,392.05,0.0,0.0,2728.479,0.0,0.0,0.0,0.0,0.0,0.0,4050.2303333333334,4050.2303333333334,4050.2303333333334
2025-12-26,RRKABEL,INE777K01022,NSE,1473.7,50.83,134616600.20000002,267544.9345,44.696000000000005,46.847142857142856,46.847142857142856,236454080.78000003,188305546.77142859,188305546.77142859,580189.89876,451748.5976285714,451748.5976285714
2025-12-24,CHENFERRO,INE777O01016,BSE,108.95,0.0,0.0,290.67,0.0,0.0,0.0,0.0,0.0,0.0,155.63666666666668,155.63666666666668,155.63666666666668
2025-12-24,AAYUSHBULL,INE777X01017,BSE,1077.05,0.0,0.0,59194.243,0.0,0.0,0.0,0.0,0.0,0.0,61398.23066666666,61398.23066666666,61398.23066666666
2025-12-26,ESTER,INE778B01029,NSE,107.08,55.5,2660081.36,4759.28201,51.29200000000001,50.18428571428573,50.18428571428573,2118451.122,2679167.5485714287,2679167.5485714287,4135.571786,5403.889945714285,5403.889945714285
2025-12-24,CCLINTER,INE778E01031,BSE,27.7,0.0,0.0,53.836,0.0,0.0,0.0,0.0,0.0,0.0,16.574,16.574,16.574
2025-12-24,TELOGICA,INE778I01024,BSE,10.06,0.0,0.0,106.51,0.0,0.0,0.0,0.0,0.0,0.0,60.898,60.898,60.898
2025-12-26,EMAMIREAL,INE778K01012,NSE,80.42,67.06,302218.36,453.21339,82.844,80.57428571428571,80.57428571428571,1449902.7839999998,1254981.4628571428,1254981.4628571428,1698.0480360000001,1483.7828285714288,1483.7828285714288
2025-12-23,TRILIANCE,INE778N01016,BSE,78.8,0.0,0.0,17.808,0.0,0.0,0.0,0.0,0.0,0.0,4.395,4.395,4.395
2025-12-24,MIHIKA,INE779Q01017,BSE,15.8,0.0,0.0,101.437,0.0,0.0,0.0,0.0,0.0,0.0,10.3605,10.3605,10.3605
2025-12-26,JMFINANCIL,INE780C01023,NSE,144.29,48.26,151909233.45,316025.20774,45.18599999999999,44.99428571428571,44.99428571428571,215774837.644,204569761.85,204569761.85,473691.916742,447647.07790142857,447647.07790142857
2025-12-23,JAINMARMO,INE780Q01015,BSE,18.24,0.0,0.0,0.018,0.0,0.0,0.0,0.0,0.0,0.0,0.018,0.018,0.018
2025-12-26,NOIDATOLL,INE781B01015,NSE,4.25,82.69,367382.75,452.06459,78.446,77.30285714285715,77.30285714285715,308732.558,328175.91000000003,328175.91000000003,394.153234,427.0612671428571,427.0612671428571
2025-12-26,VENTIVE,INE781S01027,NSE,720.45,83.52,88501518.9,105925.56465,54.458000000000006,54.614285714285714,54.614285714285714,47731174.3,36186683.98571428,36186683.98571428,75472.89578,57708.19985714286,57708.19985714286
2025-12-23,JCHAC,INE782A01015,NSE,1432.2,50.61,6631086.0,13148.909599999999,42.105999999999995,42.105999999999995,42.105999999999995,7648947.080000001,7648947.080000001,7648947.080000001,17378.16942,17378.16942,17378.16942
2025-12-26,BOSCH-HCIL,INE782A01015,NSE,1487.6,70.76,10094853.6,14255.8883,54.57,54.57,54.57,18112430.0,18112430.0,18112430.0,33477.365,33477.365,33477.365
2025-12-24,ALFREDHE,INE782D01027,BSE,2887.95,0.0,0.0,80.787,0.0,0.0,0.0,0.0,0.0,0.0,148.268,148.268,148.268
2025-12-26,HESTERBIO,INE782E01017,NSE,1586.6,42.02,902775.3999999999,2149.7019,68.72,69.75857142857141,69.75857142857141,3701002.0200000005,3622565.728571429,3622565.728571429,5073.41872,4954.535428571428,4954.535428571428
2025-12-26,SERVOTECH,INE782X01033,NSE,79.38,41.16,11688308.1,28379.47538,42.826,44.39999999999999,44.39999999999999,23014142.946,23951653.224285714,23951653.224285714,53320.459468,53713.72294571429,53713.72294571429
2025-12-24,HIGHENE,INE783E01023,BSE,544.05,0.0,0.0,3707.517,0.0,0.0,0.0,0.0,0.0,0.0,2402.574,2402.574,2402.574
2025-12-26,CHEMFAB,INE783X01023,NSE,431.1,49.95,2394329.4,4766.5665,45.306,43.44571428571429,43.44571428571429,2761906.99,2437569.65,2437569.65,6289.3613399999995,5757.634985714286,5757.634985714286
2025-12-24,ASIAPAK,INE784M01016,BSE,48.0,0.0,0.0,1.733,0.0,0.0,0.0,0.0,0.0,0.0,12.5395,12.5395,12.5395
2025-12-26,ARFIN,INE784R01023,NSE,69.66,56.98,22675583.88,39780.16265,78.56333333333333,78.56333333333333,78.56333333333333,24771248.666666668,24771248.666666668,24771248.666666668,32465.624539999993,32465.624539999993,32465.624539999993
2025-12-26,JAYAGROGN,INE785A01026,NSE,201.77,74.37,1730581.29,2334.6936,52.605999999999995,54.84142857142856,54.84142857142856,921367.686,799663.0842857143,799663.0842857143,1928.728874,1618.207852857143,1618.207852857143
2025-12-24,ELIXIR,INE785D01012,BSE,98.0,0.0,0.0,34.375,0.0,0.0,0.0,0.0,0.0,0.0,52.18266666666667,52.18266666666667,52.18266666666667
2025-12-26,PCJEWELLER,INE785M01021,NSE,9.28,61.86,310001722.23999995,504881.51862,54.638,54.05857142857143,54.05857142857143,225806245.592,214211261.32000002,214211261.32000002,409327.586888,393241.65291142854,393241.65291142854
2025-12-26,JKLAKSHMI,INE786A01032,NSE,775.9,57.6,34951967.3,61118.6259,58.178,60.144285714285715,60.144285714285715,71834916.14000002,57726493.7,57726493.7,113773.7879,91223.70350714285,91223.70350714285
2025-12-24,IITLPROJ,INE786E01018,BSE,64.9,0.0,0.0,0.064,0.0,0.0,0.0,0.0,0.0,0.0,14.558666666666666,14.558666666666666,14.558666666666666
2025-12-26,UTTAMSUGAR,INE786F01031,NSE,256.55,26.05,4579160.95,17690.33628,41.098,41.760000000000005,41.760000000000005,15159397.592000002,12269337.75857143,12269337.75857143,39245.376216000004,31221.63243428572,31221.63243428572
2025-12-24,RRETAIL,INE786J01033,BSE,5.29,0.0,0.0,557.094,0.0,0.0,0.0,0.0,0.0,0.0,4096.961,4096.961,4096.961
2025-12-24,WAGEND,INE786K01023,BSE,1.08,0.0,0.0,40.798,0.0,0.0,0.0,0.0,0.0,0.0,31.933666666666667,31.933666666666667,31.933666666666667
2025-12-26,RKEC,INE786W01010,NSE,54.17,61.58,1689508.1300000001,2798.16631,59.004000000000005,58.7,58.7,1551356.462,1216892.6757142858,1216892.6757142858,2965.4956479999996,2305.05329,2305.05329
2025-12-26,BALKRISIND,INE787D01026,NSE,2293.4,58.38,48989317.4,84054.9839,53.772000000000006,57.74142857142857,57.74142857142857,123922302.38000003,135621096.82857144,135621096.82857144,229095.55954,233093.16137142858,233093.16137142858
2025-12-19,IIFCLBDIS4,INE787H07040,BSE,3180.0,0.0,0.0,632.82,0.0,0.0,0.0,0.0,0.0,0.0,318.0,318.0,318.0
2025-12-24,863IIFCL28,INE787H07297,BSE,1085.0,0.0,0.0,1.085,0.0,0.0,0.0,0.0,0.0,0.0,204.28050000000002,204.28050000000002,204.28050000000002
2025-12-24,875IIFCL33,INE787H07313,BSE,1220.0,0.0,0.0,191.54,0.0,0.0,0.0,0.0,0.0,0.0,663.324,663.324,663.324
2025-12-24,880IIFCL29,INE787H07420,BSE,1160.0,0.0,0.0,40.6,0.0,0.0,0.0,0.0,0.0,0.0,101.007,101.007,101.007
2025-12-24,880IIFCL34,INE787H07438,BSE,1270.01,0.0,0.0,16.51,0.0,0.0,0.0,0.0,0.0,0.0,65.816,65.816,65.816
2025-12-24,BCCFUBA,INE788D01016,BSE,175.95,0.0,0.0,1294.344,0.0,0.0,0.0,0.0,0.0,0.0,1143.5243333333335,1143.5243333333335,1143.5243333333335
2025-12-26,HILTON,INE788H01017,NSE,41.37,56.56,3916787.4899999998,6939.59983,65.926,68.55714285714286,68.55714285714286,3350346.8279999997,2535339.097142857,2535339.097142857,5053.935988,3797.6275914285716,3797.6275914285716
2025-12-26,SHIVALIK,INE788J01021,NSE,372.05,92.39,30806484.1,33261.2105,64.108,65.92857142857143,65.92857142857143,3301470.9,3012280.4142857143,3012280.4142857143,5155.92946,4638.841114285715,4638.841114285715
2025-12-24,COCHMAL,INE788M01017,BSE,139.1,0.0,0.0,31.163,0.0,0.0,0.0,0.0,0.0,0.0,8.588,8.588,8.588
2025-12-24,DAIKAFFI,INE789B01018,BSE,75.0,0.0,0.0,41.13,0.0,0.0,0.0,0.0,0.0,0.0,317.764,317.764,317.764
2025-12-26,JKPAPER,INE789E01012,NSE,364.05,59.68,23902066.8,40161.341700000004,50.275999999999996,49.56,49.56,22233700.880000003,19832537.114285715,19832537.114285715,44963.585329999994,40319.352699999996,40319.352699999996
2025-12-24,FRANKLININD,INE789R01022,BSE,0.69,0.0,0.0,10742.522,0.0,0.0,0.0,0.0,0.0,0.0,18253.70033333333,18253.70033333333,18253.70033333333
2025-12-26,KCPSUGIND,INE790B01024,NSE,25.9,72.09,1419112.7999999998,1970.43837,62.176,62.56285714285714,62.56285714285714,824886.4400000001,913594.74,913594.74,1341.171504,1470.9163057142855,1470.9163057142855
2025-12-24,PATSPINLTD,INE790C01014,BSE,8.15,0.0,0.0,66.883,0.0,0.0,0.0,0.0,0.0,0.0,87.64666666666666,87.64666666666666,87.64666666666666
2025-12-24,CHLLTD,INE790D01020,BSE,34.99,0.0,0.0,7.736,0.0,0.0,0.0,0.0,0.0,0.0,33.934666666666665,33.934666666666665,33.934666666666665
2025-12-26,SHILPAMED,INE790G01031,NSE,321.25,66.34,45614287.5,68476.6467,56.688,55.80571428571428,55.80571428571428,33247007.76,36745645.071428575,36745645.071428575,59302.021120000005,66157.65272857143,66157.65272857143
2025-12-26,BLBLIMITED,INE791A01024,NSE,13.99,91.36,558508.78,612.97596,78.47999999999999,80.57571428571428,80.57571428571428,2369513.1739999996,2142819.717142857,2142819.717142857,2944.2086320000003,2622.3888285714283,2622.3888285714283
2025-12-24,LEENEE,INE791B01014,BSE,8.67,0.0,0.0,333.82,0.0,0.0,0.0,0.0,0.0,0.0,317.638,317.638,317.638
2025-12-24,KANSHST,INE791E01018,BSE,56.81,0.0,0.0,1584.052,0.0,0.0,0.0,0.0,0.0,0.0,1311.5783333333331,1311.5783333333331,1311.5783333333331
2025-12-24,IRONWOOD,INE791H01011,BSE,50.96,0.0,0.0,2334.96,0.0,0.0,0.0,0.0,0.0,0.0,2774.771666666666,2774.771666666666,2774.771666666666
2025-12-26,BRIGADE,INE791I01019,NSE,880.05,44.63,31751323.95,71143.551,47.562,50.54857142857143,50.54857142857143,59797510.92999999,70717187.96428572,70717187.96428572,123966.72152999998,134393.9453285714,134393.9453285714
2025-12-26,AMBICAAGAR,INE792B01012,NSE,25.42,94.95,49670.68,51.531639999999996,77.696,81.44428571428571,81.44428571428571,77221.61,99672.05571428571,99672.05571428571,109.986368,126.88761571428572,126.88761571428572
2025-12-24,NAM,INE792G01011,BSE,87.5,0.0,0.0,29.677,0.0,0.0,0.0,0.0,0.0,0.0,43.05466666666666,43.05466666666666,43.05466666666666
2025-12-26,GLOBALVECT,INE792H01019,NSE,205.29,28.88,1672497.63,5794.4559500000005,49.946,46.044285714285714,46.044285714285714,1772476.5780000002,1504426.5771428572,1504426.5771428572,3729.96564,3393.2009099999996,3393.2009099999996
2025-12-26,CORDSCABLE,INE792I01017,NSE,182.51,78.13,4059387.42,5248.76357,53.879999999999995,53.90428571428571,53.90428571428571,2384829.71,2338443.292857143,2338443.292857143,4462.530014,4367.85246,4367.85246
2025-12-24,GORANIN,INE792J01015,BSE,62.5,0.0,0.0,1.248,0.0,0.0,0.0,0.0,0.0,0.0,10.691333333333333,10.691333333333333,10.691333333333333
2025-12-24,RCL,INE792P01020,BSE,1.73,0.0,0.0,1.733,0.0,0.0,0.0,0.0,0.0,0.0,0.8603333333333333,0.8603333333333333,0.8603333333333333
2025-12-26,SIRCA,INE792Z01011,NSE,486.25,32.97,46198612.5,140203.64880000002,31.641999999999996,29.418571428571425,29.418571428571425,61989787.74000001,51459498.31428572,51459498.31428572,195679.61898,173932.52117857145,173932.52117857145
2025-12-26,ACCELYA,INE793A01012,NSE,1303.7,72.74,18382170.0,25211.383,73.97999999999999,73.07142857142857,73.07142857142857,55948137.48,41600340.89999999,41600340.89999999,68072.74794,50966.539014285714,50966.539014285714
2025-12-24,PMCFIN,INE793G01035,BSE,2.03,0.0,0.0,1105.999,0.0,0.0,0.0,0.0,0.0,0.0,5070.522,5070.522,5070.522
2025-12-23,JONJUA,INE793Z01027,BSE,7.9,0.0,0.0,168.654,0.0,0.0,0.0,0.0,0.0,0.0,386.98249999999996,386.98249999999996,386.98249999999996
2025-12-26,NEULANDLAB,INE794A01010,NSE,14978.0,28.24,198308720.0,709292.028,28.21,33.14,33.14,285878288.0,353816628.85714287,353816628.85714287,1052182.8588,1034631.9311428573,1034631.9311428573
2025-12-26,BALAJITELE,INE794B01026,NSE,111.84,29.06,12369727.68,43443.60014,32.75,41.96142857142858,41.96142857142858,13643770.712000001,11447090.631428571,11447090.631428571,82187.718262,61412.82333142857,61412.82333142857
2025-12-24,SHAKTIPR,INE794C01016,BSE,24.81,0.0,0.0,32.345,0.0,0.0,0.0,0.0,0.0,0.0,52.861333333333334,52.861333333333334,52.861333333333334
2025-12-26,MODTHREAD,INE794W01014,NSE,43.93,97.03,226415.22,231.22881,74.884,68.22857142857143,68.22857142857143,23372.058,29944.135714285716,29944.135714285716,29.528536000000003,55.89125428571429,55.89125428571429
2025-12-24,PANAENERG,INE795A01017,BSE,310.15,0.0,0.0,1265.032,0.0,0.0,0.0,0.0,0.0,0.0,1065.0633333333333,1065.0633333333333,1065.0633333333333
2025-12-24,PURETROP,INE795D01011,BSE,147.05,0.0,0.0,213.949,0.0,0.0,0.0,0.0,0.0,0.0,409.209,409.209,409.209
2025-12-24,KUMPFIN,INE795E01019,BSE,24.5,0.0,0.0,5.159,0.0,0.0,0.0,0.0,0.0,0.0,3.5506666666666664,3.5506666666666664,3.5506666666666664
2025-12-26,HDFCLIFE,INE795G01014,NSE,748.45,62.22,770903500.0,1240584.83775,55.416,55.08571428571429,55.08571428571429,633160446.12,684583242.0285714,684583242.0285714,1063269.4155299999,1190100.5171785713,1190100.5171785713
2025-12-24,SHRAJSYNQ,INE796C01011,BSE,15.0,0.0,0.0,6.254,0.0,0.0,0.0,0.0,0.0,0.0,67.18966666666667,67.18966666666667,67.18966666666667
2025-12-26,JINDALPHOT,INE796G01012,NSE,1501.2,50.09,4372995.600000001,8758.3036,52.49400000000001,51.48571428571429,51.48571428571429,5665089.18,5907084.214285715,5907084.214285715,10465.092480000001,11524.7309,11524.7309
2025-12-24,YUG,INE796W01019,BSE,22.8,0.0,0.0,78.66,0.0,0.0,0.0,0.0,0.0,0.0,2290.9376666666667,2290.9376666666667,2290.9376666666667
2025-12-24,SIDDHEGA,INE797C01019,BSE,17.64,0.0,0.0,17.477,0.0,0.0,0.0,0.0,0.0,0.0,20.739,20.739,20.739
2025-12-24,GARNET,INE797D01017,BSE,56.4,0.0,0.0,1532.427,0.0,0.0,0.0,0.0,0.0,0.0,1828.0943333333335,1828.0943333333335,1828.0943333333335
2025-12-26,JUBLFOOD,INE797F01020,NSE,559.8,68.03,912228247.8,1344559.61265,60.474000000000004,58.30142857142857,58.30142857142857,645670112.6299999,745827365.5285714,745827365.5285714,1032049.1777000001,1232866.8125857145,1232866.8125857145
2025-12-26,TGBHOTELS,INE797H01018,NSE,9.77,74.99,166930.22,222.58968,84.47999999999999,83.85428571428572,83.85428571428572,67772.002,90673.97285714284,90673.97285714284,80.398828,113.21717,113.21717
2025-12-24,SPACEINCUBA,INE797Z01028,BSE,0.38,0.0,0.0,535.092,0.0,0.0,0.0,0.0,0.0,0.0,863.3656666666667,863.3656666666667,863.3656666666667
2025-12-24,SILVERO,INE798C01017,BSE,5.55,0.0,0.0,0.016,0.0,0.0,0.0,0.0,0.0,0.0,0.2845,0.2845,0.2845
2025-12-24,GOLKUNDIA,INE798D01015,BSE,202.1,0.0,0.0,548.072,0.0,0.0,0.0,0.0,0.0,0.0,784.7856666666667,784.7856666666667,784.7856666666667
2025-12-24,MNPLFIN,INE798E01013,BSE,9.99,0.0,0.0,3.996,0.0,0.0,0.0,0.0,0.0,0.0,2.856,2.856,2.856
2025-12-24,PANCHMAHQ,INE798F01010,BSE,303.8,0.0,0.0,188.705,0.0,0.0,0.0,0.0,0.0,0.0,648.0343333333334,648.0343333333334,648.0343333333334
2025-12-26,KRITINUT,INE798K01010,NSE,67.05,70.34,846975.6,1209.90188,57.312,56.05714285714286,56.05714285714286,928461.342,1033485.5671428571,1033485.5671428571,1707.25019,1913.046504285714,1913.046504285714
2025-12-24,HUIL,INE799B01017,BSE,2224.4,0.0,0.0,6503.241,0.0,0.0,0.0,0.0,0.0,0.0,90.55166666666666,90.55166666666666,90.55166666666666
2025-12-24,SANINFRA,INE799C01031,BSE,7.7,0.0,0.0,95.525,0.0,0.0,0.0,0.0,0.0,0.0,287.584,287.584,287.584
2025-12-24,MAYUR,INE799E01011,BSE,20.12,0.0,0.0,53.059,0.0,0.0,0.0,0.0,0.0,0.0,54.60066666666666,54.60066666666666,54.60066666666666
2025-12-24,WAA,INE799N01012,BSE,49.53,0.0,0.0,1136.672,0.0,0.0,0.0,0.0,0.0,0.0,183.73333333333335,183.73333333333335,183.73333333333335
2025-12-26,BIRLACABLE,INE800A01015,NSE,138.21,56.98,2639949.21,4648.88847,47.495999999999995,46.56999999999999,46.56999999999999,1981468.304,1756211.8885714286,1756211.8885714286,4400.368204,3983.5752457142858,3983.5752457142858
2025-12-26,OMAXE,INE800H01010,NSE,86.75,11.78,40204808.0,337220.90522,42.184000000000005,50.47571428571428,50.47571428571428,47471729.914,37822850.36,37822850.36,368128.350152,267748.7112842857,267748.7112842857
2025-12-26,AIROLAM,INE801L01010,NSE,101.22,81.0,365404.2,456.44584000000003,76.202,82.84285714285714,82.84285714285714,199201.66600000003,259496.83571428573,259496.83571428573,246.29296800000003,294.40459285714286,294.40459285714286
2025-12-26,LAXMICOT,INE801V01019,NSE,18.82,75.99,26329.18,34.52365,85.35799999999999,80.11714285714285,80.11714285714285,41042.602,70651.50714285715,70651.50714285715,49.58239400000001,98.9535642857143,98.9535642857143
2025-12-24,BAMPSL,INE802A01037,BSE,20.32,0.0,0.0,68.252,0.0,0.0,0.0,0.0,0.0,0.0,264.8333333333333,264.8333333333333,264.8333333333333
2025-12-26,LINC,INE802B01027,NSE,111.74,61.72,1082984.0799999998,1754.21469,69.37,67.84,67.84,1411127.776,1197658.24,1197658.24,2003.526468,1736.7836914285715,1736.7836914285715
2025-12-26,SSWL,INE802C01033,NSE,189.86,46.72,8005067.180000001,17262.67338,53.436,55.73857142857143,55.73857142857143,9563849.736,12565750.484285714,12565750.484285714,17439.037259999997,21736.362884285714,21736.362884285714
2025-12-24,INDAG,INE802D01023,BSE,123.15,0.0,0.0,812.918,0.0,0.0,0.0,0.0,0.0,0.0,518.4563333333332,518.4563333333332,518.4563333333332
2025-12-26,BOHRAIND,INE802W01023,NSE,17.63,88.3,587255.2999999999,671.05584,71.92,77.22428571428573,77.22428571428573,267210.926,298442.8742857143,298442.8742857143,521.179718,492.94883857142855,492.94883857142855
2025-12-26,INDOBORAX,INE803D01021,NSE,264.59,57.89,6944958.319999999,12164.54297,64.534,64.70428571428572,64.70428571428572,11939792.561999999,12779549.217142856,12779549.217142856,18088.622862,19576.38687,19576.38687
2025-12-26,RUCHIRA,INE803H01014,NSE,120.69,58.9,2143454.4,3633.2691,63.242,63.57714285714285,63.57714285714285,2178218.9420000003,2202078.455714286,2202078.455714286,3489.495826,3450.9972057142854,3450.9972057142854
2025-12-24,GALAGEX,INE803L01016,BSE,59.0,0.0,0.0,115.064,0.0,0.0,0.0,0.0,0.0,0.0,258.5953333333334,258.5953333333334,258.5953333333334
2025-12-24,SWASTIVI,INE804A01025,BSE,4.47,0.0,0.0,76.529,0.0,0.0,0.0,0.0,0.0,0.0,113.49166666666666,113.49166666666666,113.49166666666666
2025-12-24,MEGACOR,INE804B01023,BSE,2.33,0.0,0.0,115.286,0.0,0.0,0.0,0.0,0.0,0.0,218.23499999999999,218.23499999999999,218.23499999999999
2025-12-26,TFL,INE804H01012,NSE,15.91,65.24,2190218.33,3476.4887000000003,47.126000000000005,47.805714285714295,47.805714285714295,2551080.298,2501388.027142857,2501388.027142857,7277.820524,6783.15225,6783.15225
2025-12-26,MEDPLUS,INE804L01022,NSE,814.85,46.84,13028636.65,27701.77015,50.928,53.16714285714285,53.16714285714285,33038361.869999997,37256637.42142857,37256637.42142857,64700.26415,68126.47002857142,68126.47002857142
2025-12-24,GLCL,INE804Q01013,BSE,20.72,0.0,0.0,288.86,0.0,0.0,0.0,0.0,0.0,0.0,337.40133333333335,337.40133333333335,337.40133333333335
2025-12-26,GOLDTECH,INE805A01014,NSE,50.98,62.44,617367.7999999999,994.88779,56.894000000000005,55.16142857142858,55.16142857142858,881332.0280000002,763806.9985714286,763806.9985714286,1639.649328,1440.348947142857,1440.348947142857
2025-12-26,KCP,INE805C01028,NSE,182.77,71.93,13036984.100000001,18057.24664,60.19199999999999,59.998571428571424,59.998571428571424,11857360.969999999,10911863.525714288,10911863.525714288,20030.599513999994,18439.699458571424,18439.699458571424
2025-12-26,SUNTECK,INE805D01034,NSE,403.95,71.6,108491275.2,152387.87845,51.538,52.294285714285714,52.294285714285714,40782002.88,32532214.07857143,32532214.07857143,81937.24516,64754.94885714286,64754.94885714286
2025-12-24,ADCON,INE805Q01028,BSE,0.66,0.0,0.0,360.446,0.0,0.0,0.0,0.0,0.0,0.0,209.27366666666668,209.27366666666668,209.27366666666668
2025-12-26,VIKASECO,INE806A01020,NSE,1.78,69.2,4809916.0,6933.29258,63.352,61.18,61.18,3352227.04,3307095.027142857,3307095.027142857,5244.487644,5439.322854285715,5439.322854285715
2025-12-26,TIL,INE806C01018,NSE,271.85,46.9,1453310.1,3120.2810499999996,66.042,67.14714285714287,67.14714285714287,5670030.42,4574123.614285714,4574123.614285714,9011.22303,7251.050085714285,7251.050085714285
2025-12-24,ISHITADR,INE806D01016,BSE,76.0,0.0,0.0,0.456,0.0,0.0,0.0,0.0,0.0,0.0,69.12599999999999,69.12599999999999,69.12599999999999
2025-12-24,HINFLUR,INE806J01013,BSE,16.8,0.0,0.0,31.726,0.0,0.0,0.0,0.0,0.0,0.0,70.78733333333334,70.78733333333334,70.78733333333334
2025-12-26,SAPPHIRE,INE806T01020,NSE,251.96,70.15,102086129.28,145658.43631999998,56.986000000000004,56.864285714285714,56.864285714285714,163737597.70999998,125086024.82000001,125086024.82000001,286083.719676,218584.29796428574,218584.29796428574
2025-12-24,CHALLANI,INE807A01010,BSE,24.89,0.0,0.0,14.439,0.0,0.0,0.0,0.0,0.0,0.0,4.282,4.282,4.282
2025-12-24,EPUJA,INE807D01030,BSE,3.11,0.0,0.0,1372.806,0.0,0.0,0.0,0.0,0.0,0.0,763.8100000000001,763.8100000000001,763.8100000000001
2025-12-26,SEQUENT,INE807F01027,NSE,213.54,49.07,51223975.199999996,104448.28076000001,47.92,45.15571428571428,45.15571428571428,82878063.39000002,73548041.27857144,73548041.27857144,171155.37097599998,160365.66692857142,160365.66692857142
2025-12-24,MARBLE,INE807H01023,BSE,156.9,0.0,0.0,543.696,0.0,0.0,0.0,0.0,0.0,0.0,281.5566666666667,281.5566666666667,281.5566666666667
2025-12-26,SCHAND,INE807K01035,NSE,159.43,61.47,1962264.4400000002,3190.0974,65.738,62.50857142857143,62.50857142857143,4291181.573999999,3837577.3157142852,3837577.3157142852,6396.752352,5998.826635714286,5998.826635714286
2025-12-24,TITANIN,INE807M01031,BSE,1.21,0.0,0.0,1173.249,0.0,0.0,0.0,0.0,0.0,0.0,1324.7863333333335,1324.7863333333335,1324.7863333333335
2025-12-24,VALSONQ,INE808A01018,BSE,30.28,0.0,0.0,6.754,0.0,0.0,0.0,0.0,0.0,0.0,86.59400000000001,86.59400000000001,86.59400000000001
2025-12-26,RAMAPHO,INE809A01032,NSE,159.44,50.72,6205723.68,12410.285119999999,51.05,50.44,50.44,8665758.404,9058048.035714285,9058048.035714285,17337.768504,19475.668725714288,19475.668725714288
2025-12-24,POLYCHMP,INE809B01014,BSE,53.8,0.0,0.0,0.723,0.0,0.0,0.0,0.0,0.0,0.0,16.754666666666665,16.754666666666665,16.754666666666665
2025-12-24,POONADAL,INE809E01018,BSE,68.5,0.0,0.0,61.493,0.0,0.0,0.0,0.0,0.0,0.0,27.72666666666667,27.72666666666667,27.72666666666667
2025-12-26,ONMOBILE,INE809I01019,NSE,58.52,52.0,5491399.760000001,10565.03721,38.208,35.07857142857143,35.07857142857143,5835548.154,7717374.39857143,7717374.39857143,15770.374265999999,24182.05315,24182.05315
2025-12-24,GHVINFRA,INE809Q01020,BSE,298.2,0.0,0.0,786.011,0.0,0.0,0.0,0.0,0.0,0.0,2480.130333333333,2480.130333333333,2480.130333333333
2025-12-24,VENTURA,INE810C01044,BSE,9.97,0.0,0.0,123.166,0.0,0.0,0.0,0.0,0.0,0.0,122.64666666666665,122.64666666666665,122.64666666666665
2025-12-26,SHYAMMETL,INE810G01011,NSE,818.2,62.2,22718141.200000003,36738.92005,53.564,59.160000000000004,59.160000000000004,95016985.03,120311674.38571429,120311674.38571429,174393.38347,185046.7878142857,185046.7878142857
2025-12-24,ASINPET,INE810M01019,BSE,9.27,0.0,0.0,367.515,0.0,0.0,0.0,0.0,0.0,0.0,37.848,37.848,37.848
2025-12-26,KIRLPNU,INE811A01020,NSE,1028.2,61.58,28757725.8,46649.8074,63.186,62.794285714285714,62.794285714285714,52647598.48,48793647.91428571,48793647.91428571,80750.84150000001,75386.28841428572,75386.28841428572
2025-12-24,TIGLOB,INE811B01010,BSE,185.2,0.0,0.0,32.644,0.0,0.0,0.0,0.0,0.0,0.0,430.29733333333337,430.29733333333337,430.29733333333337
2025-12-24,MONOT,INE811D01024,BSE,0.42,0.0,0.0,969.123,0.0,0.0,0.0,0.0,0.0,0.0,1146.7823333333333,1146.7823333333333,1146.7823333333333
2025-12-24,RIBATEX,INE811H01017,BSE,81.63,0.0,0.0,143.605,0.0,0.0,0.0,0.0,0.0,0.0,1938.729,1938.729,1938.729
2025-12-26,PRESTIGE,INE811K01011,NSE,1609.6,28.84,685586585.5999999,2402587.6925,45.04600000000001,48.63857142857143,48.63857142857143,355456817.78,364349722.25714284,364349722.25714284,844225.9789999999,792270.6170428571,792270.6170428571
2025-12-24,ZENITHHE,INE812B01026,BSE,3.41,0.0,0.0,304.3,0.0,0.0,0.0,0.0,0.0,0.0,73.472,73.472,73.472
2025-12-26,SMSPHARMA,INE812G01025,NSE,306.25,43.71,22019375.0,50763.29045,37.394,37.24142857142857,37.24142857142857,20839691.06,22901030.62142857,22901030.62142857,57050.904930000004,63067.89727142857,63067.89727142857
2025-12-24,NYSSACORP,INE812K01027,BSE,2.57,0.0,0.0,104.992,0.0,0.0,0.0,0.0,0.0,0.0,581.5213333333334,581.5213333333334,581.5213333333334
2025-12-17,TTIL,INE812Q01016,BSE,8.27,0.0,0.0,217.583,0.0,0.0,0.0,0.0,0.0,0.0,217.583,217.583,217.583
2025-12-24,TIRUPATIIN,INE812Q01016,BSE,8.55,0.0,0.0,251.053,0.0,0.0,0.0,0.0,0.0,0.0,354.6875,354.6875,354.6875
2025-12-24,OVOBELE,INE812S01012,BSE,187.6,0.0,0.0,1328.731,0.0,0.0,0.0,0.0,0.0,0.0,884.2633333333333,884.2633333333333,884.2633333333333
2025-12-26,MAHLIFE,INE813A01018,NSE,391.55,51.73,17098988.5,33257.41455,54.544000000000004,56.03857142857144,56.03857142857144,27874641.96,24869797.17142857,24869797.17142857,49153.096939999996,43302.48895714286,43302.48895714286
2025-12-24,PHOTOQUP,INE813B01016,BSE,12.6,0.0,0.0,319.153,0.0,0.0,0.0,0.0,0.0,0.0,102.72000000000001,102.72000000000001,102.72000000000001
2025-12-24,KAYCEEI,INE813G01023,BSE,925.65,0.0,0.0,567.092,0.0,0.0,0.0,0.0,0.0,0.0,366.09,366.09,366.09
2025-12-26,TORNTPOWER,INE813H01021,NSE,1299.2,44.45,150008230.4,337066.52339999995,46.230000000000004,44.42142857142858,44.42142857142858,201012348.95999998,205215463.14285713,205215463.14285713,395627.99822,441653.42214285716,441653.42214285716
2025-12-26,MCL,INE813V01022,NSE,59.05,58.95,23367384.099999998,39468.08922,53.07000000000001,54.52428571428572,54.52428571428572,7458930.131999999,6809954.168571428,6809954.168571428,13979.066264,12645.633164285713,12645.633164285713
2025-12-24,OMNITEX,INE814D01010,BSE,544.0,0.0,0.0,65.834,0.0,0.0,0.0,0.0,0.0,0.0,202.62333333333333,202.62333333333333,202.62333333333333
2025-12-26,ADANIPOWER,INE814H01029,NSE,142.19,41.06,448511765.46999997,1098105.2146400001,48.839999999999996,45.11571428571428,45.11571428571428,556533711.392,559047319.8528572,559047319.8528572,1132057.9461880003,1260140.2301785718,1260140.2301785718
2025-12-24,OCTAVE,INE814L01013,BSE,4.98,0.0,0.0,57.103,0.0,0.0,0.0,0.0,0.0,0.0,236.84533333333331,236.84533333333331,236.84533333333331
2025-12-26,FILATEX,INE816B01035,NSE,49.02,54.6,21973901.28,40646.681670000005,47.376,45.17428571428571,45.17428571428571,21602194.7,26540773.23285714,26540773.23285714,45438.903046,59839.56351285714,59839.56351285714
2025-12-24,KERALAYUR,INE817B01025,BSE,321.2,0.0,0.0,550.498,0.0,0.0,0.0,0.0,0.0,0.0,1333.9453333333333,1333.9453333333333,1333.9453333333333
2025-12-26,ANTELOPUS,INE818A01017,NSE,419.9,55.4,7223959.6,13115.2335,47.06,47.511428571428574,47.511428571428574,9320500.370000001,8498765.964285715,8498765.964285715,20141.414050000003,18120.873050000002,18120.873050000002
2025-12-26,PASUPTAC,INE818B01023,NSE,54.37,56.27,2361778.4299999997,4201.25875,61.2,59.77428571428572,59.77428571428572,2859994.182,3011476.382857143,3011476.382857143,4684.177310000001,5096.108054285715,5096.108054285715
2025-12-24,PROMACT,INE818D01011,BSE,9.19,0.0,0.0,97.59,0.0,0.0,0.0,0.0,0.0,0.0,41.83166666666667,41.83166666666667,41.83166666666667
2025-12-26,LTFOODS,INE818H01020,NSE,400.95,52.06,54188392.5,104442.55775,40.84,38.95285714285715,38.95285714285715,56242603.93000001,65101608.735714294,65101608.735714294,137354.24328,171477.0555857143,171477.0555857143
2025-12-24,IISL,INE818R01011,BSE,10.73,0.0,0.0,20.045,0.0,0.0,0.0,0.0,0.0,0.0,654.1443333333333,654.1443333333333,654.1443333333333
2025-12-26,ESAFSFB,INE818W01011,NSE,26.25,66.25,4546263.75,6842.97841,54.30999999999999,55.964285714285715,55.964285714285715,3837050.142,3761523.531428572,3761523.531428572,6946.386988,6675.908698571428,6675.908698571428
2025-12-17,11ESFB30,INE818W08123,BSE,99850.0,0.0,0.0,99.85,0.0,0.0,0.0,0.0,0.0,0.0,99.85,99.85,99.85
2025-12-24,COMFINTE,INE819A01049,BSE,6.66,0.0,0.0,1140.186,0.0,0.0,0.0,0.0,0.0,0.0,1596.4283333333333,1596.4283333333333,1596.4283333333333
2025-12-24,BIHSPONG,INE819C01011,BSE,11.24,0.0,0.0,188.05,0.0,0.0,0.0,0.0,0.0,0.0,192.42766666666668,192.42766666666668,192.42766666666668
2025-12-24,TRADEWELL,INE819G01012,BSE,69.78,0.0,0.0,11.308,0.0,0.0,0.0,0.0,0.0,0.0,16.6325,16.6325,16.6325
2025-12-24,AASTAFIN,INE819K01014,BSE,44.28,0.0,0.0,20.966,0.0,0.0,0.0,0.0,0.0,0.0,887.7766666666666,887.7766666666666,887.7766666666666
2025-12-26,ELGIRUBCO,INE819L01012,NSE,46.03,69.92,2100717.14,2997.40468,65.78599999999999,71.31857142857142,71.31857142857142,3212754.94,3739211.031428572,3739211.031428572,4746.803868,5077.87745,5077.87745
2025-12-24,ZEAL,INE819S01025,BSE,10.59,0.0,0.0,609.13,0.0,0.0,0.0,0.0,0.0,0.0,913.4163333333332,913.4163333333332,913.4163333333332
2025-12-26,CPPLUS,INE819V01029,NSE,1502.8,49.61,34157141.199999996,69216.338,44.146,46.424285714285716,46.424285714285716,57755205.760000005,56746079.0,56746079.0,124147.88288,117385.90332857142,117385.90332857142
2025-12-24,VOLKAI,INE820M01018,BSE,44.0,0.0,0.0,138.192,0.0,0.0,0.0,0.0,0.0,0.0,385.1433333333334,385.1433333333334,385.1433333333334
2025-12-23,SSPNFIN,INE820R01017,BSE,10.59,0.0,0.0,42.36,0.0,0.0,0.0,0.0,0.0,0.0,142.36,142.36,142.36
2025-12-26,AJOONI,INE820Y01021,NSE,4.42,54.8,494739.44,907.3889399999999,80.308,79.50571428571428,79.50571428571428,1058970.3739999998,1074032.6728571428,1074032.6728571428,1328.776692,1346.5579942857144,1346.5579942857144
2025-12-24,RANDER,INE821D01031,BSE,11.9,0.0,0.0,0.297,0.0,0.0,0.0,0.0,0.0,0.0,4.145666666666666,4.145666666666666,4.145666666666666
2025-12-26,IRB,INE821I01022,NSE,42.21,48.53,84158298.0,174425.62904,46.746,48.63,48.63,112649667.396,107424621.02571428,107424621.02571428,242704.809514,224214.80474142855,224214.80474142855
2025-12-24,RATNABHUMI,INE821Y01011,BSE,236.65,0.0,0.0,9179.745,0.0,0.0,0.0,0.0,0.0,0.0,25.881666666666664,25.881666666666664,25.881666666666664
2025-12-24,ASIANTNE,INE822B01017,BSE,10.7,0.0,0.0,47.587,0.0,0.0,0.0,0.0,0.0,0.0,98.54199999999999,98.54199999999999,98.54199999999999
2025-12-26,TCPLPACK,INE822C01015,NSE,3067.7,65.46,5267240.899999999,8006.5153,47.37,45.70285714285715,45.70285714285715,4055486.7400000007,5334706.071428572,5334706.071428572,8920.203559999998,12841.121242857143,12841.121242857143
2025-12-24,RASIELEC,INE822D01021,BSE,15.28,0.0,0.0,162.801,0.0,0.0,0.0,0.0,0.0,0.0,238.463,238.463,238.463
2025-12-26,SUPREME,INE822E01011,NSE,74.76,55.21,3172889.16,5810.0143499999995,62.016,58.855714285714285,58.855714285714285,3228406.322,2664289.57,2664289.57,4272.48356,3727.362358571429,3727.362358571429
2025-12-26,ELECTHERM,INE822G01016,NSE,890.45,30.87,6079992.600000001,19692.05655,37.23,46.558571428571426,46.558571428571426,21196900.3,16948399.7,16948399.7,177962.89440000002,129808.65662857144,129808.65662857144
2025-12-24,SARVOTTAM,INE822Q01015,BSE,21.05,0.0,0.0,15.438,0.0,0.0,0.0,0.0,0.0,0.0,48.14766666666666,48.14766666666666,48.14766666666666
2025-12-26,KOTHARIPRO,INE823A01017,NSE,74.35,81.72,323719.89999999997,400.67355,68.05799999999999,71.29714285714286,71.29714285714286,805255.416,689262.1728571429,689262.1728571429,1131.107,951.9677285714286,951.9677285714286
2025-12-24,COMPEAU,INE823B01015,BSE,398.45,0.0,0.0,247.645,0.0,0.0,0.0,0.0,0.0,0.0,375.407,375.407,375.407
2025-12-24,YASHINNO,INE823D01011,BSE,41.95,0.0,0.0,0.041,0.0,0.0,0.0,0.0,0.0,0.0,15.015666666666666,15.015666666666666,15.015666666666666
2025-12-26,JKCEMENT,INE823G01014,NSE,5685.5,42.95,259833035.5,604227.9385,49.594,54.60285714285714,54.60285714285714,190259601.7,216354778.35714287,216354778.35714287,389387.3589,398136.8837857143,398136.8837857143
2025-12-26,JSWHL,INE824G01012,NSE,19420.0,34.81,24275000.0,70838.445,33.525999999999996,33.27285714285715,33.27285714285715,38352990.0,36948666.428571425,36948666.428571425,106833.13999999998,105608.17642857143,105608.17642857143
2025-12-26,MANAKSTEEL,INE824Q01011,NSE,74.07,59.03,4329761.85,7353.10038,59.76800000000001,62.63571428571429,62.63571428571429,9581419.148,6942282.991428571,6942282.991428571,16394.210081999998,11842.204482857142,11842.204482857142
2025-12-26,VTL,INE825A01020,NSE,446.85,47.55,16302428.55,34045.8586,56.898,56.11,56.11,24643730.08,25768505.978571422,25768505.978571422,43059.596600000004,45940.04762857143,45940.04762857143
2025-12-24,JAFINANCE,INE825B01010,BSE,55.39,0.0,0.0,0.276,0.0,0.0,0.0,0.0,0.0,0.0,27.57466666666667,27.57466666666667,27.57466666666667
2025-12-24,NGIND,INE825C01018,BSE,144.25,0.0,0.0,782.429,0.0,0.0,0.0,0.0,0.0,0.0,19.026666666666667,19.026666666666667,19.026666666666667
2025-12-24,SHAHISHIP,INE825D01016,BSE,16.7,0.0,0.0,95.611,0.0,0.0,0.0,0.0,0.0,0.0,103.83900000000001,103.83900000000001,103.83900000000001
2025-12-26,MANYAVAR,INE825V01034,NSE,578.8,56.75,14949246.399999999,26398.827149999997,54.464,53.84857142857142,53.84857142857142,34717236.32,29563615.971428573,29563615.971428573,62912.0768,54080.15165714286,54080.15165714286
2025-12-24,INDTONER,INE826B01018,BSE,259.05,0.0,0.0,268.791,0.0,0.0,0.0,0.0,0.0,0.0,368.1956666666667,368.1956666666667,368.1956666666667
2025-12-26,GUJAPOLLO,INE826C01016,NSE,414.6,66.18,1093714.8,1670.3041,65.50800000000001,65.71000000000001,65.71000000000001,5393927.99,5141852.907142857,5141852.907142857,7787.62022,7585.0281214285715,7585.0281214285715
2025-12-17,POLYMAC,INE826P01018,BSE,17.21,0.0,0.0,13.768,0.0,0.0,0.0,0.0,0.0,0.0,13.768,13.768,13.768
2025-12-24,SRICC,INE827D01020,BSE,53.85,0.0,0.0,76.653,0.0,0.0,0.0,0.0,0.0,0.0,215.93200000000002,215.93200000000002,215.93200000000002
2025-12-26,BIL,INE828A01016,NSE,743.6,68.49,185900.0,272.06455,56.022000000000006,58.43571428571429,58.43571428571429,1789453.3699999999,1530906.0214285715,1530906.0214285715,3482.6804699999993,2886.396364285714,2886.396364285714
2025-12-24,FACORALL,INE828G01013,BSE,2.83,0.0,0.0,317.819,0.0,0.0,0.0,0.0,0.0,0.0,291.76866666666666,291.76866666666666,291.76866666666666
2025-12-24,MEDIAONE,INE828I01019,BSE,18.98,0.0,0.0,402.39,0.0,0.0,0.0,0.0,0.0,0.0,104.21300000000001,104.21300000000001,104.21300000000001
2025-12-26,MITCON,INE828O01033,NSE,68.27,70.34,21368.51,29.98833,85.182,85.60285714285715,85.60285714285715,200987.78199999998,182416.3414285714,182416.3414285714,229.41596600000003,209.91451714285716,209.91451714285716
2025-12-26,BIOFILCHEM,INE829A01014,NSE,33.83,77.21,168067.44,215.53425,68.712,64.12428571428572,64.12428571428572,173303.748,215330.96142857143,215330.96142857143,253.245516,424.17078,424.17078
2025-12-24,AEL,INE829P01020,BSE,158.1,0.0,0.0,1258.733,0.0,0.0,0.0,0.0,0.0,0.0,1169.151,1169.151,1169.151
2025-12-24,MSL,INE829S01016,BSE,150.15,0.0,0.0,117.269,0.0,0.0,0.0,0.0,0.0,0.0,70.10433333333333,70.10433333333333,70.10433333333333
2025-12-24,CILSEC,INE830A01012,BSE,46.65,0.0,0.0,79.578,0.0,0.0,0.0,0.0,0.0,0.0,12.752666666666668,12.752666666666668,12.752666666666668
2025-12-26,EMAMIPAP,INE830C01026,NSE,87.03,69.72,401382.36,577.2835799999999,55.08,60.78142857142857,60.78142857142857,785087.5279999999,638246.0114285713,638246.0114285713,1435.9740179999997,1125.804594285714,1125.804594285714
2025-12-26,MANAKCOAT,INE830Q01018,NSE,130.68,66.6,7119577.08,10725.646560000001,46.760000000000005,49.83428571428571,49.83428571428571,7165312.898,7080456.028571429,7080456.028571429,19167.546832,17043.080634285714,17043.080634285714
2025-12-24,DARJEELING,INE830S01014,BSE,33.26,0.0,0.0,68.161,0.0,0.0,0.0,0.0,0.0,0.0,194.22299999999998,194.22299999999998,194.22299999999998
2025-12-26,MIRCELECTR,INE831A01028,NSE,27.33,63.86,9734180.76,14965.140800000001,62.178,60.25,60.25,5356814.836,8610306.814285714,8610306.814285714,8674.926286000002,14859.940675714286,14859.940675714286
2025-12-23,ASHISHPO,INE831C01016,BSE,34.89,0.0,0.0,48.599,0.0,0.0,0.0,0.0,0.0,0.0,5.162,5.162,5.162
2025-12-26,MODIRUBBER,INE832A01018,NSE,167.05,15.25,20521591.35,132357.1036,37.458,43.98285714285714,43.98285714285714,5210892.569999999,3757303.2471428574,3757303.2471428574,20712.62784,14877.062275714286,14877.062275714286
2025-12-19,GOGIACAPGL,INE832C01014,BSE,77.9,0.0,0.0,0.934,0.0,0.0,0.0,0.0,0.0,0.0,0.574,0.574,0.574
2025-12-24,HINDMILL,INE832D01020,BSE,176.15,0.0,0.0,13.958,0.0,0.0,0.0,0.0,0.0,0.0,69.72133333333333,69.72133333333333,69.72133333333333
2025-12-24,ADCINDIA,INE833A01016,BSE,1451.35,0.0,0.0,5851.381,0.0,0.0,0.0,0.0,0.0,0.0,4106.637333333333,4106.637333333333,4106.637333333333
2025-12-24,MITTALSTL,INE833Q01012,BSE,41.6,0.0,0.0,251.74,0.0,0.0,0.0,0.0,0.0,0.0,687.1533333333333,687.1533333333333,687.1533333333333
2025-12-24,PCS,INE834B01012,BSE,21.79,0.0,0.0,201.021,0.0,0.0,0.0,0.0,0.0,0.0,108.459,108.459,108.459
2025-12-24,MODMA,INE834C01028,BSE,5.63,0.0,0.0,1.126,0.0,0.0,0.0,0.0,0.0,0.0,0.537,0.537,0.537
2025-12-24,VIPULORG,INE834D01018,BSE,218.0,0.0,0.0,846.937,0.0,0.0,0.0,0.0,0.0,0.0,732.4200000000001,732.4200000000001,732.4200000000001
2025-12-26,KHADIM,INE834I01025,NSE,154.98,39.82,5004769.14,12703.847619999999,62.426,62.784285714285716,62.784285714285716,6524862.26,5317386.275714286,5317386.275714286,10369.59376,8436.17999142857,8436.17999142857
2025-12-26,RTNINDIA,INE834M01019,NSE,41.55,34.86,16827874.65,48661.18524,30.520000000000003,37.252857142857145,37.252857142857145,24678158.737999998,23703496.795714285,23703496.795714285,98442.85913999999,81625.6018542857,81625.6018542857
2025-12-26,VARDMNPOLY,INE835A01029,NSE,6.38,62.27,694188.66,1111.62971,69.334,71.34285714285714,71.34285714285714,985165.148,847027.4385714286,847027.4385714286,1470.8126820000002,1235.174322857143,1235.174322857143
2025-12-26,MOLDTECH,INE835B01035,NSE,154.05,67.86,6283237.350000001,9316.61571,52.836,51.778571428571425,51.778571428571425,2594084.3479999998,2373191.968571428,2373191.968571428,5106.402304,4715.489148571428,4715.489148571428
2025-12-26,HIRECT,INE835D01023,NSE,1512.6,50.17,27648815.4,55131.4401,55.278,56.224285714285706,56.224285714285706,12862791.360000001,11769861.085714286,11769861.085714286,23286.58744,21020.255857142856,21020.255857142856
2025-12-26,ALLDIGI,INE835G01018,NSE,820.9,73.31,2020234.9,2772.1723500000003,70.01,69.00142857142858,69.00142857142858,1657108.42,1561284.8,1561284.8,2354.45609,2267.551207142857,2267.551207142857
2025-12-24,NEWLIGHT,INE835U01027,BSE,1.45,0.0,0.0,263.619,0.0,0.0,0.0,0.0,0.0,0.0,292.09066666666666,292.09066666666666,292.09066666666666
2025-12-26,BSOFT,INE836A01035,NSE,448.75,42.09,152296326.25,363452.65865,39.739999999999995,37.54,37.54,317043834.46000004,265713977.71428576,265713977.71428576,815303.6252899999,706884.8241785712,706884.8241785712
2025-12-26,SATIN,INE836B01017,NSE,141.87,69.72,6008903.850000001,8615.288990000001,61.438,63.269999999999996,63.269999999999996,5365769.696,6651395.854285715,6651395.854285715,8646.471293999999,10395.987635714284,10395.987635714284
2025-12-23,FRUTION,INE836C01015,BSE,42.99,0.0,0.0,1.117,0.0,0.0,0.0,0.0,0.0,0.0,1.989,1.989,1.989
2025-12-26,DISHTV,INE836F01026,NSE,3.9,75.42,9675096.6,12813.26399,65.43599999999999,66.88857142857141,66.88857142857141,7273270.768000001,7828651.021428572,7828651.021428572,10893.820384,11505.714044285716,11505.714044285716
2025-12-19,EFCL25325,INE836K07221,BSE,100000.0,0.0,0.0,9000.0,0.0,0.0,0.0,0.0,0.0,0.0,9000.0,9000.0,9000.0
2025-12-24,WINSOMTX,INE837B01031,BSE,81.09,0.0,0.0,334.184,0.0,0.0,0.0,0.0,0.0,0.0,1321.2043333333334,1321.2043333333334,1321.2043333333334
2025-12-24,QGO,INE837C01013,BSE,47.25,0.0,0.0,160.526,0.0,0.0,0.0,0.0,0.0,0.0,79.286,79.286,79.286
2025-12-26,ADVENZYMES,INE837H01020,NSE,295.8,73.78,55532308.800000004,76139.96725,51.794000000000004,54.36000000000001,54.36000000000001,10285654.209999999,10875242.335714284,10875242.335714284,20057.288699999997,20297.25977142857,20297.25977142857
2025-12-26,BHARATRAS,INE838B01021,NSE,2300.0,36.58,15269700.0,42523.814,36.154,37.854285714285716,37.854285714285716,13648568.0,19430248.0,19430248.0,37724.7642,50541.81571428571,50541.81571428571
2025-12-24,SSPDL,INE838C01011,BSE,15.15,0.0,0.0,29.546,0.0,0.0,0.0,0.0,0.0,0.0,50.284499999999994,50.284499999999994,50.284499999999994
2025-12-26,PONNIERODE,INE838E01017,NSE,265.4,82.05,2941428.1999999997,3595.4945,65.422,62.434285714285714,62.434285714285714,2989996.650000001,2265816.364285715,2265816.364285715,4568.098400000001,3504.2169214285714,3504.2169214285714
2025-12-24,PALMJEWELS,INE838Z01012,BSE,17.52,0.0,0.0,20.617,0.0,0.0,0.0,0.0,0.0,0.0,25.200999999999997,25.200999999999997,25.200999999999997
2025-12-24,BITS,INE839A01021,BSE,10.04,0.0,0.0,862.386,0.0,0.0,0.0,0.0,0.0,0.0,580.111,580.111,580.111
2025-12-24,ODYCORP,INE839E01023,BSE,8.12,0.0,0.0,486.455,0.0,0.0,0.0,0.0,0.0,0.0,209.64266666666666,209.64266666666666,209.64266666666666
2025-12-26,JOCIL,INE839G01010,NSE,143.2,81.07,77900.79999999999,96.45835000000001,77.846,72.31285714285714,72.31285714285714,220113.792,167819.26285714286,167819.26285714286,282.32088000000005,220.48449142857143,220.48449142857143
2025-12-26,SCHNEIDER,INE839M01018,NSE,726.8,53.2,34491020.8,65301.7204,46.284000000000006,49.71,49.71,69005947.26,63916899.78571428,63916899.78571428,149960.58249,132803.17773571427,132803.17773571427
2025-12-24,ALPINEHOU,INE840D01015,BSE,110.75,0.0,0.0,64.531,0.0,0.0,0.0,0.0,0.0,0.0,71.71,71.71,71.71
2025-12-24,RTFL,INE840I01014,BSE,48.92,0.0,0.0,0.489,0.0,0.0,0.0,0.0,0.0,0.0,0.489,0.489,0.489
2025-12-26,ZUARI,INE840M01016,NSE,307.85,42.36,27920763.6,66140.1605,33.275999999999996,32.660000000000004,32.660000000000004,56535903.089999996,60773829.60714286,60773829.60714286,178823.70417999997,203043.7777642857,203043.7777642857
2025-12-26,ONEPOINT,INE840Y01029,NSE,58.08,37.27,81903835.2,215222.13822,47.846000000000004,47.611428571428576,47.611428571428576,70494269.32800001,56866784.692857146,56866784.692857146,155203.266928,124749.67865571428,124749.67865571428
2025-12-26,INDBANK,INE841B01017,NSE,34.86,64.76,488249.16,755.4464300000001,66.562,64.57857142857142,64.57857142857142,463160.38399999996,465638.5428571428,465638.5428571428,731.526908,752.9526385714287,752.9526385714287
2025-12-24,AMAL,INE841D01013,BSE,698.3,0.0,0.0,4029.648,0.0,0.0,0.0,0.0,0.0,0.0,3043.9786666666664,3043.9786666666664,3043.9786666666664
2025-12-26,DEEDEV,INE841L01016,NSE,213.0,47.24,9133227.0,19558.488370000003,42.822,41.15,41.15,6352162.92,5722690.042857143,5722690.042857143,15090.99291,14059.898245714285,14059.898245714285
2025-12-24,JFL,INE841Y01019,BSE,40.2,0.0,0.0,81.55,0.0,0.0,0.0,0.0,0.0,0.0,441.15500000000003,441.15500000000003,441.15500000000003
2025-12-24,FORTISMLR,INE842B01015,BSE,59.81,0.0,0.0,1542.36,0.0,0.0,0.0,0.0,0.0,0.0,450.95633333333336,450.95633333333336,450.95633333333336
2025-12-26,MINDACORP,INE842C01021,NSE,581.3,51.58,45454753.5,88388.09384999999,46.60600000000001,44.875714285714295,44.875714285714295,48601205.99,79216814.63571429,79216814.63571429,106448.48374000001,189501.3723857143,189501.3723857143
2025-12-24,BHARATAGRI,INE842D01029,BSE,31.22,0.0,0.0,825.301,0.0,0.0,0.0,0.0,0.0,0.0,413.633,413.633,413.633
2025-12-26,MAHAPEXLTD,INE843B01013,NSE,107.71,83.9,943108.7599999999,1124.38899,65.44800000000001,54.97428571428571,54.97428571428571,954993.724,1120927.847142857,1120927.847142857,1468.78679,2648.616707142857,2648.616707142857
2025-12-24,DCMSRIND,INE843D01027,NSE,172.16,72.05,38390302.72,52987.69445,63.886,65.83833333333332,65.83833333333332,26466227.734,24733070.43166667,24733070.43166667,39657.204776,36571.445285,36571.445285
2025-12-24,SIEL,INE843L01012,BSE,46.8,0.0,0.0,18.458,0.0,0.0,0.0,0.0,0.0,0.0,5.319,5.319,5.319
2025-12-26,SURAJEST,INE843S01025,NSE,241.55,42.0,5593573.350000001,13320.804300000002,50.068,51.25142857142857,51.25142857142857,44017793.34,35997891.89285715,35997891.89285715,89908.67456999999,72196.76814999999,72196.76814999999
2025-12-26,PEARLPOLY,INE844A01013,NSE,23.89,85.12,100027.43000000001,119.14219,62.83599999999999,56.84714285714285,56.84714285714285,790542.9139999999,601942.3857142857,601942.3857142857,1377.68321,1078.92678,1078.92678
2025-12-24,MPILCORPL,INE844C01027,BSE,417.0,0.0,0.0,5.84,0.0,0.0,0.0,0.0,0.0,0.0,13.386999999999999,13.386999999999999,13.386999999999999
2025-12-24,MITSHI,INE844D01017,BSE,14.91,0.0,0.0,85.39,0.0,0.0,0.0,0.0,0.0,0.0,29.956333333333337,29.956333333333337,29.956333333333337
2025-12-26,BEDMUTHA,INE844K01012,NSE,115.35,60.41,3711386.25,6104.81241,56.306000000000004,54.555714285714295,54.555714285714295,989738.368,859559.2885714286,859559.2885714286,1797.184506,1674.777457142857,1674.777457142857
2025-12-26,GUJGASLTD,INE844O01030,NSE,394.0,51.84,48522282.0,93849.2939,56.791999999999994,55.12714285714286,55.12714285714286,79673041.2,71189846.63571428,71189846.63571428,139601.5544,129374.46464285713,129374.46464285713
2025-12-24,KIDUJA,INE845A01028,BSE,20.61,0.0,0.0,74.556,0.0,0.0,0.0,0.0,0.0,0.0,81.78733333333334,81.78733333333334,81.78733333333334
2025-12-24,LIPPISYS,INE845B01018,BSE,30.25,0.0,0.0,258.556,0.0,0.0,0.0,0.0,0.0,0.0,174.043,174.043,174.043
2025-12-26,GANECOS,INE845D01014,NSE,872.2,46.89,20582175.6,44257.69535,55.512,55.785714285714285,55.785714285714285,34028027.690000005,39128515.22142857,39128515.22142857,59707.27925000001,68956.08635714286,68956.08635714286
2025-12-26,LORDSCHLO,INE846D01012,NSE,168.54,65.37,2039502.5399999998,3162.01685,54.61600000000001,59.60571428571429,59.60571428571429,1187882.682,1194465.162857143,1194465.162857143,2321.7498800000003,2183.8615585714283,2183.8615585714283
2025-12-26,ROSSELLIND,INE847C01020,NSE,50.77,75.28,910813.8,1207.61978,68.602,69.53714285714285,69.53714285714285,1071918.038,1133731.6657142858,1133731.6657142858,1599.681286,1651.1548942857141,1651.1548942857141
2025-12-24,SHREEPAC,INE847D01010,BSE,213.15,0.0,0.0,4848.097,0.0,0.0,0.0,0.0,0.0,0.0,3193.866666666667,3193.866666666667,3193.866666666667
2025-12-26,IZMO,INE848A01014,NSE,810.2,49.86,28485821.8,57821.13035,46.64,49.05571428571428,49.05571428571428,43648630.35,36193918.77857143,36193918.77857143,100003.76198000001,80727.0916,80727.0916
2025-12-24,SPECTRA,INE848B01012,BSE,4.29,0.0,0.0,0.556,0.0,0.0,0.0,0.0,0.0,0.0,1.184,1.184,1.184
2025-12-24,VBDESAI,INE848D01018,BSE,26.4,0.0,0.0,125.564,0.0,0.0,0.0,0.0,0.0,0.0,61.32566666666667,61.32566666666667,61.32566666666667
2025-12-26,NHPC,INE848E01016,NSE,78.36,39.62,281405726.76,712913.78873,44.672000000000004,46.42857142857143,46.42857142857143,243615722.004,238757962.69714287,238757962.69714287,536965.4061499999,510259.2902871428,510259.2902871428
2025-12-24,MAPROIN,INE848M01019,BSE,70.7,0.0,0.0,1246.163,0.0,0.0,0.0,0.0,0.0,0.0,1132.9173333333335,1132.9173333333335,1132.9173333333335
2025-12-23,DFL,INE848N01017,BSE,52.52,0.0,0.0,2.404,0.0,0.0,0.0,0.0,0.0,0.0,2.7510000000000003,2.7510000000000003,2.7510000000000003
2025-12-26,TRENT,INE849A01020,NSE,4285.3,54.24,2393408614.8,4430623.818100001,53.464,53.15428571428571,53.15428571428571,1761705432.56,1568441413.7285712,1568441413.7285712,3370545.9944800003,3004993.4466142855,3004993.4466142855
2025-12-24,ACESOFT,INE849B01010,BSE,191.4,0.0,0.0,6716.488,0.0,0.0,0.0,0.0,0.0,0.0,3401.3206666666665,3401.3206666666665,3401.3206666666665
2025-12-26,SHALPAINTS,INE849C01026,NSE,57.56,72.42,3084179.92,4219.1671799999995,64.774,68.48,68.48,3948795.2079999996,4518213.341428571,4518213.341428571,6155.232722000001,6622.072512857143,6622.072512857143
2025-12-23,TARINI,INE849M01017,BSE,12.15,0.0,0.0,36.45,0.0,0.0,0.0,0.0,0.0,0.0,36.45,36.45,36.45
2025-12-24,ABMKNO,INE850B01026,BSE,252.25,0.0,0.0,328.045,0.0,0.0,0.0,0.0,0.0,0.0,694.9666666666667,694.9666666666667,694.9666666666667
2025-12-26,GODREJAGRO,INE850D01014,NSE,565.1,55.86,23908250.8,42760.3691,51.524,51.98,51.98,34450224.05,32558969.292857144,32558969.292857144,63996.062630000015,60742.38642857144,60742.38642857144
2025-12-26,LFIC,INE850E01012,NSE,174.96,49.02,100252.08,206.10145,67.738,66.31285714285714,66.31285714285714,122013.222,110983.35285714285,110983.35285714285,181.907866,166.68425142857146,166.68425142857146
2025-12-26,NORTHARC,INE850M01015,NSE,252.1,59.92,65297177.3,109922.4291,49.226,53.057142857142864,53.057142857142864,40495336.67,39308144.192857146,39308144.192857146,79691.07862,73560.5623,73560.5623
2025-12-24,CMBL,INE850R01014,BSE,291.85,0.0,0.0,49.906,0.0,0.0,0.0,0.0,0.0,0.0,3.1876666666666664,3.1876666666666664,3.1876666666666664
2025-12-26,UDS,INE851I01011,NSE,195.87,49.41,10410882.24,21253.523920000003,41.844,45.72714285714286,45.72714285714286,13394598.246,12144366.691428572,12144366.691428572,34059.848136,28942.185358571434,28942.185358571434
2025-12-26,APTUS,INE852O01025,NSE,280.9,63.29,84421966.89999999,133930.6851,55.358000000000004,56.972857142857144,56.972857142857144,135628642.22,126618548.39999999,126618548.39999999,219500.27949000002,206134.5075785714,206134.5075785714
2025-12-26,JAYNECOIND,INE854B01010,NSE,80.07,39.19,191232221.91,487032.37219,44.23199999999999,46.02428571428571,46.02428571428571,301923624.19799995,252975937.28142855,252975937.28142855,674238.44579,556852.16953,556852.16953
2025-12-26,UNITDSPR,INE854D01024,NSE,1428.4,70.19,580244648.0,826362.8551,51.55,55.685714285714276,55.685714285714276,419448276.43999994,453313286.75714284,453313286.75714284,830234.74068,830803.4907,830803.4907
2025-12-26,GENCON,INE854S01022,NSE,43.72,49.08,7118053.2,14638.49642,20.386,23.094285714285714,23.094285714285714,8413966.083999999,7718228.839999999,7718228.839999999,29069.374686000003,26504.915137142856,26504.915137142856
2025-12-24,WHBRADY,INE855A01019,BSE,645.85,0.0,0.0,218.215,0.0,0.0,0.0,0.0,0.0,0.0,127.774,127.774,127.774
2025-12-26,RAIN,INE855B01025,NSE,138.5,42.3,613403065.5,1428368.63585,37.114,39.36714285714286,39.36714285714286,206416716.002,171228896.80714288,171228896.80714288,907521.88505,701272.1610228572,701272.1610228572
2025-12-26,WEBELSOLAR,INE855C01023,NSE,94.73,17.35,134628191.94,765912.33735,26.254,29.024285714285718,29.024285714285718,177020864.40800002,165507677.9542857,165507677.9542857,1536971.452904,1207511.4049828572,1207511.4049828572
2025-12-26,ASMS,INE855F01042,NSE,12.23,87.86,3494196.6100000003,3991.62556,47.668,48.60857142857143,48.60857142857143,2368715.5439999998,2154927.0514285713,2154927.0514285713,6578.820259999999,5722.325594285714,5722.325594285714
2025-12-26,RADIANTCMS,INE855R01021,NSE,52.57,81.91,2570830.71,3147.47069,73.85,70.89142857142858,70.89142857142858,7769291.238,5841516.008571428,5841516.008571428,9162.532674,7009.303791428572,7009.303791428572
2025-12-24,BRADYM,INE856A01017,BSE,901.05,0.0,0.0,425.816,0.0,0.0,0.0,0.0,0.0,0.0,300.77733333333333,300.77733333333333,300.77733333333333
2025-12-24,7TEC,INE856B01023,BSE,43.59,0.0,0.0,315.902,0.0,0.0,0.0,0.0,0.0,0.0,318.8246666666667,318.8246666666667,318.8246666666667
2025-12-24,MADHUSE,INE856D01011,BSE,22.5,0.0,0.0,28.457,0.0,0.0,0.0,0.0,0.0,0.0,213.5413333333333,213.5413333333333,213.5413333333333
2025-12-24,BANSTEA,INE856E01019,BSE,14.97,0.0,0.0,4.491,0.0,0.0,0.0,0.0,0.0,0.0,4.338,4.338,4.338
2025-12-24,SBL,INE857P01021,BSE,2.27,0.0,0.0,226.298,0.0,0.0,0.0,0.0,0.0,0.0,97.41133333333333,97.41133333333333,97.41133333333333
2025-12-26,ISGEC,INE858B01029,NSE,906.55,25.49,28949767.7,114525.88995,56.496,54.25714285714286,54.25714285714286,26029139.6,21814435.557142857,21814435.557142857,42805.6198,37263.538714285714,37263.538714285714
2025-12-24,UNITDCR,INE858C01027,BSE,29.6,0.0,0.0,175.989,0.0,0.0,0.0,0.0,0.0,0.0,73.10266666666666,73.10266666666666,73.10266666666666
2025-12-26,NITCO,INE858F01012,NSE,92.02,68.43,10826797.139999999,15915.69197,46.92999999999999,49.70428571428571,49.70428571428571,9779602.766,10526181.125714285,10526181.125714285,19660.962367999997,20429.150375714285,20429.150375714285
2025-12-24,CONCORD,INE858L01010,BSE,84.38,0.0,0.0,421.551,0.0,0.0,0.0,0.0,0.0,0.0,682.2606666666667,682.2606666666667,682.2606666666667
2025-12-24,MIL,INE858Q01019,BSE,31.45,0.0,0.0,13379.49,0.0,0.0,0.0,0.0,0.0,0.0,87.69433333333332,87.69433333333332,87.69433333333332
2025-12-26,PNBGILTS,INE859A01011,NSE,81.39,55.53,4137053.7,7446.53325,47.89999999999999,48.02857142857142,48.02857142857142,10300095.718,9463593.417142857,9463593.417142857,22523.853686000002,20467.640875714285,20467.640875714285
2025-12-26,HCLTECH,INE860A01027,NSE,1660.9,60.05,918753409.4000001,1529784.8552,58.806,60.475714285714275,60.475714285714275,1817871966.4399998,1805144087.3571427,1805144087.3571427,3070840.37132,2978935.835771429,2978935.835771429
2025-12-24,SANJIVIN,INE860D01013,BSE,229.95,0.0,0.0,3860.627,0.0,0.0,0.0,0.0,0.0,0.0,1824.1016666666665,1824.1016666666665,1824.1016666666665
2025-12-24,OONE,INE860E01011,BSE,8.46,0.0,0.0,24.191,0.0,0.0,0.0,0.0,0.0,0.0,28.977999999999998,28.977999999999998,28.977999999999998
2025-12-19,8ABCL26,INE860H07IQ0,BSE,1001.0,0.0,0.0,10.01,0.0,0.0,0.0,0.0,0.0,0.0,10.01,10.01,10.01
2025-12-26,MOTOGENFIN,INE861B01023,NSE,22.73,82.48,864694.66,1049.73388,68.79599999999999,71.10428571428571,71.10428571428571,742915.26,613015.3342857143,613015.3342857143,1059.617528,865.1204,865.1204
2025-12-24,SAHLIBHFI,INE861D01011,BSE,107.35,0.0,0.0,825.765,0.0,0.0,0.0,0.0,0.0,0.0,2825.3206666666665,2825.3206666666665,2825.3206666666665
2025-12-24,SHYAMACOMP,INE861E01019,BSE,4.9,0.0,0.0,0.49,0.0,0.0,0.0,0.0,0.0,0.0,0.49,0.49,0.49
2025-12-24,NITINCAST,INE861H01020,BSE,506.55,0.0,0.0,196.213,0.0,0.0,0.0,0.0,0.0,0.0,47.2155,47.2155,47.2155
2025-12-24,GENPHARMA,INE861N01036,BSE,1.36,0.0,0.0,362.345,0.0,0.0,0.0,0.0,0.0,0.0,1602.3990000000001,1602.3990000000001,1602.3990000000001
2025-12-24,INDIANACRY,INE862B01013,BSE,6.46,0.0,0.0,367.922,0.0,0.0,0.0,0.0,0.0,0.0,366.56199999999995,366.56199999999995,366.56199999999995
2025-12-24,MUKATPIP,INE862C01029,BSE,14.44,0.0,0.0,170.659,0.0,0.0,0.0,0.0,0.0,0.0,6.161666666666666,6.161666666666666,6.161666666666666
2025-12-26,BANKA,INE862Y01015,NSE,64.96,67.15,241261.43999999997,357.42440999999997,68.98999999999998,71.2642857142857,71.2642857142857,237233.288,242849.87285714285,242849.87285714285,334.103392,332.8341842857143,332.8341842857143
2025-12-26,PREMEXPLN,INE863B01029,NSE,524.25,25.98,56497374.0,220744.6242,33.242000000000004,37.978571428571435,37.978571428571435,39091857.74999999,37755800.39285714,37755800.39285714,121114.99980000002,106831.62319285715,106831.62319285715
2025-12-24,HITTCO,INE863C01019,BSE,13.85,0.0,0.0,0.196,0.0,0.0,0.0,0.0,0.0,0.0,1.0696666666666665,1.0696666666666665,1.0696666666666665
2025-12-17,RANJITSE,INE863D01017,BSE,9.99,0.0,0.0,0.009,0.0,0.0,0.0,0.0,0.0,0.0,0.009,0.009,0.009
2025-12-24,AJWAFUN,INE863E01015,BSE,47.0,0.0,0.0,51.75,0.0,0.0,0.0,0.0,0.0,0.0,51.75,51.75,51.75
2025-12-26,BANG,INE863I01016,NSE,48.25,70.6,860973.0,1219.18796,56.564,54.20714285714286,54.20714285714286,1811171.8240000003,1439199.7057142858,1439199.7057142858,6352.2646620000005,4808.086158571429,4808.086158571429
2025-12-26,JITFINFRA,INE863T01013,NSE,280.0,56.36,3377640.0,5973.282450000001,45.69,45.69,45.69,3624552.8166666664,3624552.8166666664,3624552.8166666664,8785.166016666668,8785.166016666668,8785.166016666668
2025-12-24,RISHDIGA,INE864D01015,BSE,37.5,0.0,0.0,0.49,0.0,0.0,0.0,0.0,0.0,0.0,21.028333333333332,21.028333333333332,21.028333333333332
2025-12-24,AAIL,INE864E01021,BSE,126.75,0.0,0.0,390.271,0.0,0.0,0.0,0.0,0.0,0.0,731.9243333333334,731.9243333333334,731.9243333333334
2025-12-26,MTARTECH,INE864I01014,NSE,2394.1,23.01,162942446.0,728702.1865,31.462,32.26714285714286,32.26714285714286,169751172.1,163368523.85714287,163368523.85714287,529468.48376,501948.89048571425,501948.89048571425
2025-12-24,TAMBOLIIN,INE864J01012,BSE,143.9,0.0,0.0,352.226,0.0,0.0,0.0,0.0,0.0,0.0,464.00499999999994,464.00499999999994,464.00499999999994
2025-12-26,IRIS,INE864K01010,NSE,297.3,56.26,4607258.100000001,8282.1337,55.898,52.465714285714284,52.465714285714284,5419736.47,4038940.057142857,4038940.057142857,8951.09032,6784.808457142857,6784.808457142857
2025-12-26,DPWIRES,INE864X01013,NSE,209.2,68.13,1369214.0,2013.12491,50.492000000000004,52.98285714285715,52.98285714285715,3051594.354,2509005.1757142856,2509005.1757142856,7810.251778,6110.330597142856,6110.330597142856
2025-12-24,CHOKSI,INE865B01016,BSE,124.75,0.0,0.0,32.326,0.0,0.0,0.0,0.0,0.0,0.0,290.138,290.138,290.138
2025-12-26,BIRLAMONEY,INE865C01022,NSE,144.24,52.61,3676821.8400000003,7016.530070000001,58.924,57.40571428571429,57.40571428571429,1644864.384,2117243.3371428573,2117243.3371428573,2796.894466,3714.519707142857,3714.519707142857
2025-12-24,JHACC,INE865D01012,BSE,218.7,0.0,0.0,10910.932,0.0,0.0,0.0,0.0,0.0,0.0,3336.3753333333334,3336.3753333333334,3336.3753333333334
2025-12-26,PDMJEPAPER,INE865T01018,NSE,94.09,52.26,9972975.46,19113.64126,49.674,51.901428571428575,51.901428571428575,4028469.394,3706966.5942857144,3706966.5942857144,7987.00104,7143.93306,7143.93306
2025-12-24,ECOBOAR,INE866A01016,BSE,54.17,0.0,0.0,511.455,0.0,0.0,0.0,0.0,0.0,0.0,1163.4966666666667,1163.4966666666667,1163.4966666666667
2025-12-23,MARIS,INE866D01010,BSE,32.78,0.0,0.0,1.858,0.0,0.0,0.0,0.0,0.0,0.0,4.769,4.769,4.769
2025-12-26,MATRIMONY,INE866R01028,NSE,527.1,73.24,10939433.4,14977.3598,66.492,66.97,66.97,13918379.830000002,15763006.37857143,15763006.37857143,21307.85742,23940.506285714284,23940.506285714284
2025-12-26,MANUGRAPH,INE867A01022,NSE,16.19,74.91,74409.24,99.65558999999999,73.16,73.24571428571429,73.24571428571429,100842.962,101247.67571428571,101247.67571428571,152.05832600000002,148.42531571428572,148.42531571428572
2025-12-24,ASMTEC,INE867C01010,BSE,3457.4,0.0,0.0,90903.961,0.0,0.0,0.0,0.0,0.0,0.0,60834.03533333333,60834.03533333333,60834.03533333333
2025-12-24,INDSILHYD,INE867D01018,BSE,45.77,0.0,0.0,428.804,0.0,0.0,0.0,0.0,0.0,0.0,193.15066666666667,193.15066666666667,193.15066666666667
2025-12-26,NCC,INE868B01028,NSE,158.11,53.25,276348294.53000003,524558.9025,38.714,39.49142857142857,39.49142857142857,192428588.816,199928006.45857143,199928006.45857143,502332.23539199994,511416.2664342857,511416.2664342857
2025-12-24,AHMDSTE,INE868C01018,BSE,175.8,0.0,0.0,272.079,0.0,0.0,0.0,0.0,0.0,0.0,126.526,126.526,126.526
2025-12-24,GAJANANSEC,INE868G01019,BSE,56.88,0.0,0.0,69.838,0.0,0.0,0.0,0.0,0.0,0.0,15.823333333333332,15.823333333333332,15.823333333333332
2025-12-24,YSL,INE868X01014,BSE,31389.5,0.0,0.0,125.568,0.0,0.0,0.0,0.0,0.0,0.0,184.49333333333334,184.49333333333334,184.49333333333334
2025-12-24,SHAWGELTIN,INE869A01010,BSE,352.8,0.0,0.0,996.24,0.0,0.0,0.0,0.0,0.0,0.0,291.1023333333333,291.1023333333333,291.1023333333333
2025-12-26,GTPL,INE869I01013,NSE,99.25,64.12,1416297.5,2209.04911,48.55800000000001,50.23857142857143,50.23857142857143,715109.05,880480.6414285713,880480.6414285713,1713.819492,2093.849765714286,2093.849765714286
2025-12-26,TEMBO,INE869Y01010,NSE,709.15,57.78,46885452.25,82751.00745,42.548,44.71857142857143,44.71857142857143,76429285.9,58746379.78571428,58746379.78571428,187588.81589,142838.02007857143,142838.02007857143
2025-12-24,OKPLA,INE870B01024,BSE,8.23,0.0,0.0,3354.987,0.0,0.0,0.0,0.0,0.0,0.0,6753.319666666667,6753.319666666667,6753.319666666667
2025-12-26,NFL,INE870D01012,NSE,87.74,31.47,38172603.1,122470.26934999999,38.41,35.294285714285714,35.294285714285714,20162956.592,22768355.351428572,22768355.351428572,55593.100382,75190.23358857143,75190.23358857143
2025-12-26,NETWORK18,INE870H01013,NSE,43.94,34.21,48849767.72,142884.89059999998,46.272000000000006,47.24142857142857,47.24142857142857,56823874.304,53691627.62,53691627.62,126771.926318,116934.56932571427,116934.56932571427
2025-12-24,SILVOAK,INE870J01019,BSE,99.66,0.0,0.0,160.754,0.0,0.0,0.0,0.0,0.0,0.0,170.016,170.016,170.016
2025-12-24,INNOVATORS,INE870Z01015,BSE,180.0,0.0,0.0,2623.84,0.0,0.0,0.0,0.0,0.0,0.0,1655.0266666666666,1655.0266666666666,1655.0266666666666
2025-12-26,AVANTIFEED,INE871C01038,NSE,836.05,29.22,122069988.39999999,415736.74210000003,40.64,37.90571428571428,37.90571428571428,193284606.99,223972845.79999998,223972845.79999998,502766.12347,652531.0014785714,652531.0014785714
2025-12-26,GSS,INE871H01011,NSE,15.97,68.24,1062723.6500000001,1577.9488000000001,68.542,65.86714285714285,65.86714285714285,815194.68,1233926.192857143,1233926.192857143,1165.4673440000001,1990.7238985714287,1990.7238985714287
2025-12-26,HMVL,INE871K01015,NSE,69.79,53.59,551969.1100000001,1044.60151,46.08,53.44857142857143,53.44857142857143,1699760.1619999998,1877902.0257142857,1877902.0257142857,4324.495486,3941.51249,3941.51249
2025-12-17,TVVISION,INE871L01013,NSE,11.27,100.0,354148.48,354.14848,60.13,60.13,60.13,1421613.5,1421613.5,1421613.5,2336.45425,2336.45425,2336.45425
2025-12-24,DLCL,INE871Z01013,BSE,18.99,0.0,0.0,75.96,0.0,0.0,0.0,0.0,0.0,0.0,75.96,75.96,75.96
2025-12-24,DLTNCBL,INE872E01016,BSE,674.75,0.0,0.0,1904.015,0.0,0.0,0.0,0.0,0.0,0.0,3162.1730000000002,3162.1730000000002,3162.1730000000002
2025-12-26,LUMAXTECH,INE872H01027,NSE,1517.6,43.46,69430200.0,160743.5925,37.996,38.682857142857145,38.682857142857145,122151893.4,130163127.07142857,130163127.07142857,326422.39342,344847.5682857143,344847.5682857143
2025-12-26,DEVYANI,INE872J01023,NSE,144.84,53.23,137806135.08,258676.40684,41.746,43.70428571428572,43.70428571428572,177522023.16000003,156699319.7257143,156699319.7257143,446769.20064200007,380397.22525,380397.22525
2025-12-26,INDOCO,INE873D01024,NSE,225.95,70.27,8284004.85,11963.2854,65.156,63.345714285714294,63.345714285714294,3948428.65,3301777.0428571426,3301777.0428571426,5944.06302,5062.9784714285715,5062.9784714285715
2025-12-24,MKVENTURES,INE874A01010,BSE,1040.2,0.0,0.0,879.228,0.0,0.0,0.0,0.0,0.0,0.0,2052.161666666667,2052.161666666667,2052.161666666667
2025-12-26,RADAAN,INE874F01027,NSE,3.64,82.81,62535.200000000004,74.40348,78.066,72.16999999999999,72.16999999999999,102477.334,144367.66999999998,144367.66999999998,130.71107800000001,211.36734142857145,211.36734142857145
2025-12-26,RAMKY,INE874I01013,NSE,577.9,46.98,10198779.2,21622.78325,58.322,54.938571428571436,54.938571428571436,16996535.54,13532381.099999998,13532381.099999998,31407.20357,25440.58210714286,25440.58210714286
2025-12-24,NIMBSPROJ,INE875B01015,BSE,270.8,0.0,0.0,2422.634,0.0,0.0,0.0,0.0,0.0,0.0,3149.657333333333,3149.657333333333,3149.657333333333
2025-12-26,NDL,INE875G01048,NSE,2.98,69.62,2406168.22,3476.97245,61.45399999999999,59.85428571428571,59.85428571428571,2660546.53,2510458.7785714283,2510458.7785714283,4343.33595,4194.671242857143,4194.671242857143
2025-12-24,BANDARAM,INE875N01036,BSE,26.8,0.0,0.0,24.239,0.0,0.0,0.0,0.0,0.0,0.0,67.01,67.01,67.01
2025-12-26,BALKRISHNA,INE875R01011,NSE,18.74,90.53,524363.94,575.19542,67.56200000000001,71.69857142857144,71.69857142857144,578308.26,466402.9071428571,466402.9071428571,851.055266,686.7522385714285,686.7522385714285
2025-12-24,OASISEC,INE876A01023,BSE,17.83,0.0,0.0,40.707,0.0,0.0,0.0,0.0,0.0,0.0,11.463666666666667,11.463666666666667,11.463666666666667
2025-12-24,NIHARINF,INE876E01033,BSE,6.46,0.0,0.0,364.126,0.0,0.0,0.0,0.0,0.0,0.0,16.111666666666668,16.111666666666668,16.111666666666668
2025-12-26,ORIENTCEM,INE876N01018,NSE,171.16,58.06,134452170.6,231186.48067,45.034,48.19428571428572,48.19428571428572,107026218.31,85898516.31285714,85898516.31285714,392375.9980680001,297165.8896857143,297165.8896857143
2025-12-24,LOYAL,INE876S01017,BSE,194.3,0.0,0.0,798.44,0.0,0.0,0.0,0.0,0.0,0.0,399.7033333333333,399.7033333333333,399.7033333333333
2025-12-24,GUJINTRX,INE877E01015,BSE,438.2,0.0,0.0,383.696,0.0,0.0,0.0,0.0,0.0,0.0,359.22866666666664,359.22866666666664,359.22866666666664
2025-12-26,PTC,INE877F01012,NSE,160.74,50.38,78990850.8,156564.33896000002,57.634,57.971428571428575,57.971428571428575,81014314.586,81280054.79571427,81280054.79571427,136515.507008,138851.81364571425,138851.81364571425
2025-12-26,ARCHIDPLY,INE877I01016,NSE,90.07,83.64,1039047.5199999999,1232.93644,63.202,67.67285714285714,67.67285714285714,653985.7980000001,933112.7071428571,933112.7071428571,1015.7173059999999,1252.3009085714286,1252.3009085714286
2025-12-26,SURAKSHA,INE877V01027,NSE,270.95,76.7,2817067.15,3675.62125,62.49400000000001,61.925714285714285,61.925714285714285,2852054.19,2475992.564285714,2475992.564285714,4579.8297299999995,3977.9398357142854,3977.9398357142854
2025-12-26,GVPIL,INE878A01011,NSE,319.75,48.26,15418664.75,32152.7963,41.20399999999999,43.534285714285716,43.534285714285716,23253337.9,20629120.95,20629120.95,61902.6524,52372.06569999999,52372.06569999999
2025-12-26,KEI,INE878B01027,NSE,4367.4,37.25,179901940.79999998,485274.8418,48.866,51.707142857142856,51.707142857142856,579537277.3800001,558261131.1142858,558261131.1142858,1288897.7508599998,1161162.1057857142,1161162.1057857142
2025-12-26,SETCO,INE878E01021,NSE,15.43,92.55,843172.35,909.06211,76.97200000000001,78.8457142857143,78.8457142857143,322658.6,290177.7471428571,290177.7471428571,428.416676,375.9444742857143,375.9444742857143
2025-12-26,INVENTURE,INE878H01024,NSE,1.18,74.7,982970.6799999999,1321.9034299999998,73.55799999999999,75.73285714285714,75.73285714285714,606857.9839999999,625243.3571428572,625243.3571428572,837.511306,836.2007185714285,836.2007185714285
2025-12-26,BFINVEST,INE878K01010,NSE,418.2,68.42,4801772.399999999,7003.7913,56.354000000000006,56.91285714285715,56.91285714285715,3099819.15,3065300.8928571427,3065300.8928571427,5517.18469,5394.088971428572,5394.088971428572
2025-12-24,VISTARAMAR,INE878P01019,BSE,106.0,0.0,0.0,83.275,0.0,0.0,0.0,0.0,0.0,0.0,90.22633333333334,90.22633333333334,90.22633333333334
2025-12-26,SHREERAMA,INE879A01019,NSE,62.25,60.21,4688234.25,7866.26616,57.77,55.61000000000001,55.61000000000001,4785300.7700000005,7400436.938571429,7400436.938571429,8343.867376,14098.410167142856,14098.410167142856
2025-12-26,KANANIIND,INE879E01037,NSE,1.64,68.85,276212.07999999996,405.09609,65.772,68.93714285714286,68.93714285714286,223283.71599999996,208620.00857142854,208620.00857142854,335.97642,303.45815428571433,303.45815428571433
2025-12-26,DBREALTY,INE879I01012,NSE,118.85,45.79,58648434.099999994,129588.4384,43.09,44.99714285714286,44.99714285714286,65407487.924,58717964.58571429,58717964.58571429,155429.974882,135341.73878428573,135341.73878428573
2025-12-24,KMCSHIL,INE879K01018,BSE,77.19,0.0,0.0,1805.469,0.0,0.0,0.0,0.0,0.0,0.0,2535.264,2535.264,2535.264
2025-12-24,ANSALHSG,INE880B01015,BSE,10.01,0.0,0.0,803.491,0.0,0.0,0.0,0.0,0.0,0.0,359.62466666666666,359.62466666666666,359.62466666666666
2025-12-26,JSWINFRA,INE880J01026,NSE,284.3,63.32,100804251.0,159706.24469999998,59.339999999999996,57.959999999999994,57.959999999999994,194212857.02,169437648.70714286,169437648.70714286,326796.61421,289033.2061857143,289033.2061857143
2025-12-26,KIOCL,INE880L01014,NSE,393.65,19.19,62788355.949999996,327737.4423,30.794,34.68,34.68,28936690.170000006,22893549.221428573,22893549.221428573,144551.98634,108396.17209285714,108396.17209285714
2025-12-26,SOLEX,INE880Y01017,NSE,1310.6,53.57,36328521.4,68535.0213,55.086,54.42285714285715,54.42285714285715,17426503.919999998,16287606.04285714,16287606.04285714,31868.61816,30116.964000000004,30116.964000000004
2025-12-24,KOBO,INE881A01015,BSE,2.36,0.0,0.0,0.899,0.0,0.0,0.0,0.0,0.0,0.0,6.888000000000001,6.888000000000001,6.888000000000001
2025-12-24,SUPERTEX,INE881B01054,BSE,6.47,0.0,0.0,39.53,0.0,0.0,0.0,0.0,0.0,0.0,18.784,18.784,18.784
2025-12-26,OFSS,INE881D01027,NSE,7777.0,56.5,393547308.0,695383.0845,40.072,39.607142857142854,39.607142857142854,276842598.8,278594007.35714287,278594007.35714287,708909.5499,717227.1577142858,717227.1577142858
2025-12-24,KELENRG,INE881E01017,BSE,3844.4,0.0,0.0,1184.937,0.0,0.0,0.0,0.0,0.0,0.0,1210.6016666666667,1210.6016666666667,1210.6016666666667
2025-12-26,MARALOVER,INE882A01013,NSE,43.38,72.73,1263876.3,1749.4407800000001,65.454,67.88142857142857,67.88142857142857,201363.68,281617.03571428574,281617.03571428574,313.146416,443.8499257142857,443.8499257142857
2025-12-24,IIL,INE882B01037,BSE,30.83,0.0,0.0,18680.437,0.0,0.0,0.0,0.0,0.0,0.0,13941.367,13941.367,13941.367
2025-12-24,VEERHEALTH,INE882C01035,BSE,18.43,0.0,0.0,1191.802,0.0,0.0,0.0,0.0,0.0,0.0,883.0096666666667,883.0096666666667,883.0096666666667
2025-12-24,SPICEISLIN,INE882D01017,BSE,155.61,0.0,0.0,1108.721,0.0,0.0,0.0,0.0,0.0,0.0,2225.432666666667,2225.432666666667,2225.432666666667
2025-12-26,MRF,INE883A01011,NSE,150205.0,36.14,192112195.0,533749.56,41.206,40.06857142857143,40.06857142857143,305928031.0,259246082.85714287,259246082.85714287,711671.1840000001,614361.4642857143,614361.4642857143
2025-12-24,ALFAVIO,INE883B01027,BSE,5.98,0.0,0.0,51.714,0.0,0.0,0.0,0.0,0.0,0.0,3.5306666666666664,3.5306666666666664,3.5306666666666664
2025-12-24,PACIFICI,INE883C01025,BSE,162.4,0.0,0.0,35726.775,0.0,0.0,0.0,0.0,0.0,0.0,245.00633333333334,245.00633333333334,245.00633333333334
2025-12-24,KBSINDIA,INE883D01023,BSE,1.82,0.0,0.0,183.259,0.0,0.0,0.0,0.0,0.0,0.0,125.45333333333333,125.45333333333333,125.45333333333333
2025-12-26,AADHARHFC,INE883F01010,NSE,484.0,57.3,88794156.0,155761.6589,67.77599999999998,64.36571428571428,64.36571428571428,92162362.24,84367470.81428571,84367470.81428571,133029.30644999997,128399.57504285712,128399.57504285712
2025-12-26,PARAGMILK,INE883N01014,NSE,289.9,53.31,106819742.89999999,202469.43825,44.552,43.00571428571429,43.00571428571429,58885414.39,53413033.885714285,53413033.885714285,129863.80910999999,122076.56865,122076.56865
2025-12-26,VAIBHAVGBL,INE884A01027,NSE,234.94,56.86,18778284.32,33209.989,47.988,51.50714285714285,51.50714285714285,40279615.962,34783714.20857143,34783714.20857143,83254.92592800001,69575.01307,69575.01307
2025-12-24,KIRLFER,INE884B01025,BSE,437.65,0.0,0.0,28549.757,0.0,0.0,0.0,0.0,0.0,0.0,17396.921333333335,17396.921333333335,17396.921333333335
2025-12-24,TRINITYLEA,INE884X01011,BSE,12.0,0.0,0.0,1.08,0.0,0.0,0.0,0.0,0.0,0.0,2.307,2.307,2.307
2025-12-26,ARE&M,INE885A01032,NSE,920.4,56.16,77937631.2,139243.7475,59.903999999999996,60.43714285714286,60.43714285714286,110811578.25999999,107891596.77857141,107891596.77857141,181761.13207999998,176226.23418571427,176226.23418571427
2025-12-24,ARTEFACT,INE885B01014,BSE,61.7,0.0,0.0,789.299,0.0,0.0,0.0,0.0,0.0,0.0,194.84533333333334,194.84533333333334,194.84533333333334
2025-12-26,MAZDA,INE885E01042,NSE,213.35,60.23,2162515.6,3597.87446,59.646,63.010000000000005,63.010000000000005,2847111.84,3254183.978571429,3254183.978571429,4720.101786,5054.2838600000005,5054.2838600000005
2025-12-26,SPORTKING,INE885H01029,NSE,89.77,69.35,3318796.9,4798.441360000001,60.834,61.18714285714286,61.18714285714286,3190510.758,2994139.804285714,2994139.804285714,5391.546754,4991.680087142857,4991.680087142857
2025-12-26,IITL,INE886A01014,NSE,165.26,6.99,132703.78,1906.6628899999998,4.113999999999999,5.551428571428572,5.551428571428572,73623.506,104112.36714285715,104112.36714285715,1785.2670979999998,1814.6302257142856,1814.6302257142856
2025-12-24,SUMEDHA,INE886B01012,BSE,49.11,0.0,0.0,322.049,0.0,0.0,0.0,0.0,0.0,0.0,456.67633333333333,456.67633333333333,456.67633333333333
2025-12-26,EFCIL,INE886D01026,NSE,299.45,53.0,19395975.4,36637.34955,58.258,56.43000000000001,56.43000000000001,46951581.910000004,50453530.33571428,50453530.33571428,83572.45637,91977.07435714286,91977.07435714286
2025-12-24,TCC,INE887D01016,BSE,449.85,0.0,0.0,10122.934,0.0,0.0,0.0,0.0,0.0,0.0,3718.974,3718.974,3718.974
2025-12-26,NGLFINE,INE887E01022,NSE,1323.0,70.62,1914381.0,2686.534,78.85,80.58714285714287,80.58714285714287,1692014.6800000002,1924932.6714285717,1924932.6714285717,2290.76526,2450.1544714285715,2450.1544714285715
2025-12-26,GOKEX,INE887G01027,NSE,780.95,56.15,42677355.6,75994.192,53.081999999999994,53.37142857142857,53.37142857142857,69643597.53999999,64767054.949999996,64767054.949999996,132873.36231,123181.60115714285,123181.60115714285
2025-12-26,SADHNANIQ,INE888C01040,NSE,7.7,58.33,3125861.2,5402.07945,62.334,62.202857142857155,62.202857142857155,11070419.304,9616050.542857142,9616050.542857142,19294.116484000002,16626.21283,16626.21283
2025-12-24,CMMHOSP,INE889F01017,BSE,45.95,0.0,0.0,29.373,0.0,0.0,0.0,0.0,0.0,0.0,73.80366666666667,73.80366666666667,73.80366666666667
2025-12-24,UPSURGE,INE890B01014,BSE,63.88,0.0,0.0,1323.925,0.0,0.0,0.0,0.0,0.0,0.0,1014.6236666666667,1014.6236666666667,1014.6236666666667
2025-12-24,UVDRHOR,INE890G01021,BSE,150.75,0.0,0.0,213.084,0.0,0.0,0.0,0.0,0.0,0.0,194.4286666666667,194.4286666666667,194.4286666666667
2025-12-24,JULIEN,INE890N01027,BSE,2.5,0.0,0.0,660.292,0.0,0.0,0.0,0.0,0.0,0.0,408.1176666666667,408.1176666666667,408.1176666666667
2025-12-24,GAMCO,INE890S01026,BSE,40.4,0.0,0.0,1397.81,0.0,0.0,0.0,0.0,0.0,0.0,1955.9693333333332,1955.9693333333332,1955.9693333333332
2025-12-26,DCMFINSERV,INE891B01012,NSE,5.28,87.59,80409.12000000001,94.13033,85.18,78.73428571428573,78.73428571428573,38305.516,35992.82571428571,35992.82571428571,44.525486,44.097454285714285,44.097454285714285
2025-12-26,REDINGTON,INE891D01026,NSE,270.95,46.34,63369244.099999994,137446.11169999998,42.716,42.73571428571428,42.73571428571428,106680183.5,120798286.1,120798286.1,249042.98671000003,282981.90705000004,282981.90705000004
2025-12-24,LIMECHM,INE891G01011,BSE,14.23,0.0,0.0,110.937,0.0,0.0,0.0,0.0,0.0,0.0,101.474,101.474,101.474
2025-12-24,KAIZENAGRO,INE891N01017,BSE,14.63,0.0,0.0,286.618,0.0,0.0,0.0,0.0,0.0,0.0,192.62833333333333,192.62833333333333,192.62833333333333
2025-12-24,SCC,INE892C01018,BSE,11.97,0.0,0.0,63.514,0.0,0.0,0.0,0.0,0.0,0.0,46.879999999999995,46.879999999999995,46.879999999999995
2025-12-24,SHANTIGURU,INE892L01019,BSE,7.28,0.0,0.0,21.84,0.0,0.0,0.0,0.0,0.0,0.0,121.17999999999999,121.17999999999999,121.17999999999999
2025-12-24,BABA,INE893A01036,BSE,10.25,0.0,0.0,4048.541,0.0,0.0,0.0,0.0,0.0,0.0,938.8086666666667,938.8086666666667,938.8086666666667
2025-12-24,BGDL,INE893C01032,BSE,158.05,0.0,0.0,5727.889,0.0,0.0,0.0,0.0,0.0,0.0,5651.081333333334,5651.081333333334,5651.081333333334
2025-12-26,VASCONEQ,INE893I01013,NSE,45.88,48.63,13222203.08,27472.45304,36.668,33.715714285714284,33.715714285714284,16766933.213999998,16624970.948571427,16624970.948571427,47105.109112,52368.52219428571,52368.52219428571
2025-12-26,MOLDTKPAC,INE893J01029,NSE,605.15,49.55,9669086.7,19566.23865,68.11600000000001,64.88142857142859,64.88142857142859,36808032.21,28718947.971428573,28718947.971428573,49204.10701,39409.704900000004,39409.704900000004
2025-12-24,ASHCAP,INE894A01026,BSE,3.0,0.0,0.0,238.758,0.0,0.0,0.0,0.0,0.0,0.0,154.954,154.954,154.954
2025-12-24,SALEM,INE894E01028,BSE,37.02,0.0,0.0,22.23,0.0,0.0,0.0,0.0,0.0,0.0,20.945333333333334,20.945333333333334,20.945333333333334
2025-12-17,NEERAJ,INE894J01019,BSE,18.5,0.0,0.0,1.868,0.0,0.0,0.0,0.0,0.0,0.0,1.868,1.868,1.868
2025-12-26,BELRISE,INE894V01022,NSE,179.39,17.74,977724832.2499999,5516067.26929,35.507999999999996,36.665,36.665,611857163.6600001,541752428.8333334,541752428.8333334,2377383.387404,2056355.8002516667,2056355.8002516667
2025-12-24,SVARTCORP,INE895A01023,BSE,3.75,0.0,0.0,213.64,0.0,0.0,0.0,0.0,0.0,0.0,99.88133333333333,99.88133333333333,99.88133333333333
2025-12-26,RUPA,INE895B01021,NSE,161.63,60.44,7163926.49,11862.8521,55.025999999999996,58.067142857142855,58.067142857142855,6268504.1899999995,7497235.727142856,7497235.727142856,11039.390067999999,12431.990144285712,12431.990144285712
2025-12-24,SCAGRO,INE895E01017,BSE,30.56,0.0,0.0,190.449,0.0,0.0,0.0,0.0,0.0,0.0,801.4893333333333,801.4893333333333,801.4893333333333
2025-12-24,NATPLASTI,INE896D01017,BSE,282.3,0.0,0.0,1035.513,0.0,0.0,0.0,0.0,0.0,0.0,334.057,334.057,334.057
2025-12-23,SINNAR,INE896E01023,BSE,725.4,0.0,0.0,0.725,0.0,0.0,0.0,0.0,0.0,0.0,5.461,5.461,5.461
2025-12-26,INDOSTAR,INE896L01010,NSE,237.99,39.54,12066568.98,30748.90619,56.736000000000004,54.355714285714285,54.355714285714285,7560451.336,7018392.9,7018392.9,13334.344745999999,12888.433885714285,12888.433885714285
2025-12-19,ICFL250924,INE896L07AC3,BSE,1120.48,0.0,0.0,11.204,0.0,0.0,0.0,0.0,0.0,0.0,11.204,11.204,11.204
2025-12-24,SUPERBAK,INE897A01011,BSE,29.75,0.0,0.0,0.564,0.0,0.0,0.0,0.0,0.0,0.0,8.840333333333334,8.840333333333334,8.840333333333334
2025-12-24,KRISHNACAP,INE897B01019,BSE,24.47,0.0,0.0,0.611,0.0,0.0,0.0,0.0,0.0,0.0,11.3285,11.3285,11.3285
2025-12-23,CINDRELL,INE897D01015,BSE,11.98,0.0,0.0,0.059,0.0,0.0,0.0,0.0,0.0,0.0,0.059,0.059,0.059
2025-12-24,AVI,INE897N01014,BSE,19.56,0.0,0.0,84.068,0.0,0.0,0.0,0.0,0.0,0.0,504.2283333333334,504.2283333333334,504.2283333333334
2025-12-24,MAGNUS,INE898E01011,BSE,32.94,0.0,0.0,1.087,0.0,0.0,0.0,0.0,0.0,0.0,10.869333333333332,10.869333333333332,10.869333333333332
2025-12-24,MIIL,INE898Q01015,BSE,615.45,0.0,0.0,33675.946,0.0,0.0,0.0,0.0,0.0,0.0,18209.207333333336,18209.207333333336,18209.207333333336
2025-12-26,AURUM,INE898S01029,NSE,185.56,55.29,6978726.04,12764.509189999999,62.757999999999996,63.059999999999995,63.059999999999995,22142699.233999994,18554855.58428571,18554855.58428571,35649.502626,29731.090111428573,29731.090111428573
2025-12-23,BRAWN,INE899B01015,BSE,22.1,0.0,0.0,29.614,0.0,0.0,0.0,0.0,0.0,0.0,3.602,3.602,3.602
2025-12-24,DHARFIN,INE899D01011,BSE,9.5,0.0,0.0,0.19,0.0,0.0,0.0,0.0,0.0,0.0,14.001,14.001,14.001
2025-12-24,COVIDH,INE899M01020,BSE,15.7,0.0,0.0,0.015,0.0,0.0,0.0,0.0,0.0,0.0,1.533666666666667,1.533666666666667,1.533666666666667
2025-12-24,BHARAT,INE900A01013,BSE,28.35,0.0,0.0,133.704,0.0,0.0,0.0,0.0,0.0,0.0,167.75199999999998,167.75199999999998,167.75199999999998
2025-12-26,KABRAEXTRU,INE900B01029,NSE,221.7,64.16,1245510.5999999999,1948.36435,59.205999999999996,62.47714285714285,62.47714285714285,1530867.93,1631302.4185714282,1631302.4185714282,2692.6141259999995,2681.9919899999995,2681.9919899999995
2025-12-26,ASAL,INE900C01027,NSE,483.3,49.24,3357001.8000000003,6845.990599999999,51.513999999999996,52.27857142857143,52.27857142857143,3280348.04,3400497.6,3400497.6,6486.73117,6679.1951928571425,6679.1951928571425
2025-12-24,ADVLIFE,INE900E01015,BSE,25.44,0.0,0.0,2.545,0.0,0.0,0.0,0.0,0.0,0.0,62.594,62.594,62.594
2025-12-26,MBAPL,INE900L01010,NSE,413.25,48.97,14618718.75,29998.37845,38.339999999999996,37.962857142857146,37.962857142857146,9025838.540000001,8314301.521428572,8314301.521428572,21238.04386,20275.007142857146,20275.007142857146
2025-12-24,ENCODE,INE900O01014,BSE,12.14,0.0,0.0,1.148,0.0,0.0,0.0,0.0,0.0,0.0,30.39366666666667,30.39366666666667,30.39366666666667
2025-12-24,TPROJECT,INE901C01017,BSE,4.28,0.0,0.0,34.718,0.0,0.0,0.0,0.0,0.0,0.0,30.005666666666666,30.005666666666666,30.005666666666666
2025-12-26,APLLTD,INE901L01018,NSE,852.2,45.06,6647160.0,14786.314,46.056,45.09142857142857,45.09142857142857,27051157.27,23795501.214285713,23795501.214285713,52659.725640000004,47581.832485714294,47581.832485714294
2025-12-26,S&SPOWER,INE902B01017,NSE,277.16,47.83,323722.88,677.58571,77.954,69.06714285714285,69.06714285714285,802341.9280000001,1142806.0685714285,1142806.0685714285,1244.376014,2149.651444285714,2149.651444285714
2025-12-24,MORGAN,INE902C01015,BSE,75.39,0.0,0.0,6.67,0.0,0.0,0.0,0.0,0.0,0.0,114.14333333333336,114.14333333333336,114.14333333333336
2025-12-24,KIFS,INE902D01013,BSE,122.25,0.0,0.0,6.378,0.0,0.0,0.0,0.0,0.0,0.0,2.1605,2.1605,2.1605
2025-12-24,KGPETRO,INE902G01016,BSE,210.45,0.0,0.0,1.453,0.0,0.0,0.0,0.0,0.0,0.0,58.30033333333333,58.30033333333333,58.30033333333333
2025-12-26,JAYKAY,INE903A01025,NSE,196.84,65.25,8062566.4,12389.99392,46.958000000000006,47.462857142857146,47.462857142857146,10137495.598000001,12912574.551428573,12912574.551428573,22139.724697999998,27605.54749428571,27605.54749428571
2025-12-26,MONARCH,INE903D01011,NSE,304.1,75.57,31846568.400000002,42300.3525,58.402,56.77571428571429,56.77571428571429,10448261.65,9280460.378571428,9280460.378571428,18029.11139,16074.59875,16074.59875
2025-12-26,SIGNATURE,INE903U01023,NSE,1138.6,5.28,13478746.799999999,254925.3977,8.815999999999999,7.8671428571428565,7.8671428571428565,25607322.839999996,22378187.057142857,22378187.057142857,287340.11921999994,279316.71462857135,279316.71462857135
2025-12-24,URSUGAR,INE904R01027,BSE,3.7,0.0,0.0,307.422,0.0,0.0,0.0,0.0,0.0,0.0,431.55400000000003,431.55400000000003,431.55400000000003
2025-12-24,WOMENNET,INE905B01010,BSE,8.67,0.0,0.0,468.071,0.0,0.0,0.0,0.0,0.0,0.0,271.252,271.252,271.252
2025-12-24,BCP,INE905P01028,BSE,2.07,0.0,0.0,224.171,0.0,0.0,0.0,0.0,0.0,0.0,199.75633333333334,199.75633333333334,199.75633333333334
2025-12-24,PURPLE,INE905R01016,BSE,5.0,0.0,0.0,10.003,0.0,0.0,0.0,0.0,0.0,0.0,11.833333333333334,11.833333333333334,11.833333333333334
2025-12-24,TARAI,INE906C01016,BSE,7.02,0.0,0.0,1.916,0.0,0.0,0.0,0.0,0.0,0.0,3.8196666666666665,3.8196666666666665,3.8196666666666665
2025-12-24,CITADEL,INE906D01014,BSE,44.28,0.0,0.0,878.335,0.0,0.0,0.0,0.0,0.0,0.0,156.56733333333332,156.56733333333332,156.56733333333332
2025-12-24,EKAMLEA,INE906L01025,BSE,6.21,0.0,0.0,6.926,0.0,0.0,0.0,0.0,0.0,0.0,0.246,0.246,0.246
2025-12-26,TIGERLOGS,INE906O01029,NSE,37.03,81.56,1623061.93,1988.5109,60.977999999999994,60.847142857142856,60.847142857142856,1366175.588,1229362.5114285715,1229362.5114285715,2206.209002,2012.7483514285711,2012.7483514285711
2025-12-24,GALACTICO,INE906Y01028,BSE,2.23,0.0,0.0,338.069,0.0,0.0,0.0,0.0,0.0,0.0,345.0423333333333,345.0423333333333,345.0423333333333
2025-12-26,KSL,INE907A01026,NSE,729.4,62.03,23193461.2,37986.9144,58.07000000000001,56.68142857142857,56.68142857142857,9425618.9,8674622.07142857,8674622.07142857,15482.609529999998,14554.820992857143,14554.820992857143
2025-12-24,DECOMIC,INE907E01010,BSE,69.93,0.0,0.0,50.689,0.0,0.0,0.0,0.0,0.0,0.0,231.88,231.88,231.88
2025-12-24,CINDHO,INE908C01012,BSE,61.45,0.0,0.0,3.362,0.0,0.0,0.0,0.0,0.0,0.0,0.06,0.06,0.06
2025-12-26,SHAKTIPUMP,INE908D01010,NSE,735.05,22.5,192803615.0,859952.4197999999,13.128,12.187142857142858,12.187142857142858,415400697.20000005,682362036.4428571,682362036.4428571,4153486.6503900005,7318415.686678572,7318415.686678572
2025-12-26,LIBAS,INE908V01012,NSE,11.1,91.26,217560.0,237.24831,76.69200000000001,73.31285714285715,73.31285714285715,273171.03800000006,219833.5685714286,219833.5685714286,366.827716,299.9309857142857,299.9309857142857
2025-12-24,PASUSPG,INE909B01020,BSE,34.23,0.0,0.0,2.596,0.0,0.0,0.0,0.0,0.0,0.0,9.145333333333333,9.145333333333333,9.145333333333333
2025-12-24,SHARPINV,INE909D01026,BSE,0.38,0.0,0.0,275.448,0.0,0.0,0.0,0.0,0.0,0.0,477.07500000000005,477.07500000000005,477.07500000000005
2025-12-24,NIRLON,INE910A01012,BSE,501.95,0.0,0.0,1303.605,0.0,0.0,0.0,0.0,0.0,0.0,1913.9493333333332,1913.9493333333332,1913.9493333333332
2025-12-24,OTCO,INE910B01028,BSE,6.65,0.0,0.0,14.758,0.0,0.0,0.0,0.0,0.0,0.0,2.7660000000000005,2.7660000000000005,2.7660000000000005
2025-12-26,TTKHLTCARE,INE910C01018,NSE,1038.3,82.0,3310100.4,4040.7381,75.24199999999999,77.51857142857143,77.51857142857143,3796359.8,4376767.328571429,4376767.328571429,5133.95682,5686.7781,5686.7781
2025-12-24,BOMTALKIES,INE910D01024,BSE,5.32,0.0,0.0,6.409,0.0,0.0,0.0,0.0,0.0,0.0,0.08499999999999999,0.08499999999999999,0.08499999999999999
2025-12-24,MUNCAPM,INE910G01027,BSE,149.5,0.0,0.0,0.149,0.0,0.0,0.0,0.0,0.0,0.0,0.149,0.149,0.149
2025-12-24,GTV,INE910R01024,BSE,55.28,0.0,0.0,1043.179,0.0,0.0,0.0,0.0,0.0,0.0,581.5196666666667,581.5196666666667,581.5196666666667
2025-12-23,TCIFINANCE,INE911B01018,NSE,21.45,72.82,3014561.55,4108.51657,52.15599999999999,52.15599999999999,52.15599999999999,3878595.8379999995,3878595.8379999995,3878595.8379999995,10431.510078,10431.510078,10431.510078
2025-12-23,12MFIL26,INE911L07113,BSE,24750.0,0.0,0.0,49.5,0.0,0.0,0.0,0.0,0.0,0.0,49.5,49.5,49.5
2025-12-24,KRANTI,INE911T01010,BSE,82.16,0.0,0.0,136.933,0.0,0.0,0.0,0.0,0.0,0.0,322.37100000000004,322.37100000000004,322.37100000000004
2025-12-24,A1L,INE911Z01017,BSE,1669.8,0.0,0.0,262168.735,0.0,0.0,0.0,0.0,0.0,0.0,11457.576666666666,11457.576666666666,11457.576666666666
2025-12-24,GOYALASS,INE912B01032,BSE,1.01,0.0,0.0,6.517,0.0,0.0,0.0,0.0,0.0,0.0,33.773999999999994,33.773999999999994,33.773999999999994
2025-12-26,MBLINFRA,INE912H01013,NSE,34.0,61.81,2502638.0,3986.72902,79.39200000000001,76.57857142857142,76.57857142857142,6202573.876,4863097.602857144,4863097.602857144,7353.586461999999,5885.508745714285,5885.508745714285
2025-12-26,RPEL,INE912T01018,NSE,947.9,48.0,11546369.9,24459.4368,50.822,52.769999999999996,52.769999999999996,21463201.380000003,19340849.8,19340849.8,43435.40458,37933.45597142858,37933.45597142858
2025-12-26,ENDURANCE,INE913H01037,NSE,2549.8,49.12,30595050.200000003,62655.7279,54.688,54.78857142857144,54.78857142857144,102979627.97999999,92742393.17142858,92742393.17142858,181663.01341999997,164303.1474142857,164303.1474142857
2025-12-24,SHREMETAL,INE914B01012,BSE,37.69,0.0,0.0,287.68,0.0,0.0,0.0,0.0,0.0,0.0,94.52033333333333,94.52033333333333,94.52033333333333
2025-12-26,ALANKIT,INE914E01040,NSE,10.86,68.1,1662112.14,2474.743,69.50399999999999,67.30999999999999,67.30999999999999,1046147.4439999999,1234046.7685714285,1234046.7685714285,1498.0654140000001,1860.2814314285715,1860.2814314285715
2025-12-24,POLYSPIN,INE914G01029,BSE,34.11,0.0,0.0,30.647,0.0,0.0,0.0,0.0,0.0,0.0,8.158333333333333,8.158333333333333,8.158333333333333
2025-12-26,ASTERDM,INE914M01019,NSE,617.95,47.59,280505425.55,587706.0976,62.724000000000004,63.32142857142857,63.32142857142857,261554085.71000004,253241409.9928572,253241409.9928572,416456.73335,394109.7106071428,394109.7106071428
2025-12-26,INDSWFTLAB,INE915B01019,NSE,91.51,77.41,6274932.21,8145.49484,65.41,65.44428571428571,65.44428571428571,4854435.881999999,4217868.85142857,4217868.85142857,8245.021804,7046.7314614285715,7046.7314614285715
2025-12-19,GRATEXI,INE915E01013,BSE,18.32,0.0,0.0,3.59,0.0,0.0,0.0,0.0,0.0,0.0,3.59,3.59,3.59
2025-12-26,GEECEE,INE916G01016,NSE,323.1,56.48,1449749.7000000002,2586.8517,72.65,68.74857142857142,68.74857142857142,543584.51,565239.0928571429,565239.0928571429,743.52077,831.2023499999999,831.2023499999999
2025-12-24,TRIVENIENT,INE916P01025,BSE,1.35,0.0,0.0,12.256,0.0,0.0,0.0,0.0,0.0,0.0,14.675333333333333,14.675333333333333,14.675333333333333
2025-12-26,SFL,INE916U01025,NSE,579.4,57.26,22979004.0,40441.32905,49.02,49.167142857142856,49.167142857142856,23369067.2,28214405.264285713,28214405.264285713,48023.17659999999,58465.72706428571,58465.72706428571
2025-12-26,AFIL,INE916Y01027,NSE,6.76,59.85,1924463.8399999999,3210.45183,56.662,60.27428571428572,60.27428571428572,4050915.9439999997,4667360.494285715,4667360.494285715,7119.503036,7637.87116857143,7637.87116857143
2025-12-26,SRHHYPOLTD,INE917H01012,NSE,523.4,57.71,1224756.0,2126.07685,59.58200000000001,55.42857142857143,55.42857142857143,3466821.8099999996,4273801.178571428,4273801.178571428,6434.388649999999,8973.764721428572,8973.764721428572
2025-12-26,BAJAJ-AUTO,INE917I01010,NSE,9064.5,39.95,383183608.5,964709.055,54.568,55.81285714285713,55.81285714285713,1292620709.2,1324904596.5714285,1324904596.5714285,2371708.8531,2378813.396785714,2378813.396785714
2025-12-26,DBL,INE917M01012,NSE,476.85,18.11,144096917.25,798721.4915,34.934000000000005,34.82142857142857,34.82142857142857,48925311.02,54813057.442857146,54813057.442857146,179285.49289999998,238067.71517142857,238067.71517142857
2025-12-24,GILADAFINS,INE918C01029,BSE,14.0,0.0,0.0,196.579,0.0,0.0,0.0,0.0,0.0,0.0,160.55033333333333,160.55033333333333,160.55033333333333
2025-12-26,BAJAJFINSV,INE918I01026,NSE,2017.6,72.11,2553365609.6,3541050.5138000003,67.73400000000001,63.62571428571429,63.62571428571429,1305738899.3200002,1074795190.8857143,1074795190.8857143,1881649.38794,1607032.1979857143,1607032.1979857143
2025-12-24,98NWFL30,INE918K07FU8,BSE,1005.0,0.0,0.0,402.011,0.0,0.0,0.0,0.0,0.0,0.0,1030.2,1030.2,1030.2
2025-12-26,VETO,INE918N01018,NSE,115.05,67.79,1547997.75,2287.9797000000003,68.438,68.4542857142857,68.4542857142857,1733323.6539999999,1776764.0485714285,1776764.0485714285,2553.479542,2620.70248,2620.70248
2025-12-26,KAYNES,INE918Z01012,NSE,4060.5,19.08,714944416.5,3778168.537,17.292,16.40857142857143,16.40857142857143,1173376022.4,1260134524.2857144,1260134524.2857144,6838656.370199999,7861702.862285714,7861702.862285714
2025-12-24,LAFFANSQ,INE919B01011,BSE,30.49,0.0,0.0,24.263,0.0,0.0,0.0,0.0,0.0,0.0,44.43466666666666,44.43466666666666,44.43466666666666
2025-12-24,JETKINGQ,INE919C01019,BSE,147.85,0.0,0.0,907.283,0.0,0.0,0.0,0.0,0.0,0.0,860.1466666666665,860.1466666666665,860.1466666666665
2025-12-26,IMFA,INE919H01018,NSE,1422.3,40.14,145785750.0,368163.4094,31.46,33.487142857142864,33.487142857142864,97995452.34,94039973.2,94039973.2,356379.91286,318394.46258571424,318394.46258571424
2025-12-26,RADIOCITY,INE919I01024,NSE,6.69,79.1,379135.68000000005,476.56481,71.90799999999999,73.14714285714285,73.14714285714285,302749.684,377913.85714285716,377913.85714285716,413.43972999999994,505.8462771428571,505.8462771428571
2025-12-24,JLL,INE919T01013,BSE,47.12,0.0,0.0,5.501,0.0,0.0,0.0,0.0,0.0,0.0,21.546333333333333,21.546333333333333,21.546333333333333
2025-12-26,DOLPHIN,INE920A01037,NSE,409.0,69.1,8587364.0,12781.803800000002,65.89,67.75571428571428,67.75571428571428,4059624.1700000004,12878869.450000001,12878869.450000001,6184.93244,16493.413328571427,16493.413328571427
2025-12-24,TCIIND,INE920B01019,BSE,1400.0,0.0,0.0,288.296,0.0,0.0,0.0,0.0,0.0,0.0,288.296,288.296,288.296
2025-12-24,NTCIND,INE920C01017,BSE,162.2,0.0,0.0,522.859,0.0,0.0,0.0,0.0,0.0,0.0,325.564,325.564,325.564
2025-12-23,LAXMIPATI,INE920P01019,BSE,349.0,0.0,0.0,174.5,0.0,0.0,0.0,0.0,0.0,0.0,349.0,349.0,349.0
2025-12-26,DBSTOCKBRO,INE921B01025,NSE,24.86,44.9,32268.28,72.12603999999999,64.702,66.33714285714287,66.33714285714287,389996.65,290346.7528571429,290346.7528571429,1879.5354020000002,1359.0198414285715,1359.0198414285715
2025-12-24,BAMBINO,INE921D01013,BSE,237.6,0.0,0.0,545.541,0.0,0.0,0.0,0.0,0.0,0.0,103.98733333333332,103.98733333333332,103.98733333333332
2025-12-26,BEPL,INE922A01025,NSE,89.61,67.18,11980767.39,17890.17393,61.80799999999999,61.401428571428575,61.401428571428575,29265538.048,24644846.87,24644846.87,47013.342586,39808.91803714285,39808.91803714285
2025-12-26,PANACEABIO,INE922B01023,NSE,407.15,5.5,547571556.35,10013539.40135,50.802,52.11571428571428,52.11571428571428,8197086.9799999995,7184222.499999999,7184222.499999999,16625.33701,14253.164757142858,14253.164757142858
2025-12-26,INDIASHLTR,INE922K01024,NSE,810.35,51.38,103619454.5,201568.4075,57.681999999999995,57.60285714285714,57.60285714285714,62664860.14000001,53210093.88571429,53210093.88571429,108211.08401000002,92325.92700714288,92325.92700714288
2025-12-26,SILINV,INE923A01015,NSE,516.75,74.58,967356.0,1295.1855,61.562,63.64857142857143,63.64857142857143,541464.31,501297.8285714286,501297.8285714286,852.16798,776.0430714285714,776.0430714285714
2025-12-24,COLINZ,INE923C01011,BSE,47.5,0.0,0.0,0.047,0.0,0.0,0.0,0.0,0.0,0.0,89.20400000000001,89.20400000000001,89.20400000000001
2025-12-24,VSFPROJ,INE923K01014,BSE,40.62,0.0,0.0,523.483,0.0,0.0,0.0,0.0,0.0,0.0,56.28466666666666,56.28466666666666,56.28466666666666
2025-12-24,KENVI,INE923Y01023,BSE,2.53,0.0,0.0,134.704,0.0,0.0,0.0,0.0,0.0,0.0,316.822,316.822,316.822
2025-12-24,SALORAINTL,INE924A01013,BSE,35.99,0.0,0.0,207.471,0.0,0.0,0.0,0.0,0.0,0.0,68.86966666666667,68.86966666666667,68.86966666666667
2025-12-24,AMCOIND,INE924B01011,BSE,72.48,0.0,0.0,16.896,0.0,0.0,0.0,0.0,0.0,0.0,138.782,138.782,138.782
2025-12-26,THEINVEST,INE924D01017,NSE,120.62,77.07,1513057.28,1962.20758,68.974,69.51714285714286,69.51714285714286,177259.49599999998,173546.64142857143,173546.64142857143,276.87490199999996,261.71709428571427,261.71709428571427
2025-12-26,TARMAT,INE924H01018,NSE,52.01,68.78,703279.22,1032.54982,73.7,76.30571428571429,76.30571428571429,651388.628,626619.63,626619.63,911.0818919999999,838.206967142857,838.206967142857
2025-12-24,BLUEGOD,INE924N01024,BSE,4.6,0.0,0.0,22282.584,0.0,0.0,0.0,0.0,0.0,0.0,21034.45233333333,21034.45233333333,21034.45233333333
2025-12-26,MADHAV,INE925C01016,NSE,41.49,68.95,89825.85,132.77147,71.912,70.81571428571428,70.81571428571428,113015.73000000001,128676.67,128676.67,161.10837,182.9506257142857,182.9506257142857
2025-12-24,GARWAMAR,INE925D01014,BSE,27.68,0.0,0.0,195.623,0.0,0.0,0.0,0.0,0.0,0.0,167.851,167.851,167.851
2025-12-26,CMSINFO,INE925R01014,NSE,344.7,71.51,75419325.89999999,105814.952,71.74999999999999,71.76571428571428,71.76571428571428,194969828.63,159490759.47857141,159490759.47857141,242762.93582999994,201345.05531428568,201345.05531428568
2025-12-19,AURIGROW,INE925Y01036,NSE,0.92,53.7,43178770.32,81217.1128,60.59,60.59,60.59,43165992.51,43165992.51,43165992.51,72136.34669666667,72136.34669666667,72136.34669666667
2025-12-24,GRANDOAK,INE926B01016,BSE,42.65,0.0,0.0,21.635,0.0,0.0,0.0,0.0,0.0,0.0,219.38566666666668,219.38566666666668,219.38566666666668
2025-12-24,NIKHILAD,INE926C01022,BSE,81.4,0.0,0.0,2648.238,0.0,0.0,0.0,0.0,0.0,0.0,4880.5363333333335,4880.5363333333335,4880.5363333333335
2025-12-26,AHLEAST,INE926K01017,NSE,132.97,67.3,289209.75,431.97832,72.27000000000001,69.77714285714286,69.77714285714286,117549.46199999998,211476.51714285713,211476.51714285713,165.441534,312.02718,312.02718
2025-12-24,UCIL,INE926R01012,BSE,96.05,0.0,0.0,1173.883,0.0,0.0,0.0,0.0,0.0,0.0,3612.396666666666,3612.396666666666,3612.396666666666
2025-12-26,HGINFRA,INE926X01010,NSE,780.8,45.4,23091379.2,51325.3177,58.428,56.83857142857142,56.83857142857142,99041616.64,80728086.89999999,80728086.89999999,150457.73725,126427.60107142858,126427.60107142858
2025-12-26,ROLLT,INE927A01040,NSE,1.27,76.91,89738.2,115.15397999999999,60.10799999999999,63.474285714285706,63.474285714285706,170377.99599999998,212519.51857142855,212519.51857142855,279.12717000000004,323.6307442857143,323.6307442857143
2025-12-26,DIGISPICE,INE927C01020,NSE,25.13,68.59,1339780.8199999998,1963.77376,68.18,68.18,68.18,3102234.3066666666,3102234.3066666666,3102234.3066666666,4560.58824,4560.58824,4560.58824
2025-12-26,JBMA,INE927D01051,NSE,622.5,12.67,201321480.0,1602952.259,21.618000000000002,28.92428571428571,28.92428571428571,244800348.54000002,184924903.75,184924903.75,5205494.97075,3740037.3726500003,3740037.3726500003
2025-12-24,BAROEXT,INE927K01023,BSE,7.58,0.0,0.0,575.545,0.0,0.0,0.0,0.0,0.0,0.0,435.30466666666666,435.30466666666666,435.30466666666666
2025-12-24,GRANDMA,INE927M01029,BSE,0.49,0.0,0.0,0.436,0.0,0.0,0.0,0.0,0.0,0.0,4.093333333333334,4.093333333333334,4.093333333333334
2025-12-24,ELCIDIN,INE927X01018,BSE,128399.0,0.0,0.0,1661.73,0.0,0.0,0.0,0.0,0.0,0.0,2218.198,2218.198,2218.198
2025-12-24,DAICHI,INE928C01010,BSE,284.05,0.0,0.0,1913.491,0.0,0.0,0.0,0.0,0.0,0.0,2101.7200000000003,2101.7200000000003,2101.7200000000003
2025-12-24,HARYNACAP,INE928H01019,BSE,170.0,0.0,0.0,205.041,0.0,0.0,0.0,0.0,0.0,0.0,109.32099999999998,109.32099999999998,109.32099999999998
2025-12-24,RCCL,INE929D01016,BSE,37.04,0.0,0.0,4.419,0.0,0.0,0.0,0.0,0.0,0.0,21.251,21.251,21.251
2025-12-24,UNITINT,INE929K01011,BSE,4.04,0.0,0.0,15.131,0.0,0.0,0.0,0.0,0.0,0.0,30.316000000000003,30.316000000000003,30.316000000000003
2025-12-24,HEMANG,INE930A01010,BSE,17.18,0.0,0.0,27.298,0.0,0.0,0.0,0.0,0.0,0.0,19.824333333333332,19.824333333333332,19.824333333333332
2025-12-26,KPRMILL,INE930H01031,NSE,938.1,45.28,86758302.3,192612.8079,48.971999999999994,48.30142857142857,48.30142857142857,53134970.519999996,54998185.51428572,54998185.51428572,108649.10767999999,114077.89768571428,114077.89768571428
2025-12-26,ANURAS,INE930P01018,NSE,1320.8,20.38,102175767.2,499530.8529,18.201999999999998,17.832857142857144,17.832857142857144,85343058.32000001,85541039.87142858,85541039.87142858,467497.167,478205.57484285714,478205.57484285714
2025-12-24,HOWARHO,INE931B01016,BSE,20.87,0.0,0.0,6.551,0.0,0.0,0.0,0.0,0.0,0.0,15.7285,15.7285,15.7285
2025-12-24,SAMTEX,INE931D01020,BSE,1.96,0.0,0.0,30.17,0.0,0.0,0.0,0.0,0.0,0.0,27.634,27.634,27.634
2025-12-26,ADANIENSOL,INE931S01010,NSE,1015.3,39.87,361998107.9,906528.0118999999,45.904,45.52428571428572,45.52428571428572,556143367.46,490388335.0142857,490388335.0142857,963369.5741399999,898515.8607357143,898515.8607357143
2025-12-24,CTCL,INE931X01010,BSE,148.0,0.0,0.0,981.412,0.0,0.0,0.0,0.0,0.0,0.0,390.731,390.731,390.731
2025-12-26,PENIND,INE932A01024,NSE,199.1,48.95,32300988.5,66303.03005,43.836,43.80285714285714,43.80285714285714,39680196.603999995,36827662.15571428,36827662.15571428,88425.31059000001,82889.16079428572,82889.16079428572
2025-12-26,TOKYOPLAST,INE932C01012,NSE,111.09,76.34,126864.78,166.60075,77.59200000000001,71.32857142857144,71.32857142857144,221246.32399999996,277133.20714285714,277133.20714285714,302.61906999999997,419.1588228571428,419.1588228571428
2025-12-24,DUROPLY,INE932D01010,BSE,168.95,0.0,0.0,189.38,0.0,0.0,0.0,0.0,0.0,0.0,247.80700000000002,247.80700000000002,247.80700000000002
2025-12-24,EPIC,INE932F01015,BSE,42.6,0.0,0.0,407.275,0.0,0.0,0.0,0.0,0.0,0.0,108.48700000000001,108.48700000000001,108.48700000000001
2025-12-24,VMS,INE932K01015,BSE,28.16,0.0,0.0,424.112,0.0,0.0,0.0,0.0,0.0,0.0,493.01866666666666,493.01866666666666,493.01866666666666
2025-12-24,GANHOLD,INE932M01011,BSE,105.99,0.0,0.0,10.599,0.0,0.0,0.0,0.0,0.0,0.0,18.279,18.279,18.279
2025-12-26,SHAREINDIA,INE932X01026,NSE,171.68,62.89,27576443.36,43679.271700000005,48.51199999999999,46.67428571428571,46.67428571428571,24833612.0,27086465.591428574,27086465.591428574,52789.150451999994,60578.02586857143,60578.02586857143
2025-12-26,LYKALABS,INE933A01014,NSE,74.78,58.55,236230.02,405.72772,68.58,68.03999999999999,68.03999999999999,628198.054,851153.5185714286,851153.5185714286,914.0908959999999,1250.1577899999997,1250.1577899999997
2025-12-26,BAJAJCON,INE933K01021,NSE,261.85,46.86,30891230.050000004,66434.06285,49.855999999999995,50.395714285714284,50.395714285714284,40853081.33,36008377.79285715,36008377.79285715,86080.88354000001,74529.12079285715,74529.12079285715
2025-12-26,INDIAMART,INE933S01016,NSE,2216.2,49.69,24161012.4,48786.4189,62.233999999999995,65.49857142857142,65.49857142857142,64133273.98,104507664.15714286,104507664.15714286,103790.44787999999,153335.04695714285,153335.04695714285
2025-12-26,SHANTI,INE933X01016,NSE,9.2,69.66,136114.0,195.51419,79.14600000000002,70.28285714285715,70.28285714285715,208853.104,221341.04857142858,221341.04857142858,264.0055,373.9426728571429,373.9426728571429
2025-12-24,INTEGHIT,INE934A01012,BSE,3.0,0.0,0.0,7.65,0.0,0.0,0.0,0.0,0.0,0.0,1.906,1.906,1.906
2025-12-24,DRAGARWQ,INE934C01018,BSE,5389.2,0.0,0.0,2548.687,0.0,0.0,0.0,0.0,0.0,0.0,4239.649666666667,4239.649666666667,4239.649666666667
2025-12-26,GNA,INE934S01014,NSE,315.5,60.16,5055572.0,8433.6379,42.888,45.27428571428571,45.27428571428571,10849436.27,8573774.32857143,8573774.32857143,52770.67034999999,39421.72240714285,39421.72240714285
2025-12-26,GLENMARK,INE935A01035,NSE,2010.6,43.51,180734844.6,415756.25389999995,44.39,44.551428571428566,44.551428571428566,669157457.1800001,580470581.5714285,580470581.5714285,1449045.49988,1254123.0389857143,1254123.0389857143
2025-12-26,MOSCHIP,INE935B01025,NSE,205.71,38.16,69745975.5,184722.48801,32.362,37.39857142857143,37.39857142857143,98207833.50799999,90408570.27142857,90408570.27142857,325902.076854,274331.6721742857,274331.6721742857
2025-12-24,INDUSFINL,INE935D01013,BSE,51.3,0.0,0.0,49.935,0.0,0.0,0.0,0.0,0.0,0.0,82.59033333333333,82.59033333333333,82.59033333333333
2025-12-26,DIXON,INE935N01020,NSE,12328.0,36.66,3263295568.0,8984328.936,35.218,32.54571428571428,32.54571428571428,2809233663.0,2335758482.714286,2335758482.714286,8154523.3549999995,7102110.600142857,7102110.600142857
2025-12-24,SURATRAML,INE936A01025,BSE,5.29,0.0,0.0,276.054,0.0,0.0,0.0,0.0,0.0,0.0,592.9826666666667,592.9826666666667,592.9826666666667
2025-12-26,NATCAPSUQ,INE936B01015,NSE,173.83,73.83,409891.14,558.59316,70.89,70.67142857142858,70.67142857142858,587490.342,727058.6185714286,727058.6185714286,773.958988,988.902367142857,988.902367142857
2025-12-24,SICL,INE936N01010,BSE,7.77,0.0,0.0,15.54,0.0,0.0,0.0,0.0,0.0,0.0,15.54,15.54,15.54
2025-12-26,SPMLINFRA,INE937A01023,NSE,173.96,55.14,7407738.680000001,13590.63571,53.75,51.01571428571429,51.01571428571429,9144791.006000001,9123496.877142858,9123496.877142858,16987.212734,18022.126077142857,18022.126077142857
2025-12-26,NILAINFRA,INE937C01029,NSE,9.75,81.98,1945680.75,2379.26162,66.06800000000001,66.83857142857144,66.83857142857144,1445413.966,1471488.8542857144,1471488.8542857144,2223.0785939999996,2240.5116657142853,2240.5116657142853
2025-12-24,ETIL,INE937K01014,BSE,6.78,0.0,0.0,137.208,0.0,0.0,0.0,0.0,0.0,0.0,79.85433333333333,79.85433333333333,79.85433333333333
2025-12-24,LAKSHMIMIL,INE938C01019,BSE,7876.95,0.0,0.0,565.273,0.0,0.0,0.0,0.0,0.0,0.0,168.48466666666667,168.48466666666667,168.48466666666667
2025-12-26,STAR,INE939A01011,NSE,911.05,34.29,69954063.2,206215.1019,43.178,44.86857142857143,44.86857142857143,135496934.9,119332424.02857144,119332424.02857144,399940.95256,331605.9645357143,331605.9645357143
2025-12-26,MANBA,INE939X01013,NSE,140.96,43.76,8058401.28,18517.4084,40.81,38.09142857142857,38.09142857142857,4014580.4519999996,3234435.34,3234435.34,9350.643877999999,7855.908507142857,7855.908507142857
2025-12-24,DUTRON,INE940C01015,BSE,113.3,0.0,0.0,41.591,0.0,0.0,0.0,0.0,0.0,0.0,27.323999999999998,27.323999999999998,27.323999999999998
2025-12-24,EUROLED,INE940E01011,BSE,20.75,0.0,0.0,3.139,0.0,0.0,0.0,0.0,0.0,0.0,17.917,17.917,17.917
2025-12-26,PGIL,INE940H01022,NSE,1591.2,53.05,32638694.400000002,61702.7783,49.356,53.307142857142864,53.307142857142864,55445173.239999995,224346388.94285712,224346388.94285712,109540.73058000002,296823.9734857143,296823.9734857143
2025-12-24,PREMSYN,INE940N01012,BSE,23.75,0.0,0.0,10.458,0.0,0.0,0.0,0.0,0.0,0.0,41.97933333333333,41.97933333333333,41.97933333333333
2025-12-26,GUJTHEM,INE942C01045,NSE,443.3,48.83,67081485.9,136081.5216,48.866,49.94,49.94,89656557.19,66092131.65714286,66092131.65714286,198739.84828000003,145885.44876428574,145885.44876428574
2025-12-26,MPSLTD,INE943D01017,NSE,1996.2,46.05,7475769.0,16339.1169,57.879999999999995,57.425714285714285,57.425714285714285,15395032.74,14033678.728571428,14033678.728571428,25774.20838,23809.80545714286,23809.80545714286
2025-12-26,AGARWALEYE,INE943P01029,NSE,503.7,36.87,7057340.7,19201.545899999997,46.715999999999994,44.910000000000004,44.910000000000004,24676623.98,21181238.585714288,21181238.585714288,47674.63282,42746.91168571428,42746.91168571428
2025-12-24,GUJSTATFIN,INE944A01011,BSE,12.08,0.0,0.0,247.623,0.0,0.0,0.0,0.0,0.0,0.0,234.33900000000003,234.33900000000003,234.33900000000003
2025-12-24,MKTCREAT,INE944C01017,BSE,14.0,0.0,0.0,50.823,0.0,0.0,0.0,0.0,0.0,0.0,0.13,0.13,0.13
2025-12-26,RADICO,INE944F01028,NSE,3305.3,48.54,486351757.90000004,1000530.2482,51.717999999999996,51.43142857142857,51.43142857142857,592741569.48,507866290.21428573,507866290.21428573,1142089.12014,980561.5937571429,980561.5937571429
2025-12-23,TYROON,INE945B01016,BSE,94.05,0.0,0.0,4.782,0.0,0.0,0.0,0.0,0.0,0.0,0.918,0.918,0.918
2025-12-24,DECNGOLD,INE945F01025,BSE,106.8,0.0,0.0,309138.685,0.0,0.0,0.0,0.0,0.0,0.0,193162.45299999998,193162.45299999998,193162.45299999998
2025-12-19,DECNGO-RE,INE945F20017,BSE,3.51,0.0,0.0,7527.909,0.0,0.0,0.0,0.0,0.0,0.0,2426.938,2426.938,2426.938
2025-12-26,V2RETAIL,INE945H01013,NSE,2387.4,57.73,61236810.0,106603.9055,59.714,59.04,59.04,93036134.34,79445237.24285714,79445237.24285714,149905.74397999997,129330.88969999999,129330.88969999999
2025-12-24,ZODIACVEN,INE945J01027,BSE,2.55,0.0,0.0,764.208,0.0,0.0,0.0,0.0,0.0,0.0,1058.3296666666668,1058.3296666666668,1058.3296666666668
2025-12-24,PANTH,INE945O01019,BSE,8.36,0.0,0.0,232.005,0.0,0.0,0.0,0.0,0.0,0.0,324.0756666666667,324.0756666666667,324.0756666666667
2025-12-24,WARDINMOBI,INE945P01024,BSE,7.97,0.0,0.0,7222.316,0.0,0.0,0.0,0.0,0.0,0.0,15897.016333333333,15897.016333333333,15897.016333333333
2025-12-26,VIPULLTD,INE946H01037,NSE,11.75,55.97,5124809.5,9066.973890000001,65.70599999999999,60.41285714285714,60.41285714285714,3367322.986,4078852.2957142857,4078852.2957142857,5127.970734,7563.614865714285,7563.614865714285
2025-12-26,SUNFLAG,INE947A01014,NSE,264.5,45.43,9519355.0,21142.490899999997,47.544,52.645714285714284,52.645714285714284,18875470.490000002,17842945.87142857,17842945.87142857,41647.15271,36301.68647857143,36301.68647857143
2025-12-23,MERCURYLAB,INE947G01011,BSE,818.8,0.0,0.0,93.017,0.0,0.0,0.0,0.0,0.0,0.0,187.1445,187.1445,187.1445
2025-12-26,LOTUSEYE,INE947I01017,NSE,128.16,58.48,1075518.72,1832.73281,50.263999999999996,46.862857142857145,46.862857142857145,2549514.796,2821044.5614285716,2821044.5614285716,5234.2037660000005,6285.125204285714,6285.125204285714
2025-12-26,DEN,INE947J01015,NSE,31.65,52.46,3846582.75,7361.31045,46.608000000000004,47.16857142857143,47.16857142857143,4731577.220000001,4950952.671428571,4950952.671428571,10725.520282000001,10857.211612857142,10857.211612857142
2025-12-26,AEQUS,INE947N01017,NSE,139.37,18.3,68596938.41,377752.64463,16.64,15.705714285714288,15.705714285714288,247125550.18400002,360175317.7300001,360175317.7300001,2140078.166998,4113229.8150457144,4113229.8150457144
2025-12-26,LAURUSLABS,INE947Q01028,NSE,1085.0,54.08,552089230.0,1019912.8171,46.791999999999994,50.887142857142855,50.887142857142855,771875176.32,746022283.0714285,746022283.0714285,1689209.4897399999,1527090.7494999997,1527090.7494999997
2025-12-26,TRIGYN,INE948A01012,NSE,66.38,71.21,1264007.96,1786.09124,69.128,68.27142857142857,68.27142857142857,1523475.4619999998,1466897.9671428571,1466897.9671428571,2245.31216,2173.075657142857,2173.075657142857
2025-12-24,SBECSUG,INE948G01019,BSE,31.0,0.0,0.0,59.711,0.0,0.0,0.0,0.0,0.0,0.0,82.664,82.664,82.664
2025-12-19,SW1,INE948K01011,BSE,101.3,0.0,0.0,0.101,0.0,0.0,0.0,0.0,0.0,0.0,0.101,0.101,0.101
2025-12-24,BFLAFL,INE948Q01018,BSE,10.21,0.0,0.0,217.861,0.0,0.0,0.0,0.0,0.0,0.0,63.614,63.614,63.614
2025-12-24,COSCO,INE949B01018,BSE,215.95,0.0,0.0,143.744,0.0,0.0,0.0,0.0,0.0,0.0,189.596,189.596,189.596
2025-12-24,CLFL,INE949C01016,BSE,42.42,0.0,0.0,0.169,0.0,0.0,0.0,0.0,0.0,0.0,1.8819999999999997,1.8819999999999997,1.8819999999999997
2025-12-26,MANINFRA,INE949H01023,NSE,129.14,44.23,11901800.679999998,27131.536219999998,44.92,48.637142857142855,48.637142857142855,22497925.925999995,22486397.209999997,22486397.209999997,49073.954262,46083.208479999994,46083.208479999994
2025-12-26,AUBANK,INE949L01017,NSE,974.95,61.24,877785508.0500001,1434235.055,62.61800000000001,62.78000000000001,62.78000000000001,1126042373.3799999,1252228385.7,1252228385.7,1785102.8184999998,1971723.9205357141,1971723.9205357141
2025-12-26,GENUSPAPER,INE949P01018,NSE,13.17,64.87,473988.3,731.00189,66.226,72.63142857142857,72.63142857142857,1089242.5620000002,857445.4414285716,857445.4414285716,1766.0120300000003,1350.4817600000001,1350.4817600000001
2025-12-24,HPCOTTON,INE950C01014,BSE,104.0,0.0,0.0,16.393,0.0,0.0,0.0,0.0,0.0,0.0,37.87,37.87,37.87
2025-12-24,ACROW,INE950D01012,BSE,653.75,0.0,0.0,43.961,0.0,0.0,0.0,0.0,0.0,0.0,260.3,260.3,260.3
2025-12-26,DBCORP,INE950I01011,NSE,260.25,48.06,17044293.0,35894.49204999999,48.73800000000001,44.92714285714286,44.92714285714286,7644916.669999999,7485129.264285713,7485129.264285713,15774.01813,17425.574464285713,17425.574464285713
2025-12-26,MONTECARLO,INE950M01013,NSE,698.0,51.29,10260600.0,20072.962399999997,54.474000000000004,51.84857142857144,51.84857142857144,14836115.839999998,12177724.757142855,12177724.757142855,38969.22635999999,31349.89223571428,31349.89223571428
2025-12-24,KRYPTONQ,INE951B01014,BSE,43.14,0.0,0.0,124.281,0.0,0.0,0.0,0.0,0.0,0.0,571.6226666666668,571.6226666666668,571.6226666666668
2025-12-24,UNIOFFICE,INE951C01012,BSE,7.87,0.0,0.0,3.091,0.0,0.0,0.0,0.0,0.0,0.0,8.541,8.541,8.541
2025-12-26,ATULAUTO,INE951D01028,NSE,437.55,57.75,17295476.400000002,29945.3668,35.196,41.67857142857143,41.67857142857143,10209726.87,9402760.7,9402760.7,30955.062599999997,25782.03477142857,25782.03477142857
2025-12-26,VGUARD,INE951I01027,NSE,327.7,43.83,9796919.2,22439.60305,56.032000000000004,56.478571428571435,56.478571428571435,77744443.03999999,63848215.31428571,63848215.31428571,94464.53586999999,81329.91302142855,81329.91302142855
2025-12-24,RRIL,INE951M01037,BSE,19.75,0.0,0.0,654.437,0.0,0.0,0.0,0.0,0.0,0.0,284.419,284.419,284.419
2025-12-24,SKIFL,INE951Z01013,BSE,12.62,0.0,0.0,31.55,0.0,0.0,0.0,0.0,0.0,0.0,17.45,17.45,17.45
2025-12-24,MINAXI,INE952C01028,BSE,1.51,0.0,0.0,15.572,0.0,0.0,0.0,0.0,0.0,0.0,11.474333333333334,11.474333333333334,11.474333333333334
2025-12-26,RAJTV,INE952H01027,NSE,41.24,45.64,99759.56,219.63431,65.212,63.33428571428571,63.33428571428571,230492.652,539801.8542857143,539801.8542857143,414.11969,1626.8037800000002,1626.8037800000002
2025-12-24,FLOMIC,INE952M01019,BSE,53.26,0.0,0.0,96.273,0.0,0.0,0.0,0.0,0.0,0.0,88.78333333333335,88.78333333333335,88.78333333333335
2025-12-24,CHRTEDCA,INE953B01010,BSE,284.9,0.0,0.0,31.339,0.0,0.0,0.0,0.0,0.0,0.0,34.442,34.442,34.442
2025-12-23,DHANFAB,INE953D01016,BSE,54.23,0.0,0.0,4.068,0.0,0.0,0.0,0.0,0.0,0.0,0.221,0.221,0.221
2025-12-24,KSE,INE953E01022,BSE,223.35,0.0,0.0,2364.991,0.0,0.0,0.0,0.0,0.0,0.0,1752.8186666666668,1752.8186666666668,1752.8186666666668
2025-12-26,JSFB,INE953L01027,NSE,413.55,64.45,38896445.25,60653.757600000004,63.038,67.38571428571427,67.38571428571427,43865236.67,53488793.37857143,53488793.37857143,70895.07074000001,79135.41472857143,79135.41472857143
2025-12-24,PSITINFRA,INE953M01033,BSE,1.51,0.0,0.0,54.846,0.0,0.0,0.0,0.0,0.0,0.0,20.244666666666667,20.244666666666667,20.244666666666667
2025-12-26,SANSERA,INE953O01021,NSE,1698.8,50.47,47423700.8,94141.83790000001,55.83,55.94857142857143,55.94857142857143,125590033.24000001,115819731.24285714,115819731.24285714,221993.17380000005,203164.2730714286,203164.2730714286
2025-12-26,PNGJL,INE953R01016,NSE,616.35,44.21,29096650.8,65749.78385,53.794000000000004,54.99,54.99,35508363.269999996,35671925.60714285,35671925.60714285,66147.21820999999,65133.27222142857,65133.27222142857
2025-12-24,ESCORP,INE953W01016,BSE,134.75,0.0,0.0,155.922,0.0,0.0,0.0,0.0,0.0,0.0,137.20400000000004,137.20400000000004,137.20400000000004
2025-12-24,FLEXFO,INE954B01018,BSE,47.02,0.0,0.0,41.518,0.0,0.0,0.0,0.0,0.0,0.0,71.215,71.215,71.215
2025-12-26,MOHITIND,INE954E01012,NSE,28.64,71.15,103963.2,145.85201999999998,56.08,61.804285714285705,61.804285714285705,396770.1,814025.8428571428,814025.8428571428,814.406214,1205.6443371428572,1205.6443371428572
2025-12-26,GENUSPOWER,INE955D01029,NSE,300.5,67.08,35108617.0,52559.49325,53.105999999999995,54.83714285714286,54.83714285714286,37828605.82,38307580.199999996,38307580.199999996,72415.87907000001,70700.57273571429,70700.57273571429
2025-12-26,ARVINDFASN,INE955V01021,NSE,517.3,51.35,31127492.9,60712.81155,56.05799999999999,51.558571428571426,51.558571428571426,64390958.04,77896396.1,77896396.1,113743.29506,170735.03842857145,170735.03842857145
2025-12-24,DHAMPURE,INE956B01013,BSE,102.35,0.0,0.0,1096.171,0.0,0.0,0.0,0.0,0.0,0.0,313.30266666666665,313.30266666666665,313.30266666666665
2025-12-26,WABAG,INE956G01038,NSE,1286.0,42.34,130176636.0,308501.6546,52.51800000000001,50.49857142857143,50.49857142857143,163022998.76,182223922.18571427,182223922.18571427,308319.20206,368825.7934285714,368825.7934285714
2025-12-26,LENSKART,INE956O01016,NSE,451.05,13.39,296508542.7,2250800.86745,22.088,31.804285714285715,31.804285714285715,874127845.1299999,669141448.2357142,669141448.2357142,5438010.499829999,3964032.267528571,3964032.267528571
2025-12-24,ARUNAHTEL,INE957C01019,BSE,8.86,0.0,0.0,37.474,0.0,0.0,0.0,0.0,0.0,0.0,27.75333333333334,27.75333333333334,27.75333333333334
2025-12-24,BRIJLEAS,INE957E01031,BSE,13.67,0.0,0.0,98.752,0.0,0.0,0.0,0.0,0.0,0.0,471.436,471.436,471.436
2025-12-24,MHEL,INE957U01011,BSE,80.37,0.0,0.0,60.277,0.0,0.0,0.0,0.0,0.0,0.0,60.501999999999995,60.501999999999995,60.501999999999995
2025-12-24,EUREKAI,INE958A01011,BSE,9.27,0.0,0.0,598.279,0.0,0.0,0.0,0.0,0.0,0.0,930.0793333333335,930.0793333333335,930.0793333333335
2025-12-24,BRIDGESE,INE958C01025,BSE,12.78,0.0,0.0,1592.14,0.0,0.0,0.0,0.0,0.0,0.0,1184.4696666666666,1184.4696666666666,1184.4696666666666
2025-12-24,META,INE958L01026,BSE,233.3,0.0,0.0,3021.397,0.0,0.0,0.0,0.0,0.0,0.0,4883.5526666666665,4883.5526666666665,4883.5526666666665
2025-12-26,PRIVISCL,INE959A01019,NSE,3264.2,49.88,76186428.0,154372.9908,54.50599999999999,52.97857142857142,52.97857142857142,100880791.42,93177380.97142859,93177380.97142859,193727.91514,181001.75784285716,181001.75784285716
2025-12-24,GTTDATA,INE959B01017,BSE,78.0,0.0,0.0,3279.511,0.0,0.0,0.0,0.0,0.0,0.0,2184.8863333333334,2184.8863333333334,2184.8863333333334
2025-12-26,OAL,INE959C01023,NSE,300.8,75.7,1046483.2000000001,1389.3748,63.508,67.25285714285714,67.25285714285714,861128.71,2089699.4285714286,2089699.4285714286,1262.9292099999998,2619.817864285714,2619.817864285714
2025-12-24,SOVERDIA,INE959D01013,BSE,21.6,0.0,0.0,21.824,0.0,0.0,0.0,0.0,0.0,0.0,69.01866666666666,69.01866666666666,69.01866666666666
2025-12-24,SHILGRAVQ,INE960A01017,BSE,204.25,0.0,0.0,536.488,0.0,0.0,0.0,0.0,0.0,0.0,830.949,830.949,830.949
2025-12-24,SPAR,INE960B01015,BSE,5.06,0.0,0.0,75.147,0.0,0.0,0.0,0.0,0.0,0.0,182.525,182.525,182.525
2025-12-24,SHIVAAGRO,INE960E01019,BSE,36.06,0.0,0.0,125.965,0.0,0.0,0.0,0.0,0.0,0.0,178.29033333333334,178.29033333333334,178.29033333333334
2025-12-24,NUTECGLOB,INE960H01012,BSE,26.95,0.0,0.0,16.705,0.0,0.0,0.0,0.0,0.0,0.0,1.417,1.417,1.417
2025-12-24,RAWEDGE,INE960Z01014,BSE,20.46,0.0,0.0,15.344,0.0,0.0,0.0,0.0,0.0,0.0,128.924,128.924,128.924
2025-12-24,KAYPOWR,INE961B01013,BSE,12.14,0.0,0.0,124.822,0.0,0.0,0.0,0.0,0.0,0.0,52.1,52.1,52.1
2025-12-26,UNIDT,INE961D01019,NSE,200.75,67.64,751407.25,1109.6986499999998,63.14399999999999,60.67857142857142,60.67857142857142,765523.698,789275.51,789275.51,1214.607444,1266.3633585714285,1266.3633585714285
2025-12-24,TRADWIN,INE961E01017,BSE,347.95,0.0,0.0,1.739,0.0,0.0,0.0,0.0,0.0,0.0,6.199333333333333,6.199333333333333,6.199333333333333
2025-12-26,RAINBOW,INE961O01016,NSE,1345.0,57.07,31052015.0,54433.457299999995,61.86600000000001,61.330000000000005,61.330000000000005,58320911.1,53813165.114285715,53813165.114285715,93856.73486,87398.45331428573,87398.45331428573
2025-12-24,PRAGBOS,INE962B01011,BSE,1.97,0.0,0.0,17.505,0.0,0.0,0.0,0.0,0.0,0.0,14.660666666666666,14.660666666666666,14.660666666666666
2025-12-24,SCOOBEEDAY,INE962E01015,BSE,80.0,0.0,0.0,26.808,0.0,0.0,0.0,0.0,0.0,0.0,52.81966666666667,52.81966666666667,52.81966666666667
2025-12-24,VCU,INE962O01014,BSE,5.58,0.0,0.0,16.778,0.0,0.0,0.0,0.0,0.0,0.0,46.09033333333334,46.09033333333334,46.09033333333334
2025-12-26,IRCON,INE962Y01021,NSE,178.71,13.12,1179508160.04,9099263.849790001,22.582,28.882857142857144,28.882857142857144,306249919.386,238583640.11857143,238583640.11857143,2650233.498464,1937051.8903599998,1937051.8903599998
2025-12-24,HIPOLIN,INE963A01011,BSE,53.23,0.0,0.0,1.606,0.0,0.0,0.0,0.0,0.0,0.0,7.381666666666667,7.381666666666667,7.381666666666667
2025-12-26,FAZE3Q,INE963C01033,NSE,437.2,47.67,2800703.1999999997,5923.135200000001,42.872,41.777142857142856,41.777142857142856,3469526.91,3269674.3500000006,3269674.3500000006,8339.61443,8415.270892857143,8415.270892857143
2025-12-26,SEPC,INE964H01014,NSE,9.83,38.89,23101129.12,59867.901439999994,31.651999999999997,28.557142857142857,28.557142857142857,37200823.338,63318756.90285714,63318756.90285714,122511.85754,280065.7812357143,280065.7812357143
2025-12-24,REGENCY,INE964R01013,BSE,32.44,0.0,0.0,5653.202,0.0,0.0,0.0,0.0,0.0,0.0,7110.988,7110.988,7110.988
2025-12-26,MKPL,INE964W01021,NSE,6.08,69.36,751822.4,1091.58293,60.988,63.84428571428571,63.84428571428571,406548.1599999999,412759.39142857137,412759.39142857137,675.047148,656.3032414285715,656.3032414285715
2025-12-24,INNOVTEC,INE965C01038,BSE,19.6,0.0,0.0,13.95,0.0,0.0,0.0,0.0,0.0,0.0,18.528666666666666,18.528666666666666,18.528666666666666
2025-12-26,BMWVENTLTD,INE965W01036,NSE,58.57,60.5,6763839.31,11180.083050000001,56.5,55.55285714285714,55.55285714285714,4807707.844,4613245.951428571,4613245.951428571,8862.453572,8553.467324285713,8553.467324285713
2025-12-26,DOLATALGO,INE966A01022,NSE,85.69,51.26,8389222.379999999,16432.08758,37.751999999999995,35.52857142857143,35.52857142857143,14589002.968,14157458.805714289,14157458.805714289,41580.565658,43583.36201571429,43583.36201571429
2025-12-24,JAINCO,INE966C01010,BSE,7.04,0.0,0.0,12.343,0.0,0.0,0.0,0.0,0.0,0.0,14.738333333333335,14.738333333333335,14.738333333333335
2025-12-26,ZEEMEDIA,INE966H01019,NSE,9.48,50.43,11942240.4,23864.17552,69.476,65.85428571428572,65.85428571428572,47627774.058,35290604.802857146,35290604.802857146,55318.83714399999,41731.060027142856,41731.060027142856
2025-12-24,HILIKS,INE966Q01010,BSE,56.06,0.0,0.0,184.087,0.0,0.0,0.0,0.0,0.0,0.0,424.9683333333333,424.9683333333333,424.9683333333333
2025-12-24,SWARNSAR,INE967A01012,BSE,30.82,0.0,0.0,178.032,0.0,0.0,0.0,0.0,0.0,0.0,148.19533333333334,148.19533333333334,148.19533333333334
2025-12-24,SGLRES,INE967B01028,BSE,3.11,0.0,0.0,286.36,0.0,0.0,0.0,0.0,0.0,0.0,477.27933333333334,477.27933333333334,477.27933333333334
2025-12-26,KAMATHOTEL,INE967C01018,NSE,235.28,60.11,2098932.88,3500.19489,53.17999999999999,57.075714285714284,57.075714285714284,5853799.352,7368376.698571429,7368376.698571429,10315.481486,11984.061930000002,11984.061930000002
2025-12-24,ZSARACOM,INE967G01019,BSE,13037.15,0.0,0.0,1822.588,0.0,0.0,0.0,0.0,0.0,0.0,1468.4786666666666,1468.4786666666666,1468.4786666666666
2025-12-26,KIMS,INE967H01025,NSE,626.25,52.3,81629808.75,156341.06615,63.23,65.21142857142857,65.21142857142857,190519690.38,181752157.2357143,181752157.2357143,307685.5014,285714.8946285714,285714.8946285714
2025-12-24,RAGHUSYN,INE969C01022,BSE,105.7,0.0,0.0,103.843,0.0,0.0,0.0,0.0,0.0,0.0,233.33333333333334,233.33333333333334,233.33333333333334
2025-12-24,INDBNK,INE969D01012,BSE,41.26,0.0,0.0,455.661,0.0,0.0,0.0,0.0,0.0,0.0,41.61266666666666,41.61266666666666,41.61266666666666
2025-12-24,YAANENT,INE969E01010,BSE,100.0,0.0,0.0,39.799,0.0,0.0,0.0,0.0,0.0,0.0,161.97500000000002,161.97500000000002,161.97500000000002
2025-12-24,SKPMIL,INE970C01012,BSE,133.79,0.0,0.0,159.74,0.0,0.0,0.0,0.0,0.0,0.0,964.494,964.494,964.494
2025-12-26,LOYALTEX,INE970D01010,NSE,211.13,100.0,98386.58,98.71083,79.914,82.63,82.63,227189.82799999998,303335.83999999997,303335.83999999997,302.093774,385.59089142857147,385.59089142857147
2025-12-26,LEMONTREE,INE970X01018,NSE,161.58,52.34,69787371.48,133663.27549,49.954,47.61714285714286,47.61714285714286,109014142.402,101118241.85857143,101118241.85857143,211006.74134799995,205024.41275142855,205024.41275142855
2025-12-24,KONNDOR,INE971A01014,BSE,18.22,0.0,0.0,840.419,0.0,0.0,0.0,0.0,0.0,0.0,703.782,703.782,703.782
2025-12-23,DESHRAK,INE971E01016,BSE,32.0,0.0,0.0,16.0,0.0,0.0,0.0,0.0,0.0,0.0,9.307,9.307,9.307
2025-12-24,KEMISTAR,INE971L01029,BSE,77.73,0.0,0.0,106.329,0.0,0.0,0.0,0.0,0.0,0.0,17.37366666666667,17.37366666666667,17.37366666666667
2025-12-24,KOTIC,INE972A01020,BSE,225.85,0.0,0.0,10178.343,0.0,0.0,0.0,0.0,0.0,0.0,2411.4683333333337,2411.4683333333337,2411.4683333333337
2025-12-24,BHASKAGR,INE972C01018,BSE,129.25,0.0,0.0,434.252,0.0,0.0,0.0,0.0,0.0,0.0,80.98933333333333,80.98933333333333,80.98933333333333
2025-12-24,DHRUVCA,INE972E01014,BSE,149.0,0.0,0.0,5302.289,0.0,0.0,0.0,0.0,0.0,0.0,2424.0033333333336,2424.0033333333336,2424.0033333333336
2025-12-26,VAISHALI,INE972X01022,NSE,8.83,62.35,2916363.57,4712.74152,60.07800000000001,59.49857142857143,59.49857142857143,2183735.604,1866067.8128571429,1866067.8128571429,4041.6921479999996,3394.491072857142,3394.491072857142
2025-12-24,ISFL,INE973B01026,BSE,1.03,0.0,0.0,47.704,0.0,0.0,0.0,0.0,0.0,0.0,27.403333333333336,27.403333333333336,27.403333333333336
2025-12-24,POOJA,INE973X01012,BSE,28.78,0.0,0.0,982.051,0.0,0.0,0.0,0.0,0.0,0.0,98.84033333333333,98.84033333333333,98.84033333333333
2025-12-26,CHEVIOT,INE974B01016,NSE,1082.6,79.47,741580.9999999999,935.0806,61.57000000000001,61.41571428571429,61.41571428571429,1126990.58,868931.0142857144,868931.0142857144,1827.6867200000002,1411.112842857143,1411.112842857143
2025-12-24,SCL,INE974F01025,BSE,0.26,0.0,0.0,3300.889,0.0,0.0,0.0,0.0,0.0,0.0,5355.261666666666,5355.261666666666,5355.261666666666
2025-12-26,TIINDIA,INE974X01010,NSE,2600.8,58.91,239421845.60000002,408541.0424,59.50999999999999,58.1,58.1,398979898.15999997,353492553.3,353492553.3,650078.9506600001,590290.6198428572,590290.6198428572
2025-12-26,PRITI,INE974Z01015,NSE,60.46,60.83,702847.5,1140.98108,61.52,58.20571428571429,58.20571428571429,538032.282,479563.6828571429,479563.6828571429,909.99627,856.0783171428573,856.0783171428573
2025-12-23,CHORDIA,INE975C01011,BSE,74.0,0.0,0.0,5.624,0.0,0.0,0.0,0.0,0.0,0.0,1.769,1.769,1.769
2025-12-24,DAPS,INE975Z01012,BSE,22.7,0.0,0.0,90.8,0.0,0.0,0.0,0.0,0.0,0.0,84.0,84.0,84.0
2025-12-26,WSTCSTPAPR,INE976A01021,NSE,416.55,62.44,3306157.35,5322.438349999999,66.086,64.72714285714285,64.72714285714285,7885055.900000001,7216823.17857143,7216823.17857143,11819.781480000001,11032.628285714289,11032.628285714289
2025-12-26,FOODSIN,INE976E01023,NSE,69.12,44.11,1444193.28,3302.26947,65.24,67.71857142857142,67.71857142857142,5195152.548,5819043.908571429,5819043.908571429,7963.672026,8422.37059,8422.37059
2025-12-26,RBLBANK,INE976G01028,NSE,303.25,38.86,282845217.25,728653.25615,36.992000000000004,34.91428571428572,34.91428571428572,385231230.87,406700981.0857142,406700981.0857142,1094761.63207,1225408.4948928573,1225408.4948928573
2025-12-24,LEHAR,INE976H01018,BSE,227.35,0.0,0.0,1331.43,0.0,0.0,0.0,0.0,0.0,0.0,2396.987333333333,2396.987333333333,2396.987333333333
2025-12-26,TATACAP,INE976I01016,NSE,338.55,53.6,550608579.15,1035703.2128999999,52.657999999999994,54.40142857142856,54.40142857142856,982779009.0,794989841.2285715,794989841.2285715,2027938.66834,1609962.4817714286,1609962.4817714286
2025-12-26,AGIIL,INE976R01033,NSE,251.4,34.4,39468543.0,115330.21775,51.794000000000004,51.895714285714284,51.895714285714284,53729446.410000004,41890900.07857143,41890900.07857143,119062.29442999998,91900.95825,91900.95825
2025-12-26,SAGARDEEP,INE976T01013,NSE,26.54,86.59,243929.13999999998,278.71465,73.69,79.81285714285715,79.81285714285715,126708.55600000001,109734.01142857144,109734.01142857144,181.66845399999997,150.18253714285714,150.18253714285714
2025-12-24,FRONTCAP,INE977E01013,BSE,5.7,0.0,0.0,567.615,0.0,0.0,0.0,0.0,0.0,0.0,678.5303333333333,678.5303333333333,678.5303333333333
2025-12-23,DHANCOT,INE977F01010,BSE,135.5,0.0,0.0,89.03,0.0,0.0,0.0,0.0,0.0,0.0,0.117,0.117,0.117
2025-12-24,PHOENIXTN,INE977M01024,BSE,124.95,0.0,0.0,675.5,0.0,0.0,0.0,0.0,0.0,0.0,1687.4606666666666,1687.4606666666666,1687.4606666666666
2025-12-26,HERITGFOOD,INE978A01027,NSE,452.65,68.77,34735908.35,50717.923350000005,52.334,54.50571428571429,54.50571428571429,31053234.48,32332426.7,32332426.7,61018.386519999985,60714.317914285704,60714.317914285704
2025-12-26,SPLIL,INE978G01016,NSE,34.5,90.16,153973.5,171.53153,75.42999999999999,76.02142857142857,76.02142857142857,427611.124,322566.3014285714,322566.3014285714,552.7108920000001,417.0702185714286,417.0702185714286
2025-12-23,TANVI,INE978V01015,BSE,86.0,0.0,0.0,86.0,0.0,0.0,0.0,0.0,0.0,0.0,86.0,86.0,86.0
2025-12-26,SAREGAMA,INE979A01025,NSE,350.15,64.82,91700783.5,141315.96575,47.44,44.97142857142857,44.97142857142857,77620546.92,101604287.57142857,101604287.57142857,169208.17578,263196.3931785714,263196.3931785714
2025-12-24,HAWKINCOOK,INE979B01015,BSE,8152.1,0.0,0.0,4770.062,0.0,0.0,0.0,0.0,0.0,0.0,5178.803,5178.803,5178.803
2025-12-24,KUSHIND,INE979D01011,BSE,7.45,0.0,0.0,43.076,0.0,0.0,0.0,0.0,0.0,0.0,28.383666666666667,28.383666666666667,28.383666666666667
2025-12-24,UNIROYAL,INE980D01019,BSE,19.39,0.0,0.0,63.599,0.0,0.0,0.0,0.0,0.0,0.0,154.52666666666667,154.52666666666667,154.52666666666667
2025-12-26,JYOTICNC,INE980O01024,NSE,983.3,33.7,32678992.2,97188.932,43.74,42.58857142857143,42.58857142857143,150141486.0,132949904.01428571,132949904.01428571,313641.03712000005,288702.7423571429,288702.7423571429
2025-12-24,SHVFL,INE981C01019,BSE,25.7,0.0,0.0,0.257,0.0,0.0,0.0,0.0,0.0,0.0,18.94366666666667,18.94366666666667,18.94366666666667
2025-12-26,ADFFOODS,INE982B01027,NSE,207.77,55.43,3355069.96,6060.39112,49.158,48.037142857142854,48.037142857142854,4139444.3340000003,5402837.224285714,5402837.224285714,8482.120758,11546.045905714285,11546.045905714285
2025-12-24,TRITON,INE982C01033,BSE,1.96,0.0,0.0,402.025,0.0,0.0,0.0,0.0,0.0,0.0,705.8629999999999,705.8629999999999,705.8629999999999
2025-12-26,HATHWAY,INE982F01036,NSE,12.59,54.6,8472062.8,15489.5124,52.648,54.32714285714285,54.32714285714285,10637285.998,10797891.124285715,10797891.124285715,20253.155160000002,19971.39999714286,19971.39999714286
2025-12-26,PAYTM,INE982J01020,NSE,1315.3,42.95,618171270.5,1446228.2341,45.552,45.534285714285716,45.534285714285716,2056211139.0399997,1828666465.142857,1828666465.142857,3766748.6500399997,3454868.385057143,3454868.385057143
2025-12-24,LUDLOWJUT,INE983C01015,BSE,282.3,0.0,0.0,98.451,0.0,0.0,0.0,0.0,0.0,0.0,241.21266666666668,241.21266666666668,241.21266666666668
2025-12-24,INTEGRAEN,INE984B01023,BSE,176.95,0.0,0.0,4790.65,0.0,0.0,0.0,0.0,0.0,0.0,2317.037333333333,2317.037333333333,2317.037333333333
2025-12-24,VIVANZA,INE984E01035,BSE,2.08,0.0,0.0,172.508,0.0,0.0,0.0,0.0,0.0,0.0,71.05733333333332,71.05733333333332,71.05733333333332
2025-12-26,SINCLAIR,INE985A01022,NSE,82.64,79.83,2304251.12,2887.7584300000003,65.02799999999999,65.13142857142857,65.13142857142857,1344509.526,1727553.2771428574,1727553.2771428574,2085.518106,2666.382215714286,2666.382215714286
2025-12-26,TEAMLEASE,INE985S01024,NSE,1559.5,56.0,15975518.0,28634.9225,48.25,51.24285714285715,51.24285714285715,14686479.539999997,14672318.92857143,14672318.92857143,29668.00802,28394.730414285714,28394.730414285714
2025-12-26,CNL,INE985W01018,NSE,746.2,57.89,8299982.600000001,14447.7886,64.45599999999999,61.44857142857142,61.44857142857142,2892461.9699999997,3474537.807142857,3474537.807142857,4511.05952,5846.474885714285,5846.474885714285
2025-12-24,BI,INE986A01012,BSE,81.13,0.0,0.0,509.915,0.0,0.0,0.0,0.0,0.0,0.0,2299.0063333333337,2299.0063333333337,2299.0063333333337
2025-12-24,RADHEDE,INE986B01044,BSE,2.0,0.0,0.0,181.169,0.0,0.0,0.0,0.0,0.0,0.0,278.1946666666667,278.1946666666667,278.1946666666667
2025-12-24,BGJL,INE986W01016,BSE,36.46,0.0,0.0,9584.67,0.0,0.0,0.0,0.0,0.0,0.0,12104.718333333332,12104.718333333332,12104.718333333332
2025-12-24,MAKERSL,INE987A01010,BSE,115.05,0.0,0.0,275.928,0.0,0.0,0.0,0.0,0.0,0.0,174.58633333333333,174.58633333333333,174.58633333333333
2025-12-26,NATCOPHARM,INE987B01026,NSE,908.5,41.36,106371722.5,257957.0495,34.452,32.67857142857143,32.67857142857143,158450658.3,182482583.20714286,182482583.20714286,484171.61107,607715.1871285714,607715.1871285714
2025-12-26,KSHINTL,INE987S01020,NSE,343.4,33.5,98425651.39999999,293565.19714999996,41.3,41.3,41.3,410813148.5,410813148.5,410813148.5,1015238.434125,1015238.434125,1015238.434125
2025-12-24,RISHILASE,INE988D01012,BSE,127.0,0.0,0.0,304.261,0.0,0.0,0.0,0.0,0.0,0.0,485.0246666666667,485.0246666666667,485.0246666666667
2025-12-26,PARKHOTELS,INE988S01028,NSE,134.52,69.97,14347768.680000002,20619.24975,56.798,58.99857142857143,58.99857142857143,15878372.446,19570884.265714288,19570884.265714288,27777.061820000003,33825.51716142857,33825.51716142857
2025-12-26,SANGHVIMOV,INE989A01032,NSE,356.7,42.08,24793503.599999998,59021.092549999994,35.267999999999994,38.645714285714284,38.645714285714284,65785478.65,53270611.14285714,53270611.14285714,319735.72469,241703.75152857142,241703.75152857142
2025-12-26,DIACABS,INE989C01038,NSE,139.93,49.41,52324304.760000005,106680.78986,44.013999999999996,40.605714285714285,40.605714285714285,63196954.23200001,53672307.808571436,53672307.808571436,148632.256474,132709.6692614286,132709.6692614286
2025-12-24,RISHITECH,INE989D01010,BSE,44.51,0.0,0.0,41.125,0.0,0.0,0.0,0.0,0.0,0.0,52.75633333333334,52.75633333333334,52.75633333333334
2025-12-24,AMPVOLTS,INE989J01017,BSE,22.78,0.0,0.0,1128.05,0.0,0.0,0.0,0.0,0.0,0.0,2362.9853333333335,2362.9853333333335,2362.9853333333335
2025-12-24,ONTIC,INE989S01042,BSE,1.97,0.0,0.0,117.348,0.0,0.0,0.0,0.0,0.0,0.0,706.8870000000001,706.8870000000001,706.8870000000001
2025-12-17,JPTRLES,INE990E01016,BSE,3.99,0.0,0.0,1.197,0.0,0.0,0.0,0.0,0.0,0.0,1.197,1.197,1.197
2025-12-24,AMFORG,INE991A01020,BSE,7.88,0.0,0.0,20.9,0.0,0.0,0.0,0.0,0.0,0.0,65.68966666666667,65.68966666666667,65.68966666666667
2025-12-24,KFBL,INE991B01010,BSE,43.89,0.0,0.0,291.204,0.0,0.0,0.0,0.0,0.0,0.0,153.95266666666666,153.95266666666666,153.95266666666666
2025-12-26,ASPINWALL,INE991I01015,NSE,231.91,79.15,220082.59,276.09469,72.626,78.54714285714286,78.54714285714286,748358.424,582164.4942857142,582164.4942857142,1266.8401959999999,959.9176657142858,959.9176657142858
2025-12-26,STARTECK,INE992I01013,NSE,284.7,7.69,225767.09999999998,2974.9686,12.148,11.205714285714285,11.205714285714285,325878.25999999995,305159.1857142857,305159.1857142857,2634.90601,2725.994914285715,2725.994914285715
2025-12-26,MANINDS,INE993A01026,NSE,391.8,52.72,36124743.6,69085.4747,31.462,36.958571428571425,36.958571428571425,62668169.77,80274305.3357143,80274305.3357143,233968.46066000004,237582.09911428578,237582.09911428578
2025-12-24,ENBETRD,INE993I01029,BSE,0.45,0.0,0.0,3786.57,0.0,0.0,0.0,0.0,0.0,0.0,3269.101,3269.101,3269.101
2025-12-24,BIBCL,INE994B01014,BSE,20.59,0.0,0.0,871.01,0.0,0.0,0.0,0.0,0.0,0.0,751.5036666666666,751.5036666666666,751.5036666666666
2025-12-24,AEONXDIGI,INE994D01010,BSE,173.85,0.0,0.0,36.647,0.0,0.0,0.0,0.0,0.0,0.0,80.25333333333333,80.25333333333333,80.25333333333333
2025-12-24,3BBLACKBIO,INE994E01018,BSE,1454.65,0.0,0.0,12860.077,0.0,0.0,0.0,0.0,0.0,0.0,7977.290333333333,7977.290333333333,7977.290333333333
2025-12-24,CRYSTAL,INE994R01028,BSE,2.04,0.0,0.0,36.835,0.0,0.0,0.0,0.0,0.0,0.0,76.43566666666666,76.43566666666666,76.43566666666666
2025-12-24,GRAVITY,INE995A01013,BSE,11.31,0.0,0.0,634.693,0.0,0.0,0.0,0.0,0.0,0.0,770.522,770.522,770.522
2025-12-26,CHEMBOND,INE995D01025,NSE,162.07,63.03,243429.13999999998,388.04303000000004,54.391999999999996,57.559999999999995,57.559999999999995,1093525.272,943314.4885714287,943314.4885714287,2070.325348,1752.67035,1752.67035
2025-12-26,NIVABUPA,INE995S01015,NSE,75.34,64.26,14417589.780000001,22520.021149999997,54.45400000000001,49.10428571428572,49.10428571428572,21550477.524,37610405.70714285,37610405.70714285,40071.066462,97384.86052428572,97384.86052428572
2025-12-24,GBFL,INE997C01015,BSE,7.25,0.0,0.0,1379.051,0.0,0.0,0.0,0.0,0.0,0.0,190.61533333333333,190.61533333333333,190.61533333333333
2025-12-24,NEWINFRA,INE997D01021,BSE,2.24,0.0,0.0,964.897,0.0,0.0,0.0,0.0,0.0,0.0,331.419,331.419,331.419
2025-12-24,SHRIKRISH,INE997I01012,BSE,36.79,0.0,0.0,0.036,0.0,0.0,0.0,0.0,0.0,0.0,55.047000000000004,55.047000000000004,55.047000000000004
2025-12-26,MITTAL,INE997Y01027,NSE,1.2,75.86,461694.0,613.3961400000001,69.192,66.34714285714286,66.34714285714286,881234.2240000002,731212.4685714288,731212.4685714288,1355.388026,1144.9384057142856,1144.9384057142856
2025-12-24,JAYBHCR,INE998D01011,BSE,23.8,0.0,0.0,0.981,0.0,0.0,0.0,0.0,0.0,0.0,12.607333333333335,12.607333333333335,12.607333333333335
2025-12-26,ORIENTALTL,INE998H01012,NSE,8.45,57.56,1022720.3999999999,1769.89408,65.78,65.72999999999999,65.72999999999999,746034.87,774275.25,774275.25,1189.1517039999999,1220.6910842857142,1220.6910842857142
2025-12-26,MHRIL,INE998I01010,NSE,308.35,67.28,10912198.15,16249.53515,51.762,53.92714285714286,53.92714285714286,12628970.55,21601566.050000004,21601566.050000004,24773.90043,36294.03935,36294.03935
2025-12-26,KSB,INE999A01023,NSE,760.0,45.77,16376480.0,36036.710399999996,41.108,41.325714285714284,41.325714285714284,54477406.05,44831085.99285714,44831085.99285714,181881.21370999998,143929.3959142857,143929.3959142857
2025-12-26,SANGHIIND,INE999B01013,NSE,64.1,34.99,5402412.1,15407.38467,51.35,49.56285714285715,49.56285714285715,4630398.226,4270358.607142857,4270358.607142857,8839.655952000001,8334.766107142857,8334.766107142857
2025-12-26,GREENPOWER,INE999K01014,NSE,11.49,58.94,49608936.75,85268.32877,58.92999999999999,57.11,57.11,14732050.682,15077053.249999998,15077053.249999998,25206.672118,26624.880524285716,26624.880524285716
2025-12-26,QGOLDHALF,INF082J01408,NSE,114.34,49.0,17685310.82,36021.101299999995,74.688,70.87571428571428,70.87571428571428,21032227.669999998,17698964.212857142,17698964.212857142,26581.136794000002,23594.56584857143,23594.56584857143
2025-12-26,GOLDCASE,INF0R8F01042,NSE,21.73,80.01,226466952.61,282350.37163,71.254,69.76857142857143,69.76857142857143,138600549.87800002,131805524.38000003,131805524.38000003,193661.78938799998,188034.76236285715,188034.76236285715
2025-12-26,MID150CASE,INF0R8F01059,NSE,11.09,83.84,33769415.97,40395.92993,57.05800000000001,59.14571428571429,59.14571428571429,10007877.888,10279101.707142858,10279101.707142858,17644.935279999998,17465.809867142856,17465.809867142856
2025-12-26,TOP100CASE,INF0R8F01067,NSE,11.09,88.14,6915613.1,7852.2284500000005,80.34,83.34571428571428,83.34571428571428,5964362.874,6024337.367142858,6024337.367142858,7455.425443999999,7270.525692857142,7270.525692857142
2025-12-26,SILVERCASE,INF0R8F01091,NSE,23.23,68.22,525867568.59000003,766201.13977,62.75600000000001,59.44285714285714,59.44285714285714,223786686.93199998,208659290.74142855,208659290.74142855,354983.264106,348256.84466714284,348256.84466714284
2025-12-26,LTGILTCASE,INF0R8F01133,NSE,29.77,91.2,2924455.95,3209.84566,97.48200000000001,98.07285714285715,98.07285714285715,3795061.8160000006,4348531.497142857,4348531.497142857,3872.428288,4409.617647142857,4409.617647142857
2025-12-26,SML100CASE,INF0R8F01141,NSE,9.99,90.05,12304683.0,13713.98186,76.104,77.36571428571428,77.36571428571428,5805963.027999999,5275971.4799999995,5275971.4799999995,7713.209134,6913.677165714286,6913.677165714286
2025-12-26,ICICIB22,INF109KB15Y7,NSE,116.74,76.28,22058723.439999998,28939.92669,70.18599999999999,70.57142857142857,70.57142857142857,22048981.07,21454572.804285713,21454572.804285713,30879.59713,29640.460241428573,29640.460241428573
2025-12-26,NV20,INF174K01Z71,NSE,154.77,75.83,1139416.74,1506.58827,70.67,72.38428571428572,72.38428571428572,1145297.1599999997,944891.5199999998,944891.5199999998,1613.9169239999999,1324.704695714286,1324.704695714286
2025-12-26,IT,INF174KA1GC5,NSE,42.26,49.26,4378600.859999999,8924.121439999999,75.522,74.04428571428572,74.04428571428572,8752981.967999998,7811060.965714285,7811060.965714285,11343.756426,10099.95936857143,10099.95936857143
2025-12-26,GOLD1,INF174KA1HJ8,NSE,114.89,69.19,326458786.1,471705.98022,77.152,74.03857142857143,74.03857142857143,263720929.50000006,258971158.23142862,258971158.23142862,341411.180728,352392.6056871429,352392.6056871429
2025-12-26,ALPHA,INF174KA1IA5,NSE,48.52,58.59,16465456.080000002,28244.798420000003,55.448,59.222857142857144,59.222857142857144,23229477.322,24109108.87571429,24109108.87571429,41279.425432000004,40327.848598571436,40327.848598571436
2025-12-26,MIDCAP,INF174KA1IB3,NSE,175.66,61.89,3790215.82,6134.013019999999,48.456,47.298571428571435,47.298571428571435,4946705.8719999995,4507914.932857143,4507914.932857143,10689.428764,9886.820772857143,9886.820772857143
2025-12-26,LOWVOL1,INF174KA1IY5,NSE,21.94,57.04,533076.18,938.8249000000001,75.28399999999999,79.92714285714284,79.92714285714284,3542940.5800000005,2916375.642857143,2916375.642857143,4338.778942,3518.043038571429,3518.043038571429
2025-12-26,CONS,INF174KA1JE5,NSE,125.51,62.23,578350.0800000001,928.3990799999999,67.834,76.41857142857144,76.41857142857144,233168.86399999997,3013663.0471428568,3013663.0471428568,390.318666,3224.981287142857,3224.981287142857
2025-12-26,MNC,INF174KA1JF2,NSE,30.99,85.37,1148272.47,1346.6414,76.27799999999999,78.42,78.42,1119766.47,990223.6157142856,990223.6157142856,1469.4793839999998,1280.6665742857142,1280.6665742857142
2025-12-26,SILVER1,INF174KA1KU9,NSE,219.65,82.67,2381715689.15,2874869.88722,70.304,70.49142857142857,70.49142857142857,272695115.508,258240704.01142856,258240704.01142856,388791.754546,366979.2404685714,366979.2404685714
2025-12-26,MSCIINDIA,INF174KA1VD2,NSE,31.14,5.89,163516.14,2765.39711,95.446,90.89428571428572,90.89428571428572,235167.544,227048.4942857143,227048.4942857143,245.28484400000002,258.98316571428575,258.98316571428575
2025-12-26,MID150,INF174KA1VW2,NSE,22.51,56.08,456998.02,816.28771,46.14,56.730000000000004,56.730000000000004,586837.362,505731.48714285716,505731.48714285716,3030.59953,2270.460932857143,2270.460932857143
2025-12-26,QUALITY30,INF174KA1WT6,NSE,21.57,88.65,40422.18,45.78651,91.75399999999999,93.54142857142857,93.54142857142857,165208.1,150314.5,150314.5,179.34692,161.3144957142857,161.3144957142857
2025-12-26,MOMENTUM30,INF174KA1XS6,NSE,31.25,99.66,220187.5,221.42665,82.91600000000001,87.08714285714287,87.08714285714287,208448.33399999997,223977.95142857145,223977.95142857145,258.103154,261.2232528571429,261.2232528571429
2025-12-26,CHEMICAL,INF174KA1XV0,NSE,29.06,92.81,7431048.84,8028.31838,87.494,90.36142857142856,90.36142857142856,10082664.422,10239614.098571429,10239614.098571429,11287.60945,11177.413511428571,11177.413511428571
2025-12-26,HDFCGOLD,INF179KC1981,NSE,117.96,74.61,832652863.0799999,1113973.1366400002,77.964,75.82571428571428,75.82571428571428,519137823.83399993,555048175.4171429,555048175.4171429,662376.17022,735614.3731342858,735614.3731342858
2025-12-26,HDFCSILVER,INF179KC1DI2,NSE,220.92,61.56,1862116564.56,3001208.77856,53.580000000000005,50.940000000000005,50.940000000000005,874738685.7640002,811730379.5457144,811730379.5457144,1634110.9015360002,1592154.0132942859,1592154.0132942859
2025-12-26,HDFCGROWTH,INF179KC1DJ0,NSE,129.77,66.22,856482.0000000001,1297.89446,72.196,71.64,71.64,1406038.898,1189269.3214285714,1189269.3214285714,1897.221342,1618.3201271428572,1618.3201271428572
2025-12-26,HDFCVALUE,INF179KC1DK8,NSE,140.0,67.67,786660.0,1161.07537,86.8,87.65,87.65,2184006.7479999997,1633333.2514285713,1633333.2514285713,2247.3278320000004,1687.5283500000005,1687.5283500000005
2025-12-26,HDFCQUAL,INF179KC1DL6,NSE,60.43,80.03,658626.57,824.1798299999999,93.806,93.48428571428572,93.48428571428572,833041.7339999999,687851.5557142857,687851.5557142857,911.854034,750.8681071428571,750.8681071428571
2025-12-26,HDFCBSE500,INF179KC1EZ4,NSE,38.19,60.22,371970.6,618.37229,74.24600000000001,73.15285714285714,73.15285714285714,379883.99,374804.73,374804.73,497.65376799999996,499.15106714285713,499.15106714285713
2025-12-26,HDFCSML250,INF179KC1FB2,NSE,167.07,69.22,104989126.97999999,151915.35018,75.126,72.8442857142857,72.8442857142857,170769062.592,151929858.36857143,151929858.36857143,217252.712152,199172.90412285714,199172.90412285714
2025-12-26,HDFCNIF100,INF179KC1HR4,NSE,27.4,47.24,512380.0,1083.96474,68.16399999999999,71.49999999999999,71.49999999999999,740620.758,656169.0157142858,656169.0157142858,1074.2380699999999,926.9492842857143,926.9492842857143
2025-12-26,HDFCNEXT50,INF179KC1HS2,NSE,70.28,66.79,5606868.12,8403.809539999998,65.292,65.66857142857143,65.66857142857143,2294396.95,2119644.444285714,2119644.444285714,3675.441018,3344.148541428571,3344.148541428571
2025-12-26,HDFCMID150,INF179KC1HT0,NSE,22.41,72.18,5512210.11,7664.555480000001,61.67,63.55285714285714,63.55285714285714,4444553.444,4204190.898571429,4204190.898571429,6955.0002380000005,6411.091932857143,6411.091932857143
2025-12-26,HDFCLOWVOL,INF179KC1HU8,NSE,21.57,92.97,304460.55,326.98607,89.712,86.68285714285715,86.68285714285715,390899.71400000004,720364.8671428572,720364.8671428572,413.383328,788.8695042857144,788.8695042857144
2025-12-26,HDFCMOMENT,INF179KC1HV6,NSE,31.5,70.61,2356011.0,3337.95735,70.99000000000001,72.58142857142857,72.58142857142857,2863088.8040000005,2484890.0171428574,2484890.0171428574,4138.781746,3534.3745514285715,3534.3745514285715
2025-12-26,HDFCPSUBK,INF179KC1HW4,NSE,83.67,93.32,2043639.75,2183.01505,64.74,67.95428571428572,67.95428571428572,1639914.25,6004779.047142857,6004779.047142857,3142.245312,7408.262152857143,7408.262152857143
2025-12-26,HDFCNIFBAN,INF179KC1HY0,NSE,60.5,80.2,783051.5,977.2897800000001,75.926,78.4542857142857,78.4542857142857,854867.2760000002,1764783.775714286,1764783.775714286,1170.1312560000001,2264.2908614285716,2264.2908614285716
2025-12-26,HDFCPVTBAN,INF179KC1HZ7,NSE,28.92,88.94,631988.76,710.0770699999999,83.72200000000001,83.06142857142858,83.06142857142858,838583.528,883589.4442857142,883589.4442857142,986.733286,1055.0996214285715,1055.0996214285715
2025-12-26,HDFCNIFIT,INF179KC1IA8,NSE,40.78,71.36,1707213.9200000002,2394.13094,80.374,81.34142857142857,81.34142857142857,2813024.69,2292454.112857143,2292454.112857143,3308.6164259999996,2700.664984285714,2700.664984285714
2025-12-26,SILVERBND,INF194KB1KI9,NSE,230.03,45.75,5040877.42,10995.164990000001,56.588,57.714285714285715,57.714285714285715,2529237.736,2117771.6857142854,2117771.6857142854,4398.707896,3658.6952671428576,3658.6952671428576
2025-12-26,GOLDBND,INF194KB1KJ7,NSE,136.64,85.59,843205.44,989.86077,78.406,79.23857142857143,79.23857142857143,1529652.034,1232166.0485714285,1232166.0485714285,2138.6792600000003,1707.3285300000002,1707.3285300000002
2025-12-26,AONETOTAL,INF1J2R01015,NSE,12.01,67.53,3191020.9699999997,4737.19045,48.852000000000004,49.785714285714285,49.785714285714285,2188397.788,2202046.4614285715,2202046.4614285715,4913.432774,4855.625288571428,4855.625288571428
2025-12-26,AONEGOLD,INF1J2R01114,NSE,12.89,78.66,7649493.16,9711.98129,78.89000000000001,69.62,69.62,7714976.354,7269887.435714287,7269887.435714287,9947.208722,11578.5002,11578.5002
2025-12-26,AONETMMQ50,INF1J2R01148,NSE,9.76,71.54,487336.32,683.09299,78.346,78.97857142857143,78.97857142857143,366841.18,358171.0528571429,358171.0528571429,463.022748,452.24298142857145,452.24298142857145
2025-12-19,SFMP45GR,INF200KA1W75,BSE,385.7,0.0,0.0,0.385,0.0,0.0,0.0,0.0,0.0,0.0,0.385,0.385,0.385
2025-12-26,SBISILVER,INF200KB1217,NSE,224.62,55.93,710951949.84,1264123.4808800002,70.66199999999999,68.25428571428571,68.25428571428571,769103268.2,692302784.4957142,692302784.4957142,1080827.3163359999,1001360.5598257143,1001360.5598257143
2025-12-26,SBIBPB,INF200KB1712,NSE,48.13,70.97,1024783.9600000001,1443.96239,80.392,78.83857142857143,78.83857142857143,1078699.768,1054014.2514285713,1054014.2514285713,1378.83714,1357.5168085714286,1357.5168085714286
2025-12-26,NIF100BEES,INF204K014N5,NSE,281.23,75.81,3237238.5300000003,4267.2998099999995,81.47800000000001,79.2157142857143,79.2157142857143,7659975.279999999,6262809.434285713,6262809.434285713,8625.559552,7241.46,7241.46
2025-12-26,CONSUMBEES,INF204KA1LD7,NSE,135.76,59.7,5361976.96,8987.52438,65.55600000000001,63.050000000000004,63.050000000000004,6892944.6680000005,6849119.555714286,6849119.555714286,10426.473368,10679.245270000001,10679.245270000001
2025-12-26,DIVOPPBEES,INF204KA1MS3,NSE,83.17,77.98,5168017.46,6643.79389,86.52000000000001,77.87857142857142,77.87857142857142,7407502.458,5715475.254285714,5715475.254285714,8335.442198,6699.195872857143,6699.195872857143
2025-12-24,07AGG,INF204KB10R1,BSE,13.13,0.0,0.0,0.535,0.0,0.0,0.0,0.0,0.0,0.0,11.629333333333333,11.629333333333333,11.629333333333333
2025-12-24,11GPG,INF204KB10U5,BSE,2.6,0.0,0.0,2.897,0.0,0.0,0.0,0.0,0.0,0.0,29.476333333333333,29.476333333333333,29.476333333333333
2025-12-24,08MPD,INF204KB11T5,BSE,5.93,0.0,0.0,7.438,0.0,0.0,0.0,0.0,0.0,0.0,3.119666666666667,3.119666666666667,3.119666666666667
2025-12-24,11QPD,INF204KB11U3,BSE,8.87,0.0,0.0,38.461,0.0,0.0,0.0,0.0,0.0,0.0,30.541666666666668,30.541666666666668,30.541666666666668
2025-12-24,11QPR,INF204KB12U1,BSE,41.4,0.0,0.0,0.141,0.0,0.0,0.0,0.0,0.0,0.0,2.48,2.48,2.48
2025-12-24,11AGG,INF204KB13T1,BSE,36.79,0.0,0.0,2.841,0.0,0.0,0.0,0.0,0.0,0.0,31.4515,31.4515,31.4515
2025-12-24,11DPD,INF204KB13U9,BSE,5.81,0.0,0.0,6.609,0.0,0.0,0.0,0.0,0.0,0.0,22.217,22.217,22.217
2025-12-24,09AGG,INF204KB14O0,BSE,131.01,0.0,0.0,0.786,0.0,0.0,0.0,0.0,0.0,0.0,3.484,3.484,3.484
2025-12-24,10AGG,INF204KB14P7,BSE,130.0,0.0,0.0,0.13,0.0,0.0,0.0,0.0,0.0,0.0,15.030000000000001,15.030000000000001,15.030000000000001
2025-12-24,11AQD,INF204KB14T9,BSE,32.81,0.0,0.0,3.132,0.0,0.0,0.0,0.0,0.0,0.0,8.058333333333334,8.058333333333334,8.058333333333334
2025-12-24,11DPR,INF204KB14U7,BSE,14.91,0.0,0.0,0.858,0.0,0.0,0.0,0.0,0.0,0.0,3.688333333333333,3.688333333333333,3.688333333333333
2025-12-24,SNXT50BEES,INF204KB15D0,BSE,91.3,0.0,0.0,192.942,0.0,0.0,0.0,0.0,0.0,0.0,845.5796666666666,845.5796666666666,845.5796666666666
2025-12-26,BANKBEES,INF204KB15I9,NSE,608.29,60.71,83238403.6,137262.00022,58.91600000000001,59.99000000000001,59.99000000000001,149096494.696,147239920.08714285,147239920.08714285,242496.40464,236800.03566285712,236800.03566285712
2025-12-24,11MPD,INF204KB15U4,BSE,2.94,0.0,0.0,3.84,0.0,0.0,0.0,0.0,0.0,0.0,11.613,11.613,11.613
2025-12-26,ITBEES,INF204KB15V2,NSE,42.34,68.36,194113022.50000003,284962.29151999997,66.712,65.58428571428571,65.58428571428571,294622645.426,246665119.99571425,246665119.99571425,424203.34010800003,361087.44674285717,361087.44674285717
2025-12-26,PSUBNKBEES,INF204KB16I7,NSE,92.09,60.32,74444358.83,123584.05496,64.404,64.78857142857143,64.78857142857143,107265710.56199999,119369888.24428572,119369888.24428572,165647.89782599997,183601.31769428568,183601.31769428568
2025-12-24,07GPG,INF204KB16R8,BSE,4.36,0.0,0.0,11.677,0.0,0.0,0.0,0.0,0.0,0.0,3.5706666666666664,3.5706666666666664,3.5706666666666664
2025-12-24,08GPG,INF204KB16S6,BSE,2.9,0.0,0.0,21.632,0.0,0.0,0.0,0.0,0.0,0.0,40.61033333333334,40.61033333333334,40.61033333333334
2025-12-24,11MPR,INF204KB16U2,BSE,47.86,0.0,0.0,38.957,0.0,0.0,0.0,0.0,0.0,0.0,17.089333333333332,17.089333333333332,17.089333333333332
2025-12-26,GOLDBEES,INF204KB17I5,NSE,114.31,69.69,3665452914.69,5246462.12058,67.11,65.81857142857143,65.81857142857143,3237363425.904,3151647940.7171426,3151647940.7171426,4752926.956928001,4727357.322211429,4727357.322211429
2025-12-24,10ARD,INF204KB17P0,BSE,131.0,0.0,0.0,0.262,0.0,0.0,0.0,0.0,0.0,0.0,1.198,1.198,1.198
2025-12-26,LTGILTBEES,INF204KB1882,NSE,29.23,96.46,43055643.85,44639.07174,83.444,82.9,82.9,48788986.83,48381161.02714286,48381161.02714286,56058.91426599999,56413.16930285714,56413.16930285714
2025-12-26,NV20BEES,INF204KB18I3,NSE,155.25,91.22,1341360.0,1473.03402,83.43999999999998,82.81714285714284,82.81714285714284,2716373.5039999997,2328928.8985714284,2328928.8985714284,3244.66115,2784.190554285714,2784.190554285714
2025-12-24,08AGG,INF204KB18R4,BSE,38.74,0.0,0.0,36.162,0.0,0.0,0.0,0.0,0.0,0.0,17.78166666666667,17.78166666666667,17.78166666666667
2025-12-19,08QPR,INF204KB18S2,BSE,1571.3,0.0,0.0,1.571,0.0,0.0,0.0,0.0,0.0,0.0,10.999,10.999,10.999
2025-12-24,11AMD,INF204KB18T0,BSE,44.48,0.0,0.0,9.057,0.0,0.0,0.0,0.0,0.0,0.0,0.8363333333333333,0.8363333333333333,0.8363333333333333
2025-12-26,HNGSNGBEES,INF204KB19I1,NSE,500.65,69.07,38138515.699999996,55198.59701,68.96600000000001,71.86714285714287,71.86714285714287,33248155.165999997,46496914.05571429,46496914.05571429,48535.079359999996,62601.01380857143,62601.01380857143
2025-12-24,09GPG,INF204KB19O9,BSE,9.1,0.0,0.0,0.111,0.0,0.0,0.0,0.0,0.0,0.0,2.952666666666666,2.952666666666666,2.952666666666666
2025-12-24,10GPG,INF204KB19P6,BSE,2.07,0.0,0.0,32.097,0.0,0.0,0.0,0.0,0.0,0.0,8.825333333333333,8.825333333333333,8.825333333333333
2025-12-26,MID150BEES,INF204KB1V68,NSE,228.46,85.24,299402084.58,351793.54219999997,69.89200000000001,70.37,70.37,207911999.44199997,163738341.98714286,163738341.98714286,271483.09569600003,215235.97869285714,215235.97869285714
2025-12-26,GILT5YBEES,INF204KC1030,NSE,63.47,79.36,7341955.72,9254.24325,76.076,78.66428571428571,78.66428571428571,6902518.922,6476462.618571429,6476462.618571429,9028.031932,8258.175848571427,8258.175848571427
2025-12-26,PHARMABEES,INF204KC1089,NSE,23.25,71.25,46955514.0,65906.65569,70.13,70.87142857142857,70.87142857142857,64547506.88200001,55560897.18285715,55560897.18285715,92082.367832,78776.19176428572,78776.19176428572
2025-12-26,AUTOBEES,INF204KC1337,NSE,284.49,65.34,38149540.02,58431.18012,64.62400000000001,61.16857142857144,61.16857142857144,35248201.464,29731051.509999998,29731051.509999998,54470.873349999994,47579.04108857142,47579.04108857142
2025-12-26,SILVERBEES,INF204KC1402,NSE,219.85,50.67,8959160993.4,17533100.40002,47.754000000000005,43.209999999999994,43.209999999999994,5299083230.096,4734552510.062857,4734552510.062857,11143325.417295998,10888542.843655715,10888542.843655715
2025-12-26,SNXT30BEES,INF204KC1EZ3,NSE,40.51,95.62,138706.24,145.06631,74.166,77.83857142857143,77.83857142857143,355877.238,320919.51285714284,320919.51285714284,506.8331999999999,440.37997285714283,440.37997285714283
2025-12-26,LIQGRWBEES,INF204KC1FU1,NSE,1021.73,56.7,16406940.34,28936.29732,68.268,67.2757142857143,67.2757142857143,28527972.506,23517827.55,23517827.55,44851.523856,36947.96401,36947.96401
2025-12-26,MANUFGBEES,INF204KC1GH6,NSE,152.54,96.02,360757.1,376.48124,65.958,69.89571428571428,69.89571428571428,301988.782,306047.57,306047.57,699.2993480000001,608.7614785714286,608.7614785714286
2025-12-26,IVZINGOLD,INF205K01361,NSE,11975.55,60.77,5508753.0,9027.014650000001,73.174,74.79571428571428,74.79571428571428,18255505.09,14177366.921428572,14177366.921428572,20781.66336,16281.293171428571,16281.293171428571
2025-12-26,HEALTHY,INF209KB10C2,NSE,15.07,83.4,2794430.1,3355.69513,78.54599999999999,82.2242857142857,82.2242857142857,3243231.438,6037008.829999999,6037008.829999999,4136.581696,7174.912135714286,7174.912135714286
2025-12-26,TECH,INF209KB11D8,NSE,41.53,98.02,1176212.66,1202.3212800000001,73.328,77.02857142857144,77.02857142857144,2655964.5719999997,2567766.535714285,2567766.535714285,3194.007948,3054.8238714285717,3054.8238714285717
2025-12-26,MOMENTUM,INF209KB14K7,NSE,31.64,66.83,1885016.28,2821.6031000000003,74.99,80.66714285714285,80.66714285714285,2591913.7079999996,3347931.8285714285,3347931.8285714285,3166.5429560000002,3799.3187371428576,3799.3187371428576
2025-12-26,ABSLNN50ET,INF209KB16D7,NSE,72.27,64.42,437956.19999999995,680.13932,80.174,76.35857142857142,76.35857142857142,588667.35,564406.4142857143,564406.4142857143,743.830236,742.9069185714286,742.9069185714286
2025-12-26,SILVER,INF209KB19F6,NSE,228.7,57.28,628060971.4,1091928.3698800001,57.20799999999999,54.61,54.61,372769407.926,351657495.1928572,351657495.1928572,651811.243788,634579.4444471429,634579.4444471429
2025-12-26,ABSLPSE,INF209KB19Z4,NSE,10.06,75.81,2518490.8200000003,3327.30498,75.048,74.45857142857143,74.45857142857143,7386370.108,5614655.485714286,5614655.485714286,8210.940255999998,6353.224417142856,6353.224417142856
2025-12-26,ABGSEC,INF209KC1134,NSE,111.01,50.59,28418.56,56.39614,94.53999999999999,95.45,95.45,264755.968,220667.05333333332,220667.05333333332,267.940794,223.32107499999998,223.32107499999998
2025-12-26,GSEC10ABSL,INF209KC1142,NSE,110.03,100.0,105848.86,105.84886,99.98333333333333,99.98333333333333,99.98333333333333,76818.31666666667,76818.31666666667,76818.31666666667,76.77116000000001,76.77116000000001,76.77116000000001
2025-12-26,MOM100,INF247L01023,NSE,64.92,60.74,11882307.6,19626.404899999998,70.80799999999999,70.62857142857142,70.62857142857142,60382025.279999994,46237953.55285714,46237953.55285714,71755.868996,55691.672810000004,55691.672810000004
2025-12-26,MOM50,INF247L01536,NSE,270.94,76.6,987034.42,1289.95304,76.60800000000002,72.91428571428573,72.91428571428573,1621742.858,1272091.1257142855,1272091.1257142855,1792.1387579999998,1457.75128,1457.75128
2025-12-26,MOGSEC,INF247L01AK4,NSE,62.8,93.57,1994339.5999999999,2132.64657,83.924,88.44000000000001,88.44000000000001,332295.004,745254.6028571428,745254.6028571428,394.099004,790.4099142857142,790.4099142857142
2025-12-26,MON100,INF247L01AP3,NSE,233.58,55.83,116695867.26,209496.83586000002,55.60600000000001,55.752857142857145,55.752857142857145,82948298.03799999,76854206.27857141,76854206.27857141,149166.854984,137877.20774142857,137877.20774142857
2025-12-26,MONQ50,INF247L01AU3,NSE,99.03,67.11,6667590.87,9920.390730000001,69.054,63.951428571428565,63.951428571428565,6862605.374,6062260.18,6062260.18,9981.713048000001,9379.336315714287,9379.336315714287
2025-12-26,MOHEALTH,INF247L01BB1,NSE,44.5,95.64,2039657.5,2134.29118,79.096,83.11428571428573,83.11428571428573,1862313.716,1700889.2042857145,1700889.2042857145,2354.750384,2079.92316,2079.92316
2025-12-26,MOVALUE,INF247L01BE5,NSE,113.58,76.58,3748253.58,4896.18371,73.24600000000001,75.00428571428571,75.00428571428571,6126395.422,5431920.109999999,5431920.109999999,8464.555084000001,7361.088762857144,7361.088762857144
2025-12-26,MOQUALITY,INF247L01BH8,NSE,200.13,87.78,238554.96,272.56604,94.152,95.2057142857143,95.2057142857143,422787.99799999996,328625.96285714285,328625.96285714285,443.3545700000001,343.94406714285725,343.94406714285725
2025-12-26,MOMOMENTUM,INF247L01BK2,NSE,63.2,64.57,4792772.0,7441.544690000001,60.032,64.30142857142857,64.30142857142857,2367609.084,2582418.6985714287,2582418.6985714287,4065.2433959999994,4103.667764285714,4103.667764285714
2025-12-26,MOLOWVOL,INF247L01BL0,NSE,38.91,99.96,110854.59,110.75922,96.91799999999999,93.78,93.78,2723933.668,2188756.5757142855,2188756.5757142855,2736.1996520000002,2200.604412857143,2200.604412857143
2025-12-26,MOSMALL250,INF247L01CH6,NSE,16.67,74.61,7306194.280000001,9813.18717,78.56800000000001,77.77714285714286,77.77714285714286,13073174.522,11253631.205714285,11253631.205714285,16621.117246,14420.574482857142,14420.574482857142
2025-12-26,MOREALTY,INF247L01CI4,NSE,88.3,56.33,21097695.599999998,37570.20783,70.274,67.14857142857143,67.14857142857143,86472721.63,67468843.24142857,67468843.24142857,99159.92085599998,80925.14337142857,80925.14337142857
2025-12-26,MODEFENCE,INF247L01DJ0,NSE,85.31,68.24,499194194.92,735246.81813,66.458,67.51571428571428,67.51571428571428,209523514.044,175439449.33428574,175439449.33428574,301599.681428,252100.07759571428,252100.07759571428
2025-12-26,MOMENTUM50,INF247L01DK8,NSE,52.83,75.39,14743690.74,19594.18265,66.596,72.86999999999999,72.86999999999999,10198464.366,13685690.227142857,13685690.227142857,15172.384125999999,17977.474137142857,17977.474137142857
2025-12-26,MOCAPITAL,INF247L01EV3,NSE,46.86,79.08,13155616.98,16732.3487,83.006,82.42857142857143,82.42857142857143,88771919.012,65955979.3,65955979.3,96843.337088,72281.06122142856,72281.06122142856
2025-12-26,MON50EQUAL,INF247L01FC0,NSE,33.39,88.87,77030.73,86.81549000000001,92.76599999999999,94.49857142857142,94.49857142857142,184835.128,466192.1657142857,466192.1657142857,189.67750200000003,470.53818285714294,470.53818285714294
2025-12-26,MONEXT50,INF247L01FD8,NSE,68.54,93.11,192803.02000000002,206.90517000000003,85.482,88.52714285714285,88.52714285714285,197903.08599999998,203245.06,203245.06,242.26854400000002,236.17768571428573,236.17768571428573
2025-12-26,MOMGF,INF247L01FK3,NSE,151.75,100.0,7132.25,7.16834,80.96199999999999,83.23571428571428,83.23571428571428,166472.49200000003,137302.44571428574,137302.44571428574,222.86345999999998,178.4045957142857,178.4045957142857
2025-12-26,MOINFRA,INF247L01FL1,NSE,59.67,39.85,163555.47,411.60587,69.798,71.03,71.03,109827.008,196716.79142857142,196716.79142857142,154.398632,311.10934142857144,311.10934142857144
2025-12-26,MOPSE,INF247L01FO5,NSE,98.81,79.77,692756.91,870.7895100000001,95.834,96.79714285714286,96.79714285714286,189151.596,199020.88142857142,199020.88142857142,200.648364,208.47792714285714,208.47792714285714
2025-12-26,MOTOUR,INF247L01FP2,NSE,85.52,77.14,521672.0,678.41286,77.55600000000001,82.45,82.45,603920.648,721935.1714285715,721935.1714285715,807.1204679999998,884.3501599999998,884.3501599999998
2025-12-26,MOMIDMTM,INF247L01FQ0,NSE,63.41,82.43,5023149.97,6128.57073,81.642,80.02857142857144,80.02857142857144,5508284.982,4259064.128571429,4259064.128571429,6213.482028,4866.20052,4866.20052
2025-12-26,MOALPHA50,INF247L01FR8,NSE,50.66,47.92,80600.06,168.49825,81.44,83.95,83.95,264641.15,256327.99857142853,256327.99857142853,360.505268,330.2962542857143,330.2962542857143
2025-12-26,MOGOLD,INF247L01FY4,NSE,136.35,95.85,104138130.6,108754.8633,80.088,77.54142857142857,77.54142857142857,125950642.55999999,133425752.31428568,133425752.31428568,134653.49255,140689.96136428573,140689.96136428573
2025-12-26,MOSILVER,INF247L01FZ1,NSE,225.56,91.58,77054228.28,83830.70023999999,79.75,75.86142857142856,75.86142857142856,83509200.038,84347922.22428572,84347922.22428572,95566.72048,97643.70743714286,97643.70743714286
2025-12-26,MOENERGY,INF247L01GH7,NSE,35.19,90.73,5096497.319999999,5643.61291,98.684,96.87285714285713,96.87285714285713,21029306.867999997,15879608.43142857,15879608.43142857,21217.906934,16091.801995714286,16091.801995714286
2025-12-26,MOIPO,INF247L01GI5,NSE,46.8,99.92,116298.0,116.49231,89.25800000000001,92.32000000000001,92.32000000000001,135603.75,175136.5057142857,175136.5057142857,152.26907,187.36333714285715,187.36333714285715
2025-12-26,MOSERVICE,INF247L01GJ3,NSE,33.81,100.0,217804.02000000002,217.58399,93.988,95.70000000000002,95.70000000000002,47986.036,66836.55285714286,66836.55285714286,48.94801,67.58822428571429,67.58822428571429
2025-12-26,MOMNC,INF247L01GK1,NSE,30.23,100.0,7950.49,7.9465900000000005,98.196,92.58142857142856,92.58142857142856,50907.948,64749.94571428571,64749.94571428571,52.827946,74.78474285714286,74.78474285714286
2025-12-26,BBNPPGOLD,INF251K01SU9,NSE,133.4,75.97,3803634.2,5011.15365,84.6,87.19571428571429,87.19571428571429,7569872.2700000005,6896526.728571429,6896526.728571429,8127.03875,7374.345192857143,7374.345192857143
2025-12-26,NPBET,INF277K010X4,NSE,293.25,79.86,32550.75,40.79867,92.994,94.94428571428571,94.94428571428571,63769.33999999999,70795.95999999999,70795.95999999999,67.519726,73.55012285714285,73.55012285714285
2025-12-26,TATAGOLD,INF277KA1976,NSE,13.46,60.24,672239483.08,1111253.76636,53.664,53.958571428571425,53.958571428571425,458845102.362,457445316.5628571,457445316.5628571,852115.0851200002,845554.6686028572,845554.6686028572
2025-12-26,TATSILV,INF277KA1984,NSE,22.44,55.27,2162127188.76,3872913.63442,55.834,50.83571428571429,50.83571428571429,920044294.4360001,796035100.4228573,796035100.4228573,1622347.857208,1521031.1596342858,1521031.1596342858
2025-12-26,CHOICEGOLD,INF2KCX01012,NSE,136.89,47.18,1950682.4999999998,4134.0865,46.286,46.059999999999995,46.059999999999995,1536211.15,2151991.3728571427,2151991.3728571427,3625.080384,4969.86927,4969.86927
2025-12-26,PSUBANK,INF373I01023,NSE,827.26,83.78,17577620.48,20972.735129999997,56.45399999999999,56.91571428571428,56.91571428571428,3907129.424,6324400.447142856,6324400.447142856,6825.182282,10605.048435714285,10605.048435714285
2025-12-26,LICMFGOLD,INF397L01554,NSE,12485.1,71.22,53823266.1,75399.4285,63.894000000000005,64.83428571428571,64.83428571428571,29428643.190000005,28903198.95,28903198.95,42891.572720000004,42213.35324285714,42213.35324285714
2025-12-26,GOLD360,INF579M01BB5,NSE,136.3,89.82,38481715.300000004,42457.8419,77.206,79.0457142857143,79.0457142857143,13769079.8,24506247.785714287,24506247.785714287,15545.199620000003,26827.25675714286,26827.25675714286
2025-12-26,SILVER360,INF579M01BC3,NSE,221.48,74.1,94214491.28,126526.71505,76.328,72.04571428571428,72.04571428571428,32395003.588,31477695.202857144,31477695.202857144,39032.494226,38484.518708571435,38484.518708571435
2025-12-26,UNIONGOLD,INF582M01KS4,NSE,135.2,96.61,1775311.2,1835.88925,92.974,93.21285714285715,93.21285714285715,4660950.34,10425917.0,10425917.0,4751.65979,11055.802092857144,11055.802092857144
2025-12-26,GROWWEV,INF666M01IH2,NSE,31.17,84.22,4863642.12,5793.298070000001,80.84,79.54285714285716,79.54285714285716,4913141.257999999,4765683.228571428,4765683.228571428,5900.410562,5746.408831428571,5746.408831428571
2025-12-26,GROWWDEFNC,INF666M01IO8,NSE,77.85,59.33,17531508.599999998,29787.1394,56.224000000000004,64.66571428571429,64.66571428571429,12893804.418,12145578.570000002,12145578.570000002,24286.437166,20777.93442142857,20777.93442142857
2025-12-26,GROWWLIQID,INF666M01IP5,NSE,107.22,87.26,52934942.88,60667.26247,57.74399999999999,58.77571428571428,58.77571428571428,8022662.367999999,10053827.98,10053827.98,13892.70381,16231.323425714287,16231.323425714287
2025-12-26,GROWWGOLD,INF666M01IW1,NSE,134.75,54.94,38339743.75,69858.39528,50.19799999999999,50.81571428571429,50.81571428571429,37667245.344,36611419.02857143,36611419.02857143,74131.90355,71602.12778428571,71602.12778428571
2025-12-26,GROWWRAIL,INF666M01JJ6,NSE,36.29,77.53,199683547.6,256374.42288,69.75399999999999,72.41571428571429,72.41571428571429,27787234.578,22040650.31857143,22040650.31857143,38349.103683999994,30114.59289,30114.59289
2025-12-26,GROWWN200,INF666M01JV1,NSE,11.74,68.55,292372.96,426.56998,67.076,69.91,69.91,511796.6459999999,468316.10142857133,468316.10142857133,764.8041780000001,686.8069528571428,686.8069528571428
2025-12-26,GROWWMOM50,INF666M01KJ4,NSE,10.69,68.25,1903311.74,2800.3618300000003,63.974000000000004,63.91857142857144,63.91857142857144,971709.3280000001,969679.24,969679.24,1597.670574,1573.2331228571427,1573.2331228571427
2025-12-26,GROWWSLVR,INF666M01LA1,NSE,231.27,39.14,213842417.88,536185.4359800001,50.513999999999996,49.89714285714285,49.89714285714285,71047563.442,66035074.18142857,66035074.18142857,138814.154316,130374.88000857142,130374.88000857142
2025-12-26,GROWWLOVOL,INF666M01LB9,NSE,10.74,47.91,137042.4,285.96546,81.922,81.12142857142855,81.12142857142855,151482.212,151613.9714285714,151613.9714285714,179.85306799999998,183.9537542857143,183.9537542857143
2025-12-26,GROWWNET,INF666M01LI4,NSE,10.56,70.52,1288626.24,1831.3693899999998,73.484,73.11142857142856,73.11142857142856,970550.394,1451395.0357142857,1451395.0357142857,1341.2199580000001,1999.532862857143,1999.532862857143
2025-12-26,GROWWPOWER,INF666M01LM6,NSE,9.78,92.05,5683197.119999999,6199.24129,88.40199999999999,91.08,91.08,31970481.944,28358770.23142857,28358770.23142857,32981.42904,29218.97300571429,29218.97300571429
2025-12-26,GROWWNXT50,INF666M01LZ8,NSE,69.18,75.46,506051.70000000007,671.14755,58.774,56.07714285714286,56.07714285714286,509410.072,439840.3185714285,439840.3185714285,881.1079240000001,817.7410214285716,817.7410214285716
2025-12-26,GROWWCAPM,INF666M01MM4,NSE,9.94,76.93,2102826.88,2725.39203,68.994,70.75571428571428,70.75571428571428,2700312.2,2385234.475714286,2385234.475714286,4254.749989999999,3647.8056585714285,3647.8056585714285
2025-12-26,GROWWRLTY,INF666M01MN2,NSE,9.92,87.95,1062184.0,1211.30112,79.85799999999999,82.47571428571428,82.47571428571428,488494.18000000005,498314.60428571433,498314.60428571433,626.8350979999999,615.9026371428571,615.9026371428571
2025-12-26,GROWWSC250,INF666M01MO0,NSE,9.57,68.76,836159.61,1217.33617,77.15799999999999,78.43857142857142,78.43857142857142,736489.3539999999,797192.1414285713,797192.1414285713,962.484446,1020.6900057142857,1020.6900057142857
2025-12-26,GROWWMC150,INF666M01MV5,NSE,221.6,56.39,304921.6,542.7342600000001,88.88199999999999,89.70857142857143,89.70857142857143,302202.736,265921.02142857143,265921.02142857143,336.407104,296.3465885714286,296.3465885714286
2025-12-26,GROWWMETAL,INF666M01NI0,NSE,10.27,77.51,6222613.54,8033.48179,92.715,92.715,92.715,10957038.405000001,10957038.405000001,10957038.405000001,11843.12651,11843.12651,11843.12651
2025-12-26,JUNIORBEES,INF732E01045,NSE,741.46,56.63,109770187.16000001,194176.46576,61.62800000000001,61.81142857142858,61.81142857142858,120891474.06400001,113421556.94857144,113421556.94857144,193534.374616,181722.0095242857,181722.0095242857
2025-12-26,SHARIABEES,INF732E01128,NSE,519.06,65.76,2713645.6799999997,4126.66602,79.86800000000001,76.36428571428573,76.36428571428573,4262167.646,3401600.5171428574,3401600.5171428574,4955.9214919999995,4069.9172414285713,4069.9172414285713
2025-12-26,INFRABEES,INF732E01268,NSE,985.55,59.63,4457642.649999999,7480.54984,62.418000000000006,57.59857142857144,57.59857142857144,6817305.974000001,5902199.53857143,5902199.53857143,10304.446712,9712.071334285716,9712.071334285716
2025-12-26,EQUAL50ADD,INF740KA1QK2,NSE,343.78,92.41,694779.3799999999,752.76212,91.68199999999999,88.50285714285714,88.50285714285714,156362610.752,111975491.69714285,111975491.69714285,158454.12854,113548.83738571429,113548.83738571429
2025-12-26,MIDQ50ADD,INF740KA1QL0,NSE,247.42,66.57,624735.5,940.51734,76.926,80.38857142857144,80.38857142857144,6682640.456000001,4910635.577142858,4910635.577142858,7031.364420000001,5172.777965714287,5172.777965714287
2025-12-26,SILVERADD,INF740KA1RE3,NSE,220.33,53.83,107625256.09,199193.74467,66.03,63.71142857142856,63.71142857142856,94269508.65799999,89522359.49,89522359.49,143936.333874,138636.54718285715,138636.54718285715
2025-12-23,D1246267RG,INF740KA1RF0,BSE,7.55,0.0,0.0,0.671,0.0,0.0,0.0,0.0,0.0,0.0,0.671,0.671,0.671
2025-12-26,BANKADD,INF740KA1RX3,NSE,60.18,97.24,2302847.88,2371.33343,73.502,77.30142857142857,77.30142857142857,100181.868,110676.01714285715,110676.01714285715,132.12904,141.55255142857143,141.55255142857143
2025-12-26,GOLDADD,INF740KA1SW3,NSE,134.19,84.06,63264546.449999996,75135.26169,90.798,89.42714285714285,89.42714285714285,53107732.536,49445697.87714286,49445697.87714286,58597.506700000005,55574.89946285715,55574.89946285715
2025-12-26,ITADD,INF740KA1SX1,NSE,40.33,87.98,425763.81,484.66555,82.284,84.82571428571428,84.82571428571428,940615.116,948071.5057142858,948071.5057142858,1180.304012,1140.6059642857142,1140.6059642857142
2025-12-26,PSUBANKADD,INF740KA1SY9,NSE,83.36,75.44,1421204.64,1882.1461100000001,78.126,83.14571428571428,83.14571428571428,1754703.6299999997,6188863.835714285,6188863.835714285,2143.147756,6494.358995714285,6494.358995714285
2025-12-26,PVTBANKADD,INF740KA1TA7,NSE,28.72,79.22,106292.72,134.3941,70.438,77.59,77.59,263756.406,4364186.232857143,4364186.232857143,372.94307200000003,4498.067781428572,4498.067781428572
2025-12-26,HEALTHADD,INF740KA1UF4,NSE,148.09,97.67,18659.34,19.14644,88.77399999999999,89.24857142857142,89.24857142857142,189556.548,206665.24857142856,206665.24857142856,207.02991199999997,230.2243214285714,230.2243214285714
2025-12-26,TOP10ADD,INF740KA1UR9,NSE,101.91,97.9,64020269.64,65419.092560000005,76.85999999999999,74.62142857142855,74.62142857142855,8446549.688000001,13089439.440000001,13089439.440000001,10548.473699999999,17304.722461428573,17304.722461428573
2025-12-26,NEXT30ADD,INF740KA1VE5,NSE,40.5,99.08,69579.0,70.35605,81.73800000000001,70.53857142857143,70.53857142857143,2299380.492,1693897.8928571432,1693897.8928571432,2359.7783560000003,1851.2426642857147,1851.2426642857147
2025-12-26,FLEXIADD,INF740KA1WU9,NSE,10.74,51.1,900012.0,1763.91774,71.008,75.69571428571427,75.69571428571427,942139.5880000001,1123085.3728571427,1123085.3728571427,1340.838074,1476.1801828571429,1476.1801828571429
2025-12-26,MSCIADD,INF740KA1WV7,NSE,30.67,99.77,13218.77,13.281600000000001,91.16799999999999,88.61714285714285,88.61714285714285,83343.774,91297.49285714285,91297.49285714285,90.59184400000001,108.99184000000001,108.99184000000001
2025-12-26,MIDCAPADD,INF740KA1WW5,NSE,22.24,100.0,19215.359999999997,19.24028,88.654,88.654,88.654,71214.50599999998,71214.50599999998,71214.50599999998,84.21919399999999,84.21919399999999,84.21919399999999
2025-12-26,SMALLADD,INF740KA1WX3,NSE,16.66,82.62,26206.18,31.74677,61.056,61.056,61.056,323247.62,323247.62,323247.62,590.9349619999999,590.9349619999999,590.9349619999999
2025-12-26,EGOLD,INF754K01SE6,NSE,138.1,98.71,280860875.0,284473.81139999995,98.018,98.10285714285715,98.10285714285715,126903788.5,124475508.6642857,124475508.6642857,129352.02023,126812.60695714285,126812.60695714285
2025-12-26,ESILVER,INF754K01SF3,NSE,227.68,55.0,18872395.2,34248.81247,59.962,65.43285714285715,65.43285714285715,47235291.55,47508282.02428571,47508282.02428571,72732.756642,68920.03102714286,68920.03102714286
2025-12-26,EMULTIMQ,INF754K01TF1,NSE,41.75,91.3,1923631.25,2114.2725800000003,82.44200000000001,84.80857142857143,84.80857142857143,8789477.622,6830894.538571428,6830894.538571428,9057.863632,7059.706082857143,7059.706082857143
2025-12-26,ECAPINSURE,INF754K01TX4,NSE,24.06,74.34,1273158.96,1711.8366899999999,81.14599999999999,86.14285714285714,86.14285714285714,1171675.7880000002,1274257.8057142857,1274257.8057142857,1367.074598,1420.0094585714287,1420.0094585714287
2025-12-26,ELM250,INF754K01VV4,NSE,16.82,99.82,401964.36,403.00246000000004,88.326,83.77714285714285,83.77714285714285,2198460.432,1634359.3257142857,1634359.3257142857,2240.699706,1689.4982242857143,1689.4982242857143
2025-12-26,LICNFNHGP,INF767K01PC8,NSE,290.53,89.2,45613.21,51.173190000000005,79.15,80.48,80.48,102710.414,88149.89428571428,88149.89428571428,143.83744800000002,120.18847571428572,120.18847571428572
2025-12-26,LICNMID100,INF767K01RN1,NSE,60.45,88.7,673413.0,764.75038,75.852,80.25714285714285,80.25714285714285,276355.486,252599.51285714286,252599.51285714286,359.240212,318.58329428571426,318.58329428571426
2025-12-26,NEXT50,INF769K01FN2,NSE,707.59,81.08,7433232.95,9174.04603,74.418,77.45428571428572,77.45428571428572,6819245.3780000005,5939425.0200000005,5939425.0200000005,9355.615434000001,7941.679861428572,7941.679861428572
2025-12-26,ESG,INF769K01GS9,NSE,44.37,99.97,295016.13,295.26407,67.118,68.07285714285715,68.07285714285715,205120.46600000001,194477.91714285716,194477.91714285716,351.00573399999996,318.8877614285714,318.8877614285714
2025-12-26,MAFANG,INF769K01HF4,NSE,170.24,100.0,21236929.28,21236.92928,99.51599999999999,98.49999999999999,98.49999999999999,46377105.298,42695024.455714285,42695024.455714285,46719.570654,43268.24681857143,43268.24681857143
2025-12-26,BFSI,INF769K01HI8,NSE,28.37,75.64,2165255.14,2864.92132,72.298,77.3457142857143,77.3457142857143,5204186.212,5157258.962857143,5157258.962857143,7355.973792,6854.878658571428,6854.878658571428
2025-12-26,MASPTOP50,INF769K01HP3,NSE,72.31,100.0,6605518.5,6605.5185,97.24799999999999,96.93714285714285,96.93714285714285,9099772.790000001,7934270.894285714,7934270.894285714,9596.222023999999,8362.236837142857,8362.236837142857
2025-12-26,MAHKTECH,INF769K01HS7,NSE,25.42,100.0,14562024.940000001,14562.02494,98.986,95.60285714285715,95.60285714285715,11587458.708,14771620.737142857,14771620.737142857,11812.24036,16211.149371428573,16211.149371428573
2025-12-26,MAKEINDIA,INF769K01IB1,NSE,154.63,70.97,1132200.8599999999,1598.02064,77.42399999999999,77.31714285714284,77.31714285714284,2145344.4799999995,1723628.3657142855,1723628.3657142855,2653.3102559999998,2143.218587142857,2143.218587142857
2025-12-26,LOWVOL,INF769K01JU9,NSE,215.78,100.0,383225.28,383.31169,76.034,79.7757142857143,79.7757142857143,270286.02800000005,260510.60571428572,260510.60571428572,358.93542399999995,325.99267,325.99267
2025-12-26,GSEC10YEAR,INF769K01KF8,NSE,29.64,58.74,146569.8,249.76175,84.91199999999999,82.82142857142856,82.82142857142856,106821.476,104123.08857142857,104123.08857142857,116.53177000000001,120.40254,120.40254
2025-12-26,SILVERAG,INF769K01KG6,NSE,222.82,74.32,122732152.66,164657.18362,67.57000000000001,64.4042857142857,64.4042857142857,91185726.142,86331288.47285715,86331288.47285715,135794.840344,136065.92235142857,136065.92235142857
2025-12-26,SMALLCAP,INF769K01LC3,NSE,44.46,58.72,30231110.52,51605.65508,60.222,60.16428571428571,60.16428571428571,38167555.654,37384236.46428572,37384236.46428572,63844.804992000005,62668.26836285715,62668.26836285715
2025-12-26,MIDSMALL,INF769K01LJ8,NSE,48.09,68.69,9100984.41,13288.18538,70.90400000000001,73.46000000000001,73.46000000000001,7531873.816,7860166.665714285,7860166.665714285,10802.079492,10971.188065714286,10971.188065714286
2025-12-26,EVINDIA,INF769K01LQ3,NSE,31.32,72.42,3746905.56,5192.99926,74.572,72.38285714285715,72.38285714285715,6166974.946,5089621.504285715,5089621.504285715,12627.398806000001,10057.432637142858,10057.432637142858
2025-12-26,MULTICAP,INF769K01LX9,NSE,16.53,89.03,1583160.75,1780.01921,83.95,85.59142857142857,85.59142857142857,3813580.3740000003,3991955.998571429,3991955.998571429,4137.174024,4378.963568571428,4378.963568571428
2025-12-26,METAL,INF769K01LY7,NSE,10.85,87.46,26538427.3,30330.414670000002,64.928,57.32714285714285,57.32714285714285,15117377.226,16381696.717142856,16381696.717142856,22675.664534,34965.809474285714,34965.809474285714
2025-12-26,BANKPSU,INF769K01LZ4,NSE,83.23,78.66,499962.61000000004,635.60213,66.50399999999999,66.60571428571428,66.60571428571428,1276331.8339999998,1155598.42,1155598.42,1687.1585200000002,1604.9189957142858,1604.9189957142858
2025-12-26,CONSUMER,INF769K01NS5,NSE,11.87,86.05,2883044.9499999997,3351.58103,74.454,79.89142857142858,79.89142857142858,1207320.498,1349610.9014285712,1349610.9014285712,1544.8579140000002,1622.2007085714288,1622.2007085714288
2025-12-26,EQUAL200,INF769K01OA1,NSE,13.44,98.8,1767964.8,1786.8264299999998,77.99199999999999,82.86571428571428,82.86571428571428,162900.85,371462.73999999993,371462.73999999993,201.64428800000002,404.5477814285714,404.5477814285714
2025-12-26,SELECTIPO,INF769K01ON4,NSE,46.22,65.0,980927.0599999999,1521.40626,78.076,81.39714285714285,81.39714285714285,451816.502,481703.57285714283,481703.57285714283,555.5822700000001,583.8779357142857,583.8779357142857
2025-12-26,EQUAL50,INF769K01OO2,NSE,333.85,87.36,154572.55000000002,176.85004,77.51599999999999,83.64999999999999,83.64999999999999,198194.76599999997,167000.49571428567,167000.49571428567,236.41043000000005,194.60277000000002,194.60277000000002
2025-12-26,INTERNET,INF769K01PB6,NSE,14.23,92.43,377393.83,409.13321,67.44199999999998,73.59714285714286,73.59714285714286,438634.138,1040657.3128571428,1040657.3128571428,646.43009,1317.9353942857142,1317.9353942857142
2025-12-26,SMALL250,INF769K01PQ4,NSE,16.58,86.91,3411699.76,3933.19571,82.22,84.73142857142857,84.73142857142857,2747548.0439999993,2380831.1171428566,2380831.1171428566,3119.2174499999996,2679.6286128571433,2679.6286128571433
2025-12-26,ENERGY,INF769K01PR2,NSE,35.04,98.84,177363124.32,180449.92509,87.82000000000001,89.17142857142858,89.17142857142858,4382526.864,3333896.4800000004,3333896.4800000004,5035.238296,3817.4809714285716,3817.4809714285716
2025-12-26,DIVIDEND,INF769K01PY8,NSE,36.16,81.05,96800.31999999999,119.56874,89.11500000000001,89.11500000000001,89.11500000000001,459768.20999999996,459768.20999999996,459768.20999999996,520.18369,520.18369,520.18369
2025-12-26,TOP20,INF769K01PZ5,NSE,9.67,100.0,313801.17,313.90408,87.8025,87.8025,87.8025,300012.48500000004,300012.48500000004,300012.48500000004,347.53726500000005,347.53726500000005,347.53726500000005
2025-12-24,UTCRFS2DGR,INF789F1ARF0,BSE,106.99,0.0,0.0,5.832,0.0,0.0,0.0,0.0,0.0,0.0,8.341000000000001,8.341000000000001,8.341000000000001
2025-12-24,UTCRFS2RGR,INF789F1ARQ7,BSE,6.6,0.0,0.0,0.006,0.0,0.0,0.0,0.0,0.0,0.0,0.25166666666666665,0.25166666666666665,0.25166666666666665
2025-12-23,UTISXN50,INF789F1AUU3,NSE,93.15,67.95,302737.5,446.68653,84.038,84.038,84.038,353348.07999999996,353348.07999999996,353348.07999999996,419.5782080000001,419.5782080000001,419.5782080000001
2025-12-26,SNXT50BETA,INF789F1AUU3,NSE,92.91,90.07,144939.6,161.23038,86.42,86.42,86.42,189787.29,189787.29,189787.29,220.10395,220.10395,220.10395
2025-12-26,BANKBETA,INF789F1AUV1,NSE,60.85,69.82,1073454.85,1537.3346000000001,74.67,74.67,74.67,604380.2000000001,604380.2000000001,604380.2000000001,811.0872099999999,811.0872099999999,811.0872099999999
2025-12-23,UTINEXT50,INF789F1AUW9,NSE,73.92,74.0,14263603.200000001,19343.61454,62.907999999999994,62.907999999999994,62.907999999999994,3611939.622,3611939.622,3611939.622,5096.456864,5096.456864,5096.456864
2025-12-26,NEXT50BETA,INF789F1AUW9,NSE,73.88,46.39,1664811.92,3597.51575,57.47,57.47,57.47,2751817.1199999996,2751817.1199999996,2751817.1199999996,4800.47044,4800.47044,4800.47044
2025-12-23,GOLDSHARE,INF789F1AUX7,NSE,114.9,71.74,98648199.30000001,137583.80975,77.376,77.376,77.376,94335774.46000001,94335774.46000001,94335774.46000001,121957.41034000002,121957.41034000002,121957.41034000002
2025-12-26,GOLDBETA,INF789F1AUX7,NSE,116.1,71.01,76562028.89999999,107620.1148,80.42,80.42,80.42,140896281.6,140896281.6,140896281.6,175055.67665,175055.67665,175055.67665
2025-12-26,SILVERBETA,INF789F1AYK6,NSE,221.92,55.2,344803761.59999996,619942.92014,50.4,50.4,50.4,233955509.76000002,233955509.76000002,233955509.76000002,463151.57551999995,463151.57551999995,463151.57551999995
2025-12-23,NIFMID150,INF789F1AYX9,NSE,224.96,88.07,4590083.84,5224.71959,83.158,83.158,83.158,1067498.482,1067498.482,1067498.482,1195.233756,1195.233756,1195.233756
2025-12-26,MIDCAPBETA,INF789F1AYX9,NSE,222.45,77.27,220003.05,287.41098999999997,84.42,84.42,84.42,582285.87,582285.87,582285.87,691.40735,691.40735,691.40735
2025-12-26,ITBETA,INF789F1AZD8,NSE,401.25,81.09,221891.25,273.54305,68.6,68.6,68.6,291767.07,291767.07,291767.07,423.53896999999995,423.53896999999995,423.53896999999995
2025-12-26,GILT5BETA,INF789F1AZE6,NSE,63.12,97.92,17862.96,18.27191,66.67,66.67,66.67,254.84,254.84,254.84,0.3831,0.3831,0.3831
2025-12-26,GILT10BETA,INF789F1AZF3,NSE,26.0,87.7,144092.0,163.7876,90.82,90.82,90.82,78623.01999999999,78623.01999999999,78623.01999999999,86.45724,86.45724,86.45724
2025-12-26,AXISILVER,INF846K011K1,NSE,227.35,62.11,214717751.95,343540.55932999996,67.908,64.03428571428573,64.03428571428573,241420530.114,210780295.39857143,210780295.39857143,351630.656034,319207.6272014286,319207.6272014286
2025-12-26,AXISGOLD,INF846K01W80,NSE,115.15,89.24,313822785.85,351764.63657,82.81199999999998,79.73714285714286,79.73714285714286,282031928.062,243945860.31285715,243945860.31285715,322551.095064,287566.3709942857,287566.3709942857
2025-12-26,AXISVALUE,INF846KA1119,NSE,31.01,77.33,1046897.6000000001,1354.3818899999999,76.018,75.77142857142857,75.77142857142857,1194769.866,997682.5442857144,997682.5442857144,1387.79752,1186.42117,1186.42117
